order_id,order_date,order_timestamp,sku,product_name,category,region,unit_price,quantity,discount_pct,gross_amount,net_amount
ORD-20260604-0000,2026-06-04,2026-06-04 07:38:00,SKU-1003,Notebook Set,Stationery,Unknown,249,1,0.0,249,249.0
ORD-20260604-0001,2026-06-04,2026-06-04 06:35:00,SKU-1009,Phone Case,Accessories,West,299,1,5.0,299,284.05
ORD-20260604-0002,2026-06-04,2026-06-04 17:43:00,SKU-1006,Yoga Mat,Fitness,Unknown,599,1,5.0,599,569.05
ORD-20260604-0003,2026-06-04,2026-06-04 18:48:00,SKU-1002,Bluetooth Speaker,Electronics,North,1999,1,15.0,1999,1699.15
ORD-20260604-0004,2026-06-04,2026-06-04 10:39:00,SKU-1006,Yoga Mat,Fitness,West,599,2,0.0,1198,1198.0
ORD-20260604-0005,2026-06-04,2026-06-04 08:28:00,SKU-1009,Phone Case,Accessories,West,299,1,5.0,299,284.05
ORD-20260604-0006,2026-06-04,2026-06-04 15:20:00,SKU-1006,Yoga Mat,Fitness,East,599,2,0.0,1198,1198.0
ORD-20260604-0007,2026-06-04,2026-06-04 22:51:00,SKU-1001,Wireless Mouse,Electronics,East,799,1,0.0,799,799.0
ORD-20260604-0008,2026-06-04,2026-06-04 11:15:00,SKU-1007,Water Bottle,Fitness,South,349,2,15.0,698,593.3
ORD-20260604-0009,2026-06-04,2026-06-04 00:31:00,SKU-1005,LED Desk Lamp,Furniture,West,899,2,0.0,1798,1798.0
ORD-20260604-0010,2026-06-04,2026-06-04 00:22:00,SKU-1010,USB-C Cable,Electronics,Central,199,1,0.0,199,199.0
ORD-20260604-0011,2026-06-04,2026-06-04 04:54:00,SKU-1007,Water Bottle,Fitness,North,349,1,0.0,349,349.0
ORD-20260604-0012,2026-06-04,2026-06-04 09:11:00,SKU-1008,Backpack,Accessories,Central,1499,1,5.0,1499,1424.05
ORD-20260604-0013,2026-06-04,2026-06-04 23:10:00,SKU-1009,Phone Case,Accessories,North,299,1,10.0,299,269.1
ORD-20260604-0014,2026-06-04,2026-06-04 07:27:00,SKU-1005,LED Desk Lamp,Furniture,North,899,1,5.0,899,854.05
ORD-20260604-0015,2026-06-04,2026-06-04 20:15:00,SKU-1001,Wireless Mouse,Electronics,West,799,3,0.0,2397,2397.0
ORD-20260604-0016,2026-06-04,2026-06-04 20:09:00,SKU-1007,Water Bottle,Fitness,East,349,1,0.0,349,349.0
ORD-20260604-0017,2026-06-04,2026-06-04 22:26:00,SKU-1002,Bluetooth Speaker,Electronics,Central,1999,2,0.0,3998,3998.0
ORD-20260604-0018,2026-06-04,2026-06-04 05:20:00,SKU-1002,Bluetooth Speaker,Electronics,West,1999,2,15.0,3998,3398.3
ORD-20260604-0019,2026-06-04,2026-06-04 02:34:00,SKU-1009,Phone Case,Accessories,Central,299,1,0.0,299,299.0
ORD-20260604-0020,2026-06-04,2026-06-04 01:12:00,SKU-1002,Bluetooth Speaker,Electronics,East,1999,1,0.0,1999,1999.0
ORD-20260604-0021,2026-06-04,2026-06-04 16:38:00,SKU-1010,USB-C Cable,Electronics,Unknown,199,2,10.0,398,358.2
ORD-20260604-0022,2026-06-04,2026-06-04 21:53:00,SKU-1006,Yoga Mat,Fitness,West,599,2,0.0,1198,1198.0
ORD-20260604-0023,2026-06-04,2026-06-04 16:17:00,SKU-1004,Office Chair,Furniture,East,5499,1,15.0,5499,4674.15
ORD-20260604-0024,2026-06-04,2026-06-04 03:53:00,SKU-1003,Notebook Set,Stationery,Central,249,1,0.0,249,249.0
ORD-20260604-0025,2026-06-04,2026-06-04 10:06:00,SKU-1005,LED Desk Lamp,Furniture,Unknown,899,1,10.0,899,809.1
ORD-20260604-0026,2026-06-04,2026-06-04 17:10:00,SKU-1006,Yoga Mat,Fitness,Central,599,2,5.0,1198,1138.1
ORD-20260604-0027,2026-06-04,2026-06-04 16:56:00,SKU-1008,Backpack,Accessories,South,1499,1,0.0,1499,1499.0
ORD-20260604-0028,2026-06-04,2026-06-04 06:12:00,SKU-1004,Office Chair,Furniture,North,5499,1,0.0,5499,5499.0
ORD-20260604-0029,2026-06-04,2026-06-04 00:17:00,SKU-1002,Bluetooth Speaker,Electronics,Unknown,1999,3,0.0,5997,5997.0
ORD-20260604-0030,2026-06-04,2026-06-04 16:59:00,SKU-1005,LED Desk Lamp,Furniture,North,899,3,5.0,2697,2562.15
ORD-20260604-0031,2026-06-04,2026-06-04 03:01:00,SKU-1001,Wireless Mouse,Electronics,North,799,1,15.0,799,679.15
ORD-20260604-0032,2026-06-04,2026-06-04 01:19:00,SKU-1001,Wireless Mouse,Electronics,North,799,4,0.0,3196,3196.0
ORD-20260604-0033,2026-06-04,2026-06-04 05:03:00,SKU-1002,Bluetooth Speaker,Electronics,West,1999,1,0.0,1999,1999.0
ORD-20260604-0034,2026-06-04,2026-06-04 22:42:00,SKU-1005,LED Desk Lamp,Furniture,Unknown,899,1,0.0,899,899.0
ORD-20260604-0035,2026-06-04,2026-06-04 06:20:00,SKU-1004,Office Chair,Furniture,West,5499,1,10.0,5499,4949.1
ORD-20260604-0036,2026-06-04,2026-06-04 09:14:00,SKU-1003,Notebook Set,Stationery,West,249,1,0.0,249,249.0
ORD-20260604-0037,2026-06-04,2026-06-04 22:16:00,SKU-1007,Water Bottle,Fitness,Central,349,1,15.0,349,296.65
ORD-20260604-0038,2026-06-04,2026-06-04 14:43:00,SKU-1004,Office Chair,Furniture,West,5499,1,0.0,5499,5499.0
ORD-20260604-0039,2026-06-04,2026-06-04 16:07:00,SKU-1010,USB-C Cable,Electronics,Central,199,4,0.0,796,796.0
ORD-20260604-0040,2026-06-04,2026-06-04 03:58:00,SKU-1001,Wireless Mouse,Electronics,Unknown,799,2,5.0,1598,1518.1
ORD-20260604-0041,2026-06-04,2026-06-04 00:41:00,SKU-1006,Yoga Mat,Fitness,West,599,1,0.0,599,599.0
ORD-20260604-0042,2026-06-04,2026-06-04 21:54:00,SKU-1003,Notebook Set,Stationery,South,249,3,0.0,747,747.0
ORD-20260604-0043,2026-06-04,2026-06-04 21:16:00,SKU-1004,Office Chair,Furniture,Central,5499,2,0.0,10998,10998.0
ORD-20260604-0044,2026-06-04,2026-06-04 20:47:00,SKU-1007,Water Bottle,Fitness,North,349,2,0.0,698,698.0
ORD-20260604-0045,2026-06-04,2026-06-04 10:37:00,SKU-1009,Phone Case,Accessories,Central,299,2,0.0,598,598.0
ORD-20260604-0046,2026-06-04,2026-06-04 08:43:00,SKU-1002,Bluetooth Speaker,Electronics,Central,1999,1,0.0,1999,1999.0
ORD-20260604-0047,2026-06-04,2026-06-04 17:44:00,SKU-1007,Water Bottle,Fitness,West,349,2,0.0,698,698.0
ORD-20260604-0048,2026-06-04,2026-06-04 09:44:00,SKU-1003,Notebook Set,Stationery,North,249,3,5.0,747,709.65
ORD-20260605-0000,2026-06-05,2026-06-05 19:53:00,SKU-1005,LED Desk Lamp,Furniture,Unknown,899,2,15.0,1798,1528.3
ORD-20260605-0001,2026-06-05,2026-06-05 04:26:00,SKU-1001,Wireless Mouse,Electronics,Unknown,799,2,0.0,1598,1598.0
ORD-20260605-0002,2026-06-05,2026-06-05 14:58:00,SKU-1007,Water Bottle,Fitness,North,349,2,0.0,698,698.0
ORD-20260605-0003,2026-06-05,2026-06-05 09:43:00,SKU-1010,USB-C Cable,Electronics,Central,199,2,0.0,398,398.0
ORD-20260605-0004,2026-06-05,2026-06-05 04:07:00,SKU-1003,Notebook Set,Stationery,South,249,2,0.0,498,498.0
ORD-20260605-0005,2026-06-05,2026-06-05 00:56:00,SKU-1006,Yoga Mat,Fitness,South,599,2,5.0,1198,1138.1
ORD-20260605-0006,2026-06-05,2026-06-05 03:36:00,SKU-1002,Bluetooth Speaker,Electronics,East,1999,1,10.0,1999,1799.1
ORD-20260605-0007,2026-06-05,2026-06-05 22:08:00,SKU-1001,Wireless Mouse,Electronics,South,799,1,5.0,799,759.05
ORD-20260605-0008,2026-06-05,2026-06-05 20:30:00,SKU-1009,Phone Case,Accessories,Unknown,299,2,0.0,598,598.0
ORD-20260605-0009,2026-06-05,2026-06-05 14:44:00,SKU-1007,Water Bottle,Fitness,North,349,4,0.0,1396,1396.0
ORD-20260605-0010,2026-06-05,2026-06-05 05:49:00,SKU-1010,USB-C Cable,Electronics,North,199,1,0.0,199,199.0
ORD-20260605-0011,2026-06-05,2026-06-05 12:45:00,SKU-1003,Notebook Set,Stationery,North,249,2,15.0,498,423.3
ORD-20260605-0012,2026-06-05,2026-06-05 19:01:00,SKU-1003,Notebook Set,Stationery,West,249,1,0.0,249,249.0
ORD-20260605-0013,2026-06-05,2026-06-05 11:01:00,SKU-1010,USB-C Cable,Electronics,Central,199,1,5.0,199,189.05
ORD-20260605-0014,2026-06-05,2026-06-05 00:53:00,SKU-1009,Phone Case,Accessories,East,299,1,0.0,299,299.0
ORD-20260605-0015,2026-06-05,2026-06-05 07:27:00,SKU-1005,LED Desk Lamp,Furniture,Central,899,1,10.0,899,809.1
ORD-20260605-0016,2026-06-05,2026-06-05 19:56:00,SKU-1002,Bluetooth Speaker,Electronics,South,1999,2,0.0,3998,3998.0
ORD-20260605-0017,2026-06-05,2026-06-05 07:44:00,SKU-1001,Wireless Mouse,Electronics,South,799,2,15.0,1598,1358.3
ORD-20260605-0018,2026-06-05,2026-06-05 01:31:00,SKU-1008,Backpack,Accessories,Unknown,1499,1,5.0,1499,1424.05
ORD-20260605-0019,2026-06-05,2026-06-05 11:27:00,SKU-1001,Wireless Mouse,Electronics,Unknown,799,1,0.0,799,799.0
ORD-20260605-0020,2026-06-05,2026-06-05 20:02:00,SKU-1008,Backpack,Accessories,East,1499,1,0.0,1499,1499.0
ORD-20260605-0021,2026-06-05,2026-06-05 18:11:00,SKU-1009,Phone Case,Accessories,Central,299,2,0.0,598,598.0
ORD-20260605-0022,2026-06-05,2026-06-05 03:00:00,SKU-1008,Backpack,Accessories,East,1499,2,0.0,2998,2998.0
ORD-20260605-0023,2026-06-05,2026-06-05 01:18:00,SKU-1004,Office Chair,Furniture,Central,5499,1,0.0,5499,5499.0
ORD-20260605-0024,2026-06-05,2026-06-05 22:28:00,SKU-1003,Notebook Set,Stationery,East,249,1,10.0,249,224.1
ORD-20260605-0025,2026-06-05,2026-06-05 14:37:00,SKU-1004,Office Chair,Furniture,North,5499,2,0.0,10998,10998.0
ORD-20260605-0026,2026-06-05,2026-06-05 10:49:00,SKU-1001,Wireless Mouse,Electronics,West,799,1,0.0,799,799.0
ORD-20260605-0027,2026-06-05,2026-06-05 10:07:00,SKU-1004,Office Chair,Furniture,East,5499,4,10.0,21996,19796.4
ORD-20260605-0028,2026-06-05,2026-06-05 19:16:00,SKU-1010,USB-C Cable,Electronics,East,199,1,5.0,199,189.05
ORD-20260605-0029,2026-06-05,2026-06-05 07:22:00,SKU-1002,Bluetooth Speaker,Electronics,North,1999,3,0.0,5997,5997.0
ORD-20260605-0030,2026-06-05,2026-06-05 09:24:00,SKU-1001,Wireless Mouse,Electronics,North,799,1,0.0,799,799.0
ORD-20260605-0031,2026-06-05,2026-06-05 11:56:00,SKU-1001,Wireless Mouse,Electronics,East,799,2,0.0,1598,1598.0
ORD-20260605-0032,2026-06-05,2026-06-05 01:37:00,SKU-1004,Office Chair,Furniture,North,5499,3,0.0,16497,16497.0
ORD-20260605-0033,2026-06-05,2026-06-05 11:53:00,SKU-1009,Phone Case,Accessories,East,299,3,0.0,897,897.0
ORD-20260605-0034,2026-06-05,2026-06-05 17:56:00,SKU-1010,USB-C Cable,Electronics,North,199,2,10.0,398,358.2
ORD-20260605-0035,2026-06-05,2026-06-05 02:48:00,SKU-1003,Notebook Set,Stationery,East,249,1,0.0,249,249.0
ORD-20260605-0036,2026-06-05,2026-06-05 17:30:00,SKU-1005,LED Desk Lamp,Furniture,East,899,1,10.0,899,809.1
ORD-20260605-0037,2026-06-05,2026-06-05 21:49:00,SKU-1004,Office Chair,Furniture,North,5499,1,10.0,5499,4949.1
ORD-20260605-0038,2026-06-05,2026-06-05 13:23:00,SKU-1002,Bluetooth Speaker,Electronics,East,1999,1,10.0,1999,1799.1
ORD-20260605-0039,2026-06-05,2026-06-05 17:32:00,SKU-1010,USB-C Cable,Electronics,Central,199,2,10.0,398,358.2
ORD-20260605-0040,2026-06-05,2026-06-05 12:49:00,SKU-1004,Office Chair,Furniture,Unknown,5499,2,0.0,10998,10998.0
ORD-20260605-0041,2026-06-05,2026-06-05 08:57:00,SKU-1009,Phone Case,Accessories,East,299,1,0.0,299,299.0
ORD-20260605-0042,2026-06-05,2026-06-05 21:24:00,SKU-1003,Notebook Set,Stationery,South,249,1,5.0,249,236.55
ORD-20260605-0043,2026-06-05,2026-06-05 05:54:00,SKU-1002,Bluetooth Speaker,Electronics,West,1999,1,0.0,1999,1999.0
ORD-20260605-0044,2026-06-05,2026-06-05 23:55:00,SKU-1002,Bluetooth Speaker,Electronics,Unknown,1999,1,0.0,1999,1999.0
ORD-20260605-0045,2026-06-05,2026-06-05 05:28:00,SKU-1005,LED Desk Lamp,Furniture,Unknown,899,3,10.0,2697,2427.3
ORD-20260605-0046,2026-06-05,2026-06-05 08:59:00,SKU-1004,Office Chair,Furniture,West,5499,2,0.0,10998,10998.0
ORD-20260605-0047,2026-06-05,2026-06-05 14:23:00,SKU-1002,Bluetooth Speaker,Electronics,South,1999,3,5.0,5997,5697.15
ORD-20260605-0048,2026-06-05,2026-06-05 13:52:00,SKU-1008,Backpack,Accessories,West,1499,1,0.0,1499,1499.0
ORD-20260605-0049,2026-06-05,2026-06-05 19:08:00,SKU-1008,Backpack,Accessories,East,1499,2,0.0,2998,2998.0
ORD-20260605-0050,2026-06-05,2026-06-05 00:10:00,SKU-1006,Yoga Mat,Fitness,South,599,1,0.0,599,599.0
ORD-20260605-0051,2026-06-05,2026-06-05 21:00:00,SKU-1004,Office Chair,Furniture,East,5499,1,15.0,5499,4674.15
ORD-20260605-0052,2026-06-05,2026-06-05 02:34:00,SKU-1008,Backpack,Accessories,Unknown,1499,1,0.0,1499,1499.0
ORD-20260605-0053,2026-06-05,2026-06-05 19:48:00,SKU-1007,Water Bottle,Fitness,West,349,2,15.0,698,593.3
ORD-20260605-0054,2026-06-05,2026-06-05 04:40:00,SKU-1004,Office Chair,Furniture,Unknown,5499,2,10.0,10998,9898.2
ORD-20260605-0055,2026-06-05,2026-06-05 20:59:00,SKU-1008,Backpack,Accessories,North,1499,1,0.0,1499,1499.0
ORD-20260605-0056,2026-06-05,2026-06-05 22:05:00,SKU-1009,Phone Case,Accessories,South,299,1,5.0,299,284.05
ORD-20260605-0057,2026-06-05,2026-06-05 09:40:00,SKU-1002,Bluetooth Speaker,Electronics,North,1999,1,0.0,1999,1999.0
ORD-20260605-0058,2026-06-05,2026-06-05 07:51:00,SKU-1004,Office Chair,Furniture,Central,5499,3,15.0,16497,14022.45
ORD-20260605-0059,2026-06-05,2026-06-05 00:15:00,SKU-1010,USB-C Cable,Electronics,South,199,2,0.0,398,398.0
ORD-20260605-0060,2026-06-05,2026-06-05 04:22:00,SKU-1003,Notebook Set,Stationery,North,249,1,0.0,249,249.0
ORD-20260605-0061,2026-06-05,2026-06-05 16:48:00,SKU-1006,Yoga Mat,Fitness,Unknown,599,1,0.0,599,599.0
ORD-20260605-0062,2026-06-05,2026-06-05 00:06:00,SKU-1010,USB-C Cable,Electronics,West,199,1,0.0,199,199.0
ORD-20260605-0063,2026-06-05,2026-06-05 09:45:00,SKU-1010,USB-C Cable,Electronics,South,199,1,15.0,199,169.15
ORD-20260605-0064,2026-06-05,2026-06-05 17:11:00,SKU-1008,Backpack,Accessories,North,1499,3,0.0,4497,4497.0
ORD-20260605-0065,2026-06-05,2026-06-05 02:37:00,SKU-1001,Wireless Mouse,Electronics,Central,799,2,15.0,1598,1358.3
ORD-20260605-0066,2026-06-05,2026-06-05 20:58:00,SKU-1003,Notebook Set,Stationery,Unknown,249,1,15.0,249,211.65
ORD-20260605-0067,2026-06-05,2026-06-05 09:55:00,SKU-1005,LED Desk Lamp,Furniture,East,899,1,0.0,899,899.0
ORD-20260605-0068,2026-06-05,2026-06-05 01:42:00,SKU-1007,Water Bottle,Fitness,East,349,2,0.0,698,698.0
ORD-20260605-0069,2026-06-05,2026-06-05 04:57:00,SKU-1005,LED Desk Lamp,Furniture,South,899,1,15.0,899,764.15
ORD-20260605-0070,2026-06-05,2026-06-05 21:47:00,SKU-1005,LED Desk Lamp,Furniture,Unknown,899,1,0.0,899,899.0
ORD-20260605-0071,2026-06-05,2026-06-05 21:50:00,SKU-1005,LED Desk Lamp,Furniture,North,899,3,5.0,2697,2562.15
ORD-20260605-0072,2026-06-05,2026-06-05 08:29:00,SKU-1003,Notebook Set,Stationery,Unknown,249,2,0.0,498,498.0
ORD-20260605-0073,2026-06-05,2026-06-05 12:27:00,SKU-1007,Water Bottle,Fitness,East,349,1,5.0,349,331.55
ORD-20260605-0074,2026-06-05,2026-06-05 13:15:00,SKU-1004,Office Chair,Furniture,West,5499,1,15.0,5499,4674.15
ORD-20260605-0075,2026-06-05,2026-06-05 23:52:00,SKU-1001,Wireless Mouse,Electronics,North,799,1,0.0,799,799.0
ORD-20260605-0076,2026-06-05,2026-06-05 05:48:00,SKU-1001,Wireless Mouse,Electronics,Central,799,2,0.0,1598,1598.0
ORD-20260605-0077,2026-06-05,2026-06-05 20:53:00,SKU-1004,Office Chair,Furniture,Central,5499,4,0.0,21996,21996.0
ORD-20260605-0078,2026-06-05,2026-06-05 01:15:00,SKU-1010,USB-C Cable,Electronics,Unknown,199,2,0.0,398,398.0
ORD-20260605-0079,2026-06-05,2026-06-05 13:01:00,SKU-1001,Wireless Mouse,Electronics,Unknown,799,2,15.0,1598,1358.3
ORD-20260605-0080,2026-06-05,2026-06-05 07:15:00,SKU-1009,Phone Case,Accessories,West,299,1,0.0,299,299.0
ORD-20260605-0081,2026-06-05,2026-06-05 15:10:00,SKU-1006,Yoga Mat,Fitness,Central,599,1,15.0,599,509.15
ORD-20260605-0082,2026-06-05,2026-06-05 22:17:00,SKU-1005,LED Desk Lamp,Furniture,Unknown,899,2,5.0,1798,1708.1
ORD-20260605-0083,2026-06-05,2026-06-05 12:39:00,SKU-1005,LED Desk Lamp,Furniture,North,899,2,5.0,1798,1708.1
ORD-20260605-0084,2026-06-05,2026-06-05 08:27:00,SKU-1010,USB-C Cable,Electronics,Central,199,1,0.0,199,199.0
ORD-20260605-0085,2026-06-05,2026-06-05 16:04:00,SKU-1006,Yoga Mat,Fitness,East,599,1,15.0,599,509.15
ORD-20260605-0086,2026-06-05,2026-06-05 09:38:00,SKU-1002,Bluetooth Speaker,Electronics,South,1999,1,0.0,1999,1999.0
ORD-20260605-0087,2026-06-05,2026-06-05 17:12:00,SKU-1006,Yoga Mat,Fitness,East,599,2,10.0,1198,1078.2
ORD-20260605-0088,2026-06-05,2026-06-05 22:08:00,SKU-1010,USB-C Cable,Electronics,North,199,2,0.0,398,398.0
ORD-20260605-0089,2026-06-05,2026-06-05 19:20:00,SKU-1004,Office Chair,Furniture,East,5499,2,15.0,10998,9348.3
ORD-20260605-0090,2026-06-05,2026-06-05 01:21:00,SKU-1008,Backpack,Accessories,South,1499,1,0.0,1499,1499.0
ORD-20260605-0091,2026-06-05,2026-06-05 14:45:00,SKU-1002,Bluetooth Speaker,Electronics,West,1999,3,0.0,5997,5997.0
ORD-20260605-0092,2026-06-05,2026-06-05 20:35:00,SKU-1005,LED Desk Lamp,Furniture,Unknown,899,1,0.0,899,899.0
ORD-20260605-0093,2026-06-05,2026-06-05 20:00:00,SKU-1005,LED Desk Lamp,Furniture,East,899,1,0.0,899,899.0
ORD-20260606-0000,2026-06-06,2026-06-06 22:43:00,SKU-1007,Water Bottle,Fitness,Central,349,1,15.0,349,296.65
ORD-20260606-0001,2026-06-06,2026-06-06 04:16:00,SKU-1005,LED Desk Lamp,Furniture,Unknown,899,1,10.0,899,809.1
ORD-20260606-0002,2026-06-06,2026-06-06 06:32:00,SKU-1008,Backpack,Accessories,South,1499,1,0.0,1499,1499.0
ORD-20260606-0003,2026-06-06,2026-06-06 22:22:00,SKU-1009,Phone Case,Accessories,Central,299,1,5.0,299,284.05
ORD-20260606-0004,2026-06-06,2026-06-06 17:59:00,SKU-1002,Bluetooth Speaker,Electronics,East,1999,4,5.0,7996,7596.2
ORD-20260606-0005,2026-06-06,2026-06-06 03:02:00,SKU-1009,Phone Case,Accessories,Unknown,299,1,0.0,299,299.0
ORD-20260606-0006,2026-06-06,2026-06-06 07:17:00,SKU-1006,Yoga Mat,Fitness,North,599,2,10.0,1198,1078.2
ORD-20260606-0007,2026-06-06,2026-06-06 22:17:00,SKU-1006,Yoga Mat,Fitness,North,599,1,0.0,599,599.0
ORD-20260606-0008,2026-06-06,2026-06-06 08:46:00,SKU-1004,Office Chair,Furniture,West,5499,1,0.0,5499,5499.0
ORD-20260606-0009,2026-06-06,2026-06-06 01:50:00,SKU-1005,LED Desk Lamp,Furniture,West,899,1,0.0,899,899.0
ORD-20260606-0010,2026-06-06,2026-06-06 08:14:00,SKU-1007,Water Bottle,Fitness,Unknown,349,3,15.0,1047,889.95
ORD-20260606-0011,2026-06-06,2026-06-06 20:36:00,SKU-1006,Yoga Mat,Fitness,Unknown,599,1,0.0,599,599.0
ORD-20260606-0012,2026-06-06,2026-06-06 13:50:00,SKU-1007,Water Bottle,Fitness,Unknown,349,2,5.0,698,663.1
ORD-20260606-0013,2026-06-06,2026-06-06 09:52:00,SKU-1007,Water Bottle,Fitness,North,349,1,10.0,349,314.1
ORD-20260606-0014,2026-06-06,2026-06-06 09:53:00,SKU-1006,Yoga Mat,Fitness,South,599,1,0.0,599,599.0
ORD-20260606-0015,2026-06-06,2026-06-06 06:27:00,SKU-1001,Wireless Mouse,Electronics,West,799,2,0.0,1598,1598.0
ORD-20260606-0016,2026-06-06,2026-06-06 23:20:00,SKU-1007,Water Bottle,Fitness,South,349,2,15.0,698,593.3
ORD-20260606-0017,2026-06-06,2026-06-06 03:26:00,SKU-1006,Yoga Mat,Fitness,South,599,1,0.0,599,599.0
ORD-20260606-0018,2026-06-06,2026-06-06 09:29:00,SKU-1005,LED Desk Lamp,Furniture,West,899,2,5.0,1798,1708.1
ORD-20260606-0019,2026-06-06,2026-06-06 21:30:00,SKU-1008,Backpack,Accessories,Unknown,1499,2,5.0,2998,2848.1
ORD-20260606-0020,2026-06-06,2026-06-06 21:47:00,SKU-1006,Yoga Mat,Fitness,Central,599,4,0.0,2396,2396.0
ORD-20260606-0021,2026-06-06,2026-06-06 05:07:00,SKU-1003,Notebook Set,Stationery,Central,249,2,15.0,498,423.3
ORD-20260606-0022,2026-06-06,2026-06-06 20:00:00,SKU-1003,Notebook Set,Stationery,West,249,1,15.0,249,211.65
ORD-20260606-0023,2026-06-06,2026-06-06 11:46:00,SKU-1010,USB-C Cable,Electronics,East,199,1,10.0,199,179.1
ORD-20260606-0024,2026-06-06,2026-06-06 19:33:00,SKU-1002,Bluetooth Speaker,Electronics,West,1999,1,0.0,1999,1999.0
ORD-20260606-0025,2026-06-06,2026-06-06 16:33:00,SKU-1004,Office Chair,Furniture,Central,5499,2,5.0,10998,10448.1
ORD-20260606-0026,2026-06-06,2026-06-06 17:02:00,SKU-1002,Bluetooth Speaker,Electronics,Unknown,1999,1,10.0,1999,1799.1
ORD-20260606-0027,2026-06-06,2026-06-06 17:41:00,SKU-1002,Bluetooth Speaker,Electronics,Unknown,1999,1,10.0,1999,1799.1
ORD-20260606-0028,2026-06-06,2026-06-06 03:17:00,SKU-1006,Yoga Mat,Fitness,South,599,1,0.0,599,599.0
ORD-20260606-0029,2026-06-06,2026-06-06 18:10:00,SKU-1004,Office Chair,Furniture,West,5499,1,0.0,5499,5499.0
ORD-20260606-0030,2026-06-06,2026-06-06 07:31:00,SKU-1005,LED Desk Lamp,Furniture,Unknown,899,2,0.0,1798,1798.0
ORD-20260606-0031,2026-06-06,2026-06-06 20:21:00,SKU-1002,Bluetooth Speaker,Electronics,North,1999,3,5.0,5997,5697.15
ORD-20260606-0032,2026-06-06,2026-06-06 13:13:00,SKU-1009,Phone Case,Accessories,Central,299,1,5.0,299,284.05
ORD-20260606-0033,2026-06-06,2026-06-06 07:36:00,SKU-1006,Yoga Mat,Fitness,East,599,2,0.0,1198,1198.0
ORD-20260606-0034,2026-06-06,2026-06-06 03:53:00,SKU-1008,Backpack,Accessories,Central,1499,1,0.0,1499,1499.0
ORD-20260606-0035,2026-06-06,2026-06-06 17:27:00,SKU-1006,Yoga Mat,Fitness,West,599,1,15.0,599,509.15
ORD-20260606-0036,2026-06-06,2026-06-06 09:18:00,SKU-1003,Notebook Set,Stationery,West,249,2,0.0,498,498.0
ORD-20260606-0037,2026-06-06,2026-06-06 15:05:00,SKU-1009,Phone Case,Accessories,Unknown,299,1,0.0,299,299.0
ORD-20260606-0038,2026-06-06,2026-06-06 03:43:00,SKU-1009,Phone Case,Accessories,Unknown,299,1,10.0,299,269.1
ORD-20260606-0039,2026-06-06,2026-06-06 14:51:00,SKU-1006,Yoga Mat,Fitness,West,599,1,0.0,599,599.0
ORD-20260606-0040,2026-06-06,2026-06-06 05:32:00,SKU-1001,Wireless Mouse,Electronics,South,799,1,10.0,799,719.1
ORD-20260606-0041,2026-06-06,2026-06-06 04:20:00,SKU-1001,Wireless Mouse,Electronics,Central,799,1,10.0,799,719.1
ORD-20260606-0042,2026-06-06,2026-06-06 12:47:00,SKU-1009,Phone Case,Accessories,East,299,1,15.0,299,254.15
ORD-20260606-0043,2026-06-06,2026-06-06 08:31:00,SKU-1007,Water Bottle,Fitness,North,349,1,5.0,349,331.55
ORD-20260606-0044,2026-06-06,2026-06-06 00:17:00,SKU-1003,Notebook Set,Stationery,North,249,1,15.0,249,211.65
ORD-20260606-0045,2026-06-06,2026-06-06 16:54:00,SKU-1002,Bluetooth Speaker,Electronics,East,1999,2,5.0,3998,3798.1
ORD-20260606-0046,2026-06-06,2026-06-06 23:47:00,SKU-1003,Notebook Set,Stationery,Unknown,249,1,0.0,249,249.0
ORD-20260606-0047,2026-06-06,2026-06-06 17:04:00,SKU-1010,USB-C Cable,Electronics,Unknown,199,1,5.0,199,189.05
ORD-20260606-0048,2026-06-06,2026-06-06 19:28:00,SKU-1006,Yoga Mat,Fitness,Central,599,2,0.0,1198,1198.0
ORD-20260606-0049,2026-06-06,2026-06-06 23:58:00,SKU-1010,USB-C Cable,Electronics,South,199,2,0.0,398,398.0
ORD-20260606-0050,2026-06-06,2026-06-06 00:57:00,SKU-1003,Notebook Set,Stationery,North,249,1,10.0,249,224.1
ORD-20260606-0051,2026-06-06,2026-06-06 05:21:00,SKU-1003,Notebook Set,Stationery,North,249,1,15.0,249,211.65
ORD-20260606-0052,2026-06-06,2026-06-06 18:37:00,SKU-1005,LED Desk Lamp,Furniture,Central,899,1,0.0,899,899.0
ORD-20260606-0053,2026-06-06,2026-06-06 07:16:00,SKU-1008,Backpack,Accessories,Unknown,1499,1,10.0,1499,1349.1
ORD-20260606-0054,2026-06-06,2026-06-06 01:32:00,SKU-1002,Bluetooth Speaker,Electronics,South,1999,2,0.0,3998,3998.0
ORD-20260606-0055,2026-06-06,2026-06-06 00:16:00,SKU-1002,Bluetooth Speaker,Electronics,East,1999,3,5.0,5997,5697.15
ORD-20260606-0056,2026-06-06,2026-06-06 02:49:00,SKU-1003,Notebook Set,Stationery,South,249,3,0.0,747,747.0
ORD-20260606-0057,2026-06-06,2026-06-06 02:58:00,SKU-1003,Notebook Set,Stationery,North,249,3,0.0,747,747.0
ORD-20260606-0058,2026-06-06,2026-06-06 10:32:00,SKU-1008,Backpack,Accessories,Unknown,1499,2,15.0,2998,2548.3
ORD-20260606-0059,2026-06-06,2026-06-06 17:22:00,SKU-1009,Phone Case,Accessories,North,299,1,0.0,299,299.0
ORD-20260607-0000,2026-06-07,2026-06-07 10:53:00,SKU-1009,Phone Case,Accessories,West,299,3,0.0,897,897.0
ORD-20260607-0001,2026-06-07,2026-06-07 17:49:00,SKU-1008,Backpack,Accessories,South,1499,2,15.0,2998,2548.3
ORD-20260607-0002,2026-06-07,2026-06-07 03:43:00,SKU-1003,Notebook Set,Stationery,Unknown,249,1,15.0,249,211.65
ORD-20260607-0003,2026-06-07,2026-06-07 14:49:00,SKU-1006,Yoga Mat,Fitness,Unknown,599,1,0.0,599,599.0
ORD-20260607-0004,2026-06-07,2026-06-07 23:25:00,SKU-1009,Phone Case,Accessories,Central,299,1,0.0,299,299.0
ORD-20260607-0005,2026-06-07,2026-06-07 22:30:00,SKU-1003,Notebook Set,Stationery,South,249,1,0.0,249,249.0
ORD-20260607-0006,2026-06-07,2026-06-07 09:56:00,SKU-1008,Backpack,Accessories,East,1499,3,0.0,4497,4497.0
ORD-20260607-0007,2026-06-07,2026-06-07 04:58:00,SKU-1007,Water Bottle,Fitness,South,349,1,0.0,349,349.0
ORD-20260607-0008,2026-06-07,2026-06-07 20:32:00,SKU-1004,Office Chair,Furniture,North,5499,1,0.0,5499,5499.0
ORD-20260607-0009,2026-06-07,2026-06-07 00:48:00,SKU-1006,Yoga Mat,Fitness,South,599,1,5.0,599,569.05
ORD-20260607-0010,2026-06-07,2026-06-07 16:23:00,SKU-1001,Wireless Mouse,Electronics,Central,799,4,10.0,3196,2876.4
ORD-20260607-0011,2026-06-07,2026-06-07 10:18:00,SKU-1007,Water Bottle,Fitness,South,349,1,0.0,349,349.0
ORD-20260607-0012,2026-06-07,2026-06-07 09:43:00,SKU-1006,Yoga Mat,Fitness,East,599,2,0.0,1198,1198.0
ORD-20260607-0013,2026-06-07,2026-06-07 19:35:00,SKU-1002,Bluetooth Speaker,Electronics,North,1999,1,0.0,1999,1999.0
ORD-20260607-0014,2026-06-07,2026-06-07 14:34:00,SKU-1003,Notebook Set,Stationery,North,249,3,0.0,747,747.0
ORD-20260607-0015,2026-06-07,2026-06-07 18:53:00,SKU-1007,Water Bottle,Fitness,Central,349,1,5.0,349,331.55
ORD-20260607-0016,2026-06-07,2026-06-07 06:45:00,SKU-1002,Bluetooth Speaker,Electronics,East,1999,4,0.0,7996,7996.0
ORD-20260607-0017,2026-06-07,2026-06-07 18:09:00,SKU-1007,Water Bottle,Fitness,North,349,1,0.0,349,349.0
ORD-20260607-0018,2026-06-07,2026-06-07 05:56:00,SKU-1009,Phone Case,Accessories,West,299,3,0.0,897,897.0
ORD-20260607-0019,2026-06-07,2026-06-07 18:05:00,SKU-1009,Phone Case,Accessories,Central,299,2,5.0,598,568.1
ORD-20260607-0020,2026-06-07,2026-06-07 18:56:00,SKU-1001,Wireless Mouse,Electronics,South,799,4,15.0,3196,2716.6
ORD-20260607-0021,2026-06-07,2026-06-07 09:06:00,SKU-1008,Backpack,Accessories,West,1499,3,5.0,4497,4272.15
ORD-20260607-0022,2026-06-07,2026-06-07 11:05:00,SKU-1005,LED Desk Lamp,Furniture,South,899,1,0.0,899,899.0
ORD-20260607-0023,2026-06-07,2026-06-07 18:19:00,SKU-1001,Wireless Mouse,Electronics,Central,799,1,0.0,799,799.0
ORD-20260607-0024,2026-06-07,2026-06-07 16:45:00,SKU-1006,Yoga Mat,Fitness,South,599,3,5.0,1797,1707.15
ORD-20260607-0025,2026-06-07,2026-06-07 11:56:00,SKU-1005,LED Desk Lamp,Furniture,West,899,1,0.0,899,899.0
ORD-20260607-0026,2026-06-07,2026-06-07 12:46:00,SKU-1008,Backpack,Accessories,West,1499,1,10.0,1499,1349.1
ORD-20260607-0027,2026-06-07,2026-06-07 18:31:00,SKU-1007,Water Bottle,Fitness,Central,349,1,0.0,349,349.0
ORD-20260607-0028,2026-06-07,2026-06-07 14:55:00,SKU-1006,Yoga Mat,Fitness,North,599,2,0.0,1198,1198.0
ORD-20260607-0029,2026-06-07,2026-06-07 09:36:00,SKU-1005,LED Desk Lamp,Furniture,West,899,2,0.0,1798,1798.0
ORD-20260607-0030,2026-06-07,2026-06-07 16:03:00,SKU-1003,Notebook Set,Stationery,South,249,2,10.0,498,448.2
ORD-20260607-0031,2026-06-07,2026-06-07 11:51:00,SKU-1010,USB-C Cable,Electronics,South,199,1,0.0,199,199.0
ORD-20260607-0032,2026-06-07,2026-06-07 01:59:00,SKU-1004,Office Chair,Furniture,Unknown,5499,1,0.0,5499,5499.0
ORD-20260607-0033,2026-06-07,2026-06-07 02:35:00,SKU-1010,USB-C Cable,Electronics,West,199,1,0.0,199,199.0
ORD-20260607-0034,2026-06-07,2026-06-07 23:16:00,SKU-1005,LED Desk Lamp,Furniture,Unknown,899,4,0.0,3596,3596.0
ORD-20260607-0035,2026-06-07,2026-06-07 01:01:00,SKU-1010,USB-C Cable,Electronics,Unknown,199,1,10.0,199,179.1
ORD-20260607-0036,2026-06-07,2026-06-07 16:12:00,SKU-1001,Wireless Mouse,Electronics,East,799,1,0.0,799,799.0
ORD-20260607-0037,2026-06-07,2026-06-07 05:12:00,SKU-1005,LED Desk Lamp,Furniture,Central,899,1,5.0,899,854.05
ORD-20260607-0038,2026-06-07,2026-06-07 13:37:00,SKU-1001,Wireless Mouse,Electronics,North,799,1,15.0,799,679.15
ORD-20260607-0039,2026-06-07,2026-06-07 16:31:00,SKU-1006,Yoga Mat,Fitness,West,599,2,0.0,1198,1198.0
ORD-20260607-0040,2026-06-07,2026-06-07 09:26:00,SKU-1004,Office Chair,Furniture,Central,5499,1,5.0,5499,5224.05
ORD-20260607-0041,2026-06-07,2026-06-07 19:37:00,SKU-1009,Phone Case,Accessories,West,299,1,0.0,299,299.0
ORD-20260607-0042,2026-06-07,2026-06-07 20:42:00,SKU-1005,LED Desk Lamp,Furniture,North,899,1,0.0,899,899.0
ORD-20260607-0043,2026-06-07,2026-06-07 14:44:00,SKU-1007,Water Bottle,Fitness,East,349,1,5.0,349,331.55
ORD-20260607-0044,2026-06-07,2026-06-07 13:45:00,SKU-1005,LED Desk Lamp,Furniture,East,899,1,10.0,899,809.1
ORD-20260607-0045,2026-06-07,2026-06-07 18:54:00,SKU-1003,Notebook Set,Stationery,East,249,1,10.0,249,224.1
ORD-20260607-0046,2026-06-07,2026-06-07 17:17:00,SKU-1010,USB-C Cable,Electronics,West,199,1,0.0,199,199.0
ORD-20260607-0047,2026-06-07,2026-06-07 14:11:00,SKU-1007,Water Bottle,Fitness,East,349,1,5.0,349,331.55
ORD-20260607-0048,2026-06-07,2026-06-07 18:51:00,SKU-1004,Office Chair,Furniture,East,5499,3,0.0,16497,16497.0
ORD-20260607-0049,2026-06-07,2026-06-07 11:38:00,SKU-1007,Water Bottle,Fitness,West,349,1,0.0,349,349.0
ORD-20260607-0050,2026-06-07,2026-06-07 15:04:00,SKU-1007,Water Bottle,Fitness,Central,349,1,0.0,349,349.0
ORD-20260607-0051,2026-06-07,2026-06-07 17:57:00,SKU-1004,Office Chair,Furniture,West,5499,2,0.0,10998,10998.0
ORD-20260607-0052,2026-06-07,2026-06-07 08:04:00,SKU-1001,Wireless Mouse,Electronics,North,799,2,5.0,1598,1518.1
ORD-20260607-0053,2026-06-07,2026-06-07 06:59:00,SKU-1005,LED Desk Lamp,Furniture,West,899,2,15.0,1798,1528.3
ORD-20260607-0054,2026-06-07,2026-06-07 01:56:00,SKU-1007,Water Bottle,Fitness,Unknown,349,1,5.0,349,331.55
ORD-20260607-0055,2026-06-07,2026-06-07 00:30:00,SKU-1002,Bluetooth Speaker,Electronics,Central,1999,1,15.0,1999,1699.15
ORD-20260607-0056,2026-06-07,2026-06-07 11:47:00,SKU-1009,Phone Case,Accessories,North,299,1,0.0,299,299.0
ORD-20260607-0057,2026-06-07,2026-06-07 03:15:00,SKU-1004,Office Chair,Furniture,East,5499,3,10.0,16497,14847.3
ORD-20260607-0058,2026-06-07,2026-06-07 19:48:00,SKU-1004,Office Chair,Furniture,North,5499,1,5.0,5499,5224.05
ORD-20260607-0059,2026-06-07,2026-06-07 08:24:00,SKU-1006,Yoga Mat,Fitness,North,599,3,5.0,1797,1707.15
ORD-20260607-0060,2026-06-07,2026-06-07 18:27:00,SKU-1001,Wireless Mouse,Electronics,Unknown,799,3,0.0,2397,2397.0
ORD-20260607-0061,2026-06-07,2026-06-07 09:45:00,SKU-1005,LED Desk Lamp,Furniture,Unknown,899,2,15.0,1798,1528.3
ORD-20260607-0062,2026-06-07,2026-06-07 20:35:00,SKU-1001,Wireless Mouse,Electronics,West,799,1,15.0,799,679.15
ORD-20260607-0063,2026-06-07,2026-06-07 11:33:00,SKU-1003,Notebook Set,Stationery,Central,249,2,10.0,498,448.2
ORD-20260607-0064,2026-06-07,2026-06-07 21:00:00,SKU-1008,Backpack,Accessories,Central,1499,1,0.0,1499,1499.0
ORD-20260607-0065,2026-06-07,2026-06-07 19:52:00,SKU-1010,USB-C Cable,Electronics,East,199,1,5.0,199,189.05
ORD-20260607-0066,2026-06-07,2026-06-07 04:33:00,SKU-1010,USB-C Cable,Electronics,South,199,1,0.0,199,199.0
ORD-20260607-0067,2026-06-07,2026-06-07 19:52:00,SKU-1009,Phone Case,Accessories,East,299,1,10.0,299,269.1
ORD-20260607-0068,2026-06-07,2026-06-07 22:53:00,SKU-1002,Bluetooth Speaker,Electronics,Central,1999,1,0.0,1999,1999.0
ORD-20260607-0069,2026-06-07,2026-06-07 14:16:00,SKU-1001,Wireless Mouse,Electronics,South,799,1,0.0,799,799.0
ORD-20260607-0070,2026-06-07,2026-06-07 04:59:00,SKU-1009,Phone Case,Accessories,Unknown,299,1,0.0,299,299.0
ORD-20260607-0071,2026-06-07,2026-06-07 02:01:00,SKU-1007,Water Bottle,Fitness,Central,349,1,5.0,349,331.55
ORD-20260607-0072,2026-06-07,2026-06-07 04:23:00,SKU-1001,Wireless Mouse,Electronics,Unknown,799,1,0.0,799,799.0
ORD-20260607-0073,2026-06-07,2026-06-07 06:42:00,SKU-1004,Office Chair,Furniture,North,5499,2,0.0,10998,10998.0
ORD-20260607-0074,2026-06-07,2026-06-07 00:34:00,SKU-1009,Phone Case,Accessories,North,299,1,0.0,299,299.0
ORD-20260607-0075,2026-06-07,2026-06-07 00:54:00,SKU-1007,Water Bottle,Fitness,Central,349,1,0.0,349,349.0
ORD-20260607-0076,2026-06-07,2026-06-07 23:47:00,SKU-1001,Wireless Mouse,Electronics,Unknown,799,1,0.0,799,799.0
ORD-20260607-0077,2026-06-07,2026-06-07 02:12:00,SKU-1005,LED Desk Lamp,Furniture,South,899,1,5.0,899,854.05
ORD-20260607-0078,2026-06-07,2026-06-07 01:05:00,SKU-1007,Water Bottle,Fitness,South,349,3,0.0,1047,1047.0
ORD-20260607-0079,2026-06-07,2026-06-07 14:44:00,SKU-1008,Backpack,Accessories,Unknown,1499,4,10.0,5996,5396.4
ORD-20260607-0080,2026-06-07,2026-06-07 03:24:00,SKU-1006,Yoga Mat,Fitness,West,599,2,5.0,1198,1138.1
ORD-20260607-0081,2026-06-07,2026-06-07 17:52:00,SKU-1005,LED Desk Lamp,Furniture,West,899,2,15.0,1798,1528.3
ORD-20260607-0082,2026-06-07,2026-06-07 06:44:00,SKU-1005,LED Desk Lamp,Furniture,North,899,2,0.0,1798,1798.0
ORD-20260607-0083,2026-06-07,2026-06-07 12:20:00,SKU-1005,LED Desk Lamp,Furniture,West,899,2,15.0,1798,1528.3
ORD-20260607-0084,2026-06-07,2026-06-07 01:28:00,SKU-1006,Yoga Mat,Fitness,Unknown,599,2,5.0,1198,1138.1
ORD-20260607-0085,2026-06-07,2026-06-07 09:53:00,SKU-1004,Office Chair,Furniture,South,5499,2,0.0,10998,10998.0
ORD-20260607-0086,2026-06-07,2026-06-07 04:46:00,SKU-1009,Phone Case,Accessories,South,299,1,10.0,299,269.1
ORD-20260607-0087,2026-06-07,2026-06-07 23:11:00,SKU-1009,Phone Case,Accessories,North,299,1,10.0,299,269.1
ORD-20260607-0088,2026-06-07,2026-06-07 02:08:00,SKU-1005,LED Desk Lamp,Furniture,Unknown,899,1,15.0,899,764.15
ORD-20260607-0089,2026-06-07,2026-06-07 10:02:00,SKU-1009,Phone Case,Accessories,South,299,1,15.0,299,254.15
ORD-20260607-0090,2026-06-07,2026-06-07 07:50:00,SKU-1003,Notebook Set,Stationery,Unknown,249,1,0.0,249,249.0
ORD-20260607-0091,2026-06-07,2026-06-07 20:48:00,SKU-1010,USB-C Cable,Electronics,South,199,4,0.0,796,796.0
ORD-20260607-0092,2026-06-07,2026-06-07 08:45:00,SKU-1001,Wireless Mouse,Electronics,West,799,1,5.0,799,759.05
ORD-20260607-0093,2026-06-07,2026-06-07 09:45:00,SKU-1001,Wireless Mouse,Electronics,West,799,1,10.0,799,719.1
ORD-20260607-0094,2026-06-07,2026-06-07 12:41:00,SKU-1007,Water Bottle,Fitness,West,349,1,15.0,349,296.65
ORD-20260607-0095,2026-06-07,2026-06-07 23:36:00,SKU-1010,USB-C Cable,Electronics,West,199,1,15.0,199,169.15
ORD-20260607-0096,2026-06-07,2026-06-07 21:26:00,SKU-1006,Yoga Mat,Fitness,North,599,1,0.0,599,599.0
ORD-20260607-0097,2026-06-07,2026-06-07 12:32:00,SKU-1010,USB-C Cable,Electronics,North,199,2,0.0,398,398.0
ORD-20260607-0098,2026-06-07,2026-06-07 18:14:00,SKU-1001,Wireless Mouse,Electronics,Central,799,4,0.0,3196,3196.0
ORD-20260607-0099,2026-06-07,2026-06-07 04:55:00,SKU-1002,Bluetooth Speaker,Electronics,West,1999,1,15.0,1999,1699.15
ORD-20260607-0100,2026-06-07,2026-06-07 08:04:00,SKU-1010,USB-C Cable,Electronics,South,199,2,5.0,398,378.1
ORD-20260607-0101,2026-06-07,2026-06-07 22:00:00,SKU-1009,Phone Case,Accessories,West,299,1,0.0,299,299.0
ORD-20260607-0102,2026-06-07,2026-06-07 13:17:00,SKU-1002,Bluetooth Speaker,Electronics,East,1999,1,0.0,1999,1999.0
ORD-20260607-0103,2026-06-07,2026-06-07 08:40:00,SKU-1006,Yoga Mat,Fitness,East,599,1,15.0,599,509.15
ORD-20260607-0104,2026-06-07,2026-06-07 17:44:00,SKU-1006,Yoga Mat,Fitness,Central,599,1,15.0,599,509.15
ORD-20260607-0105,2026-06-07,2026-06-07 15:05:00,SKU-1007,Water Bottle,Fitness,West,349,1,0.0,349,349.0
ORD-20260607-0106,2026-06-07,2026-06-07 15:37:00,SKU-1009,Phone Case,Accessories,Central,299,1,0.0,299,299.0
ORD-20260607-0107,2026-06-07,2026-06-07 20:39:00,SKU-1006,Yoga Mat,Fitness,Unknown,599,1,0.0,599,599.0
ORD-20260607-0108,2026-06-07,2026-06-07 07:26:00,SKU-1009,Phone Case,Accessories,East,299,1,15.0,299,254.15
ORD-20260607-0109,2026-06-07,2026-06-07 00:26:00,SKU-1007,Water Bottle,Fitness,South,349,1,0.0,349,349.0
ORD-20260607-0110,2026-06-07,2026-06-07 18:51:00,SKU-1001,Wireless Mouse,Electronics,North,799,1,10.0,799,719.1
ORD-20260608-0000,2026-06-08,2026-06-08 17:45:00,SKU-1005,LED Desk Lamp,Furniture,Unknown,899,2,10.0,1798,1618.2
ORD-20260608-0001,2026-06-08,2026-06-08 16:26:00,SKU-1010,USB-C Cable,Electronics,Unknown,199,1,0.0,199,199.0
ORD-20260608-0002,2026-06-08,2026-06-08 07:55:00,SKU-1003,Notebook Set,Stationery,North,249,1,10.0,249,224.1
ORD-20260608-0003,2026-06-08,2026-06-08 05:48:00,SKU-1006,Yoga Mat,Fitness,South,599,2,0.0,1198,1198.0
ORD-20260608-0004,2026-06-08,2026-06-08 06:44:00,SKU-1002,Bluetooth Speaker,Electronics,South,1999,1,5.0,1999,1899.05
ORD-20260608-0005,2026-06-08,2026-06-08 01:37:00,SKU-1006,Yoga Mat,Fitness,Central,599,1,0.0,599,599.0
ORD-20260608-0006,2026-06-08,2026-06-08 04:30:00,SKU-1002,Bluetooth Speaker,Electronics,East,1999,1,10.0,1999,1799.1
ORD-20260608-0007,2026-06-08,2026-06-08 11:01:00,SKU-1004,Office Chair,Furniture,North,5499,1,15.0,5499,4674.15
ORD-20260608-0008,2026-06-08,2026-06-08 15:10:00,SKU-1002,Bluetooth Speaker,Electronics,East,1999,2,15.0,3998,3398.3
ORD-20260608-0009,2026-06-08,2026-06-08 19:19:00,SKU-1002,Bluetooth Speaker,Electronics,West,1999,2,0.0,3998,3998.0
ORD-20260608-0010,2026-06-08,2026-06-08 07:45:00,SKU-1009,Phone Case,Accessories,Unknown,299,1,5.0,299,284.05
ORD-20260608-0011,2026-06-08,2026-06-08 12:46:00,SKU-1008,Backpack,Accessories,North,1499,2,0.0,2998,2998.0
ORD-20260608-0012,2026-06-08,2026-06-08 23:33:00,SKU-1003,Notebook Set,Stationery,Unknown,249,1,10.0,249,224.1
ORD-20260608-0013,2026-06-08,2026-06-08 09:52:00,SKU-1004,Office Chair,Furniture,South,5499,2,0.0,10998,10998.0
ORD-20260608-0014,2026-06-08,2026-06-08 04:50:00,SKU-1005,LED Desk Lamp,Furniture,West,899,2,15.0,1798,1528.3
ORD-20260608-0015,2026-06-08,2026-06-08 21:41:00,SKU-1006,Yoga Mat,Fitness,Unknown,599,4,0.0,2396,2396.0
ORD-20260608-0016,2026-06-08,2026-06-08 08:32:00,SKU-1010,USB-C Cable,Electronics,Unknown,199,2,0.0,398,398.0
ORD-20260608-0017,2026-06-08,2026-06-08 21:44:00,SKU-1007,Water Bottle,Fitness,North,349,2,0.0,698,698.0
ORD-20260608-0018,2026-06-08,2026-06-08 21:59:00,SKU-1006,Yoga Mat,Fitness,West,599,1,5.0,599,569.05
ORD-20260608-0019,2026-06-08,2026-06-08 18:01:00,SKU-1006,Yoga Mat,Fitness,East,599,1,10.0,599,539.1
ORD-20260608-0020,2026-06-08,2026-06-08 09:08:00,SKU-1007,Water Bottle,Fitness,Central,349,1,0.0,349,349.0
ORD-20260608-0021,2026-06-08,2026-06-08 13:38:00,SKU-1003,Notebook Set,Stationery,Central,249,1,10.0,249,224.1
ORD-20260608-0022,2026-06-08,2026-06-08 18:03:00,SKU-1009,Phone Case,Accessories,East,299,2,0.0,598,598.0
ORD-20260608-0023,2026-06-08,2026-06-08 11:04:00,SKU-1005,LED Desk Lamp,Furniture,East,899,2,0.0,1798,1798.0
ORD-20260608-0024,2026-06-08,2026-06-08 21:36:00,SKU-1010,USB-C Cable,Electronics,South,199,2,0.0,398,398.0
ORD-20260608-0025,2026-06-08,2026-06-08 00:21:00,SKU-1010,USB-C Cable,Electronics,North,199,3,0.0,597,597.0
ORD-20260608-0026,2026-06-08,2026-06-08 11:52:00,SKU-1008,Backpack,Accessories,South,1499,2,5.0,2998,2848.1
ORD-20260608-0027,2026-06-08,2026-06-08 03:36:00,SKU-1006,Yoga Mat,Fitness,West,599,1,10.0,599,539.1
ORD-20260608-0028,2026-06-08,2026-06-08 14:21:00,SKU-1004,Office Chair,Furniture,North,5499,2,0.0,10998,10998.0
ORD-20260608-0029,2026-06-08,2026-06-08 01:51:00,SKU-1010,USB-C Cable,Electronics,East,199,1,0.0,199,199.0
ORD-20260608-0030,2026-06-08,2026-06-08 06:17:00,SKU-1009,Phone Case,Accessories,South,299,2,0.0,598,598.0
ORD-20260608-0031,2026-06-08,2026-06-08 23:51:00,SKU-1004,Office Chair,Furniture,East,5499,2,0.0,10998,10998.0
ORD-20260608-0032,2026-06-08,2026-06-08 15:45:00,SKU-1007,Water Bottle,Fitness,East,349,1,0.0,349,349.0
ORD-20260608-0033,2026-06-08,2026-06-08 06:06:00,SKU-1006,Yoga Mat,Fitness,East,599,2,0.0,1198,1198.0
ORD-20260608-0034,2026-06-08,2026-06-08 08:48:00,SKU-1008,Backpack,Accessories,Central,1499,4,5.0,5996,5696.2
ORD-20260608-0035,2026-06-08,2026-06-08 11:09:00,SKU-1003,Notebook Set,Stationery,Unknown,249,3,0.0,747,747.0
ORD-20260608-0036,2026-06-08,2026-06-08 18:47:00,SKU-1004,Office Chair,Furniture,East,5499,1,10.0,5499,4949.1
ORD-20260608-0037,2026-06-08,2026-06-08 12:33:00,SKU-1003,Notebook Set,Stationery,South,249,1,0.0,249,249.0
ORD-20260608-0038,2026-06-08,2026-06-08 06:50:00,SKU-1003,Notebook Set,Stationery,South,249,1,5.0,249,236.55
ORD-20260608-0039,2026-06-08,2026-06-08 21:20:00,SKU-1007,Water Bottle,Fitness,North,349,1,0.0,349,349.0
ORD-20260608-0040,2026-06-08,2026-06-08 15:09:00,SKU-1006,Yoga Mat,Fitness,Unknown,599,1,0.0,599,599.0
ORD-20260608-0041,2026-06-08,2026-06-08 02:38:00,SKU-1009,Phone Case,Accessories,South,299,1,15.0,299,254.15
ORD-20260608-0042,2026-06-08,2026-06-08 18:07:00,SKU-1005,LED Desk Lamp,Furniture,Central,899,2,0.0,1798,1798.0
ORD-20260608-0043,2026-06-08,2026-06-08 12:47:00,SKU-1009,Phone Case,Accessories,South,299,1,0.0,299,299.0
ORD-20260608-0044,2026-06-08,2026-06-08 02:10:00,SKU-1007,Water Bottle,Fitness,West,349,4,10.0,1396,1256.4
ORD-20260608-0045,2026-06-08,2026-06-08 09:26:00,SKU-1001,Wireless Mouse,Electronics,West,799,1,10.0,799,719.1
ORD-20260608-0046,2026-06-08,2026-06-08 08:21:00,SKU-1006,Yoga Mat,Fitness,East,599,3,5.0,1797,1707.15
ORD-20260608-0047,2026-06-08,2026-06-08 17:34:00,SKU-1009,Phone Case,Accessories,Central,299,1,0.0,299,299.0
ORD-20260608-0048,2026-06-08,2026-06-08 18:41:00,SKU-1008,Backpack,Accessories,North,1499,1,0.0,1499,1499.0
ORD-20260608-0049,2026-06-08,2026-06-08 12:27:00,SKU-1007,Water Bottle,Fitness,Unknown,349,1,0.0,349,349.0
ORD-20260608-0050,2026-06-08,2026-06-08 05:38:00,SKU-1005,LED Desk Lamp,Furniture,Central,899,4,0.0,3596,3596.0
ORD-20260608-0051,2026-06-08,2026-06-08 21:03:00,SKU-1009,Phone Case,Accessories,West,299,1,15.0,299,254.15
ORD-20260608-0052,2026-06-08,2026-06-08 05:18:00,SKU-1010,USB-C Cable,Electronics,Central,199,1,0.0,199,199.0
ORD-20260608-0053,2026-06-08,2026-06-08 23:10:00,SKU-1009,Phone Case,Accessories,Central,299,3,15.0,897,762.45
ORD-20260608-0054,2026-06-08,2026-06-08 09:06:00,SKU-1001,Wireless Mouse,Electronics,North,799,1,10.0,799,719.1
ORD-20260608-0055,2026-06-08,2026-06-08 12:15:00,SKU-1005,LED Desk Lamp,Furniture,South,899,1,10.0,899,809.1
ORD-20260608-0056,2026-06-08,2026-06-08 18:57:00,SKU-1006,Yoga Mat,Fitness,Unknown,599,2,0.0,1198,1198.0
ORD-20260608-0057,2026-06-08,2026-06-08 06:42:00,SKU-1007,Water Bottle,Fitness,Unknown,349,1,0.0,349,349.0
ORD-20260608-0058,2026-06-08,2026-06-08 01:21:00,SKU-1002,Bluetooth Speaker,Electronics,West,1999,2,5.0,3998,3798.1
ORD-20260608-0059,2026-06-08,2026-06-08 05:22:00,SKU-1005,LED Desk Lamp,Furniture,West,899,1,5.0,899,854.05
ORD-20260608-0060,2026-06-08,2026-06-08 17:58:00,SKU-1009,Phone Case,Accessories,North,299,1,10.0,299,269.1
ORD-20260608-0061,2026-06-08,2026-06-08 21:17:00,SKU-1006,Yoga Mat,Fitness,South,599,1,15.0,599,509.15
ORD-20260608-0062,2026-06-08,2026-06-08 17:59:00,SKU-1006,Yoga Mat,Fitness,Central,599,2,0.0,1198,1198.0
ORD-20260608-0063,2026-06-08,2026-06-08 17:38:00,SKU-1001,Wireless Mouse,Electronics,West,799,1,0.0,799,799.0
ORD-20260608-0064,2026-06-08,2026-06-08 22:01:00,SKU-1008,Backpack,Accessories,Unknown,1499,1,15.0,1499,1274.15
ORD-20260608-0065,2026-06-08,2026-06-08 04:00:00,SKU-1008,Backpack,Accessories,East,1499,1,15.0,1499,1274.15
ORD-20260608-0066,2026-06-08,2026-06-08 12:57:00,SKU-1009,Phone Case,Accessories,North,299,1,0.0,299,299.0
ORD-20260608-0067,2026-06-08,2026-06-08 22:40:00,SKU-1007,Water Bottle,Fitness,West,349,1,5.0,349,331.55
ORD-20260608-0068,2026-06-08,2026-06-08 13:06:00,SKU-1008,Backpack,Accessories,South,1499,1,5.0,1499,1424.05
ORD-20260608-0069,2026-06-08,2026-06-08 17:29:00,SKU-1007,Water Bottle,Fitness,West,349,1,5.0,349,331.55
ORD-20260608-0070,2026-06-08,2026-06-08 15:13:00,SKU-1009,Phone Case,Accessories,South,299,1,10.0,299,269.1
ORD-20260608-0071,2026-06-08,2026-06-08 05:46:00,SKU-1009,Phone Case,Accessories,South,299,1,15.0,299,254.15
ORD-20260608-0072,2026-06-08,2026-06-08 22:14:00,SKU-1009,Phone Case,Accessories,Unknown,299,1,0.0,299,299.0
ORD-20260608-0073,2026-06-08,2026-06-08 23:44:00,SKU-1007,Water Bottle,Fitness,East,349,1,5.0,349,331.55
ORD-20260608-0074,2026-06-08,2026-06-08 20:55:00,SKU-1004,Office Chair,Furniture,South,5499,2,0.0,10998,10998.0
ORD-20260608-0075,2026-06-08,2026-06-08 03:22:00,SKU-1001,Wireless Mouse,Electronics,Central,799,1,0.0,799,799.0
ORD-20260608-0076,2026-06-08,2026-06-08 16:03:00,SKU-1002,Bluetooth Speaker,Electronics,West,1999,3,0.0,5997,5997.0
ORD-20260608-0077,2026-06-08,2026-06-08 20:28:00,SKU-1008,Backpack,Accessories,South,1499,1,0.0,1499,1499.0
ORD-20260608-0078,2026-06-08,2026-06-08 20:40:00,SKU-1004,Office Chair,Furniture,North,5499,3,5.0,16497,15672.15
ORD-20260608-0079,2026-06-08,2026-06-08 06:45:00,SKU-1008,Backpack,Accessories,North,1499,1,0.0,1499,1499.0
ORD-20260608-0080,2026-06-08,2026-06-08 20:18:00,SKU-1007,Water Bottle,Fitness,East,349,2,0.0,698,698.0
ORD-20260608-0081,2026-06-08,2026-06-08 14:25:00,SKU-1006,Yoga Mat,Fitness,Central,599,1,0.0,599,599.0
ORD-20260608-0082,2026-06-08,2026-06-08 05:27:00,SKU-1004,Office Chair,Furniture,South,5499,2,0.0,10998,10998.0
ORD-20260608-0083,2026-06-08,2026-06-08 23:57:00,SKU-1004,Office Chair,Furniture,Central,5499,1,0.0,5499,5499.0
ORD-20260608-0084,2026-06-08,2026-06-08 04:46:00,SKU-1006,Yoga Mat,Fitness,West,599,1,0.0,599,599.0
ORD-20260608-0085,2026-06-08,2026-06-08 03:48:00,SKU-1002,Bluetooth Speaker,Electronics,East,1999,1,0.0,1999,1999.0
ORD-20260608-0086,2026-06-08,2026-06-08 16:02:00,SKU-1004,Office Chair,Furniture,South,5499,2,0.0,10998,10998.0
ORD-20260608-0087,2026-06-08,2026-06-08 16:47:00,SKU-1004,Office Chair,Furniture,South,5499,1,0.0,5499,5499.0
ORD-20260608-0088,2026-06-08,2026-06-08 10:32:00,SKU-1003,Notebook Set,Stationery,Unknown,249,1,0.0,249,249.0
ORD-20260608-0089,2026-06-08,2026-06-08 02:12:00,SKU-1010,USB-C Cable,Electronics,Central,199,2,15.0,398,338.3
ORD-20260608-0090,2026-06-08,2026-06-08 05:39:00,SKU-1006,Yoga Mat,Fitness,Unknown,599,1,15.0,599,509.15
ORD-20260608-0091,2026-06-08,2026-06-08 00:30:00,SKU-1002,Bluetooth Speaker,Electronics,West,1999,2,5.0,3998,3798.1
ORD-20260608-0092,2026-06-08,2026-06-08 19:17:00,SKU-1001,Wireless Mouse,Electronics,North,799,1,0.0,799,799.0
ORD-20260608-0093,2026-06-08,2026-06-08 08:00:00,SKU-1002,Bluetooth Speaker,Electronics,East,1999,2,0.0,3998,3998.0
ORD-20260608-0094,2026-06-08,2026-06-08 16:49:00,SKU-1002,Bluetooth Speaker,Electronics,East,1999,1,15.0,1999,1699.15
ORD-20260608-0095,2026-06-08,2026-06-08 02:38:00,SKU-1007,Water Bottle,Fitness,East,349,1,10.0,349,314.1
ORD-20260608-0096,2026-06-08,2026-06-08 08:51:00,SKU-1010,USB-C Cable,Electronics,Central,199,1,0.0,199,199.0
ORD-20260608-0097,2026-06-08,2026-06-08 08:52:00,SKU-1008,Backpack,Accessories,Central,1499,1,10.0,1499,1349.1
ORD-20260608-0098,2026-06-08,2026-06-08 23:16:00,SKU-1001,Wireless Mouse,Electronics,East,799,1,0.0,799,799.0
ORD-20260608-0099,2026-06-08,2026-06-08 17:37:00,SKU-1005,LED Desk Lamp,Furniture,West,899,2,15.0,1798,1528.3
ORD-20260608-0100,2026-06-08,2026-06-08 01:55:00,SKU-1010,USB-C Cable,Electronics,Central,199,1,0.0,199,199.0
ORD-20260608-0101,2026-06-08,2026-06-08 19:10:00,SKU-1007,Water Bottle,Fitness,East,349,2,0.0,698,698.0
ORD-20260608-0102,2026-06-08,2026-06-08 13:43:00,SKU-1009,Phone Case,Accessories,West,299,1,0.0,299,299.0
ORD-20260608-0103,2026-06-08,2026-06-08 04:00:00,SKU-1009,Phone Case,Accessories,East,299,2,10.0,598,538.2
ORD-20260608-0104,2026-06-08,2026-06-08 14:25:00,SKU-1002,Bluetooth Speaker,Electronics,South,1999,2,0.0,3998,3998.0
ORD-20260608-0105,2026-06-08,2026-06-08 14:11:00,SKU-1006,Yoga Mat,Fitness,East,599,1,10.0,599,539.1
ORD-20260608-0106,2026-06-08,2026-06-08 13:01:00,SKU-1005,LED Desk Lamp,Furniture,South,899,1,5.0,899,854.05
ORD-20260608-0107,2026-06-08,2026-06-08 22:19:00,SKU-1003,Notebook Set,Stationery,North,249,1,0.0,249,249.0
ORD-20260608-0108,2026-06-08,2026-06-08 20:08:00,SKU-1002,Bluetooth Speaker,Electronics,Central,1999,1,0.0,1999,1999.0
ORD-20260608-0109,2026-06-08,2026-06-08 03:15:00,SKU-1008,Backpack,Accessories,Central,1499,1,5.0,1499,1424.05
ORD-20260608-0110,2026-06-08,2026-06-08 16:28:00,SKU-1006,Yoga Mat,Fitness,South,599,4,0.0,2396,2396.0
ORD-20260608-0111,2026-06-08,2026-06-08 13:03:00,SKU-1003,Notebook Set,Stationery,North,249,2,5.0,498,473.1
ORD-20260608-0112,2026-06-08,2026-06-08 10:44:00,SKU-1007,Water Bottle,Fitness,Central,349,2,0.0,698,698.0
ORD-20260608-0113,2026-06-08,2026-06-08 05:31:00,SKU-1007,Water Bottle,Fitness,South,349,2,0.0,698,698.0
ORD-20260608-0114,2026-06-08,2026-06-08 12:12:00,SKU-1004,Office Chair,Furniture,West,5499,4,10.0,21996,19796.4
ORD-20260608-0115,2026-06-08,2026-06-08 23:32:00,SKU-1002,Bluetooth Speaker,Electronics,Central,1999,1,0.0,1999,1999.0
ORD-20260609-0000,2026-06-09,2026-06-09 00:03:00,SKU-1009,Phone Case,Accessories,North,299,1,0.0,299,299.0
ORD-20260609-0001,2026-06-09,2026-06-09 23:29:00,SKU-1008,Backpack,Accessories,South,1499,1,5.0,1499,1424.05
ORD-20260609-0002,2026-06-09,2026-06-09 23:09:00,SKU-1009,Phone Case,Accessories,East,299,1,0.0,299,299.0
ORD-20260609-0003,2026-06-09,2026-06-09 02:03:00,SKU-1007,Water Bottle,Fitness,South,349,3,0.0,1047,1047.0
ORD-20260609-0004,2026-06-09,2026-06-09 01:15:00,SKU-1002,Bluetooth Speaker,Electronics,Unknown,1999,1,5.0,1999,1899.05
ORD-20260609-0005,2026-06-09,2026-06-09 00:17:00,SKU-1008,Backpack,Accessories,Central,1499,1,15.0,1499,1274.15
ORD-20260609-0006,2026-06-09,2026-06-09 22:23:00,SKU-1002,Bluetooth Speaker,Electronics,North,1999,1,10.0,1999,1799.1
ORD-20260609-0007,2026-06-09,2026-06-09 06:13:00,SKU-1002,Bluetooth Speaker,Electronics,Central,1999,1,0.0,1999,1999.0
ORD-20260609-0008,2026-06-09,2026-06-09 12:13:00,SKU-1007,Water Bottle,Fitness,Central,349,1,0.0,349,349.0
ORD-20260609-0009,2026-06-09,2026-06-09 14:13:00,SKU-1006,Yoga Mat,Fitness,West,599,1,0.0,599,599.0
ORD-20260609-0010,2026-06-09,2026-06-09 12:02:00,SKU-1003,Notebook Set,Stationery,South,249,2,5.0,498,473.1
ORD-20260609-0011,2026-06-09,2026-06-09 03:36:00,SKU-1010,USB-C Cable,Electronics,Unknown,199,2,15.0,398,338.3
ORD-20260609-0012,2026-06-09,2026-06-09 23:39:00,SKU-1008,Backpack,Accessories,South,1499,3,5.0,4497,4272.15
ORD-20260609-0013,2026-06-09,2026-06-09 05:29:00,SKU-1006,Yoga Mat,Fitness,South,599,2,0.0,1198,1198.0
ORD-20260609-0014,2026-06-09,2026-06-09 04:58:00,SKU-1001,Wireless Mouse,Electronics,South,799,2,0.0,1598,1598.0
ORD-20260609-0015,2026-06-09,2026-06-09 21:08:00,SKU-1010,USB-C Cable,Electronics,West,199,2,15.0,398,338.3
ORD-20260609-0016,2026-06-09,2026-06-09 12:34:00,SKU-1009,Phone Case,Accessories,Central,299,2,15.0,598,508.3
ORD-20260609-0017,2026-06-09,2026-06-09 07:40:00,SKU-1001,Wireless Mouse,Electronics,West,799,2,0.0,1598,1598.0
ORD-20260609-0018,2026-06-09,2026-06-09 14:22:00,SKU-1008,Backpack,Accessories,North,1499,4,0.0,5996,5996.0
ORD-20260609-0019,2026-06-09,2026-06-09 13:50:00,SKU-1003,Notebook Set,Stationery,South,249,1,0.0,249,249.0
ORD-20260609-0020,2026-06-09,2026-06-09 15:51:00,SKU-1010,USB-C Cable,Electronics,Unknown,199,4,0.0,796,796.0
ORD-20260609-0021,2026-06-09,2026-06-09 08:13:00,SKU-1002,Bluetooth Speaker,Electronics,North,1999,2,15.0,3998,3398.3
ORD-20260609-0022,2026-06-09,2026-06-09 03:52:00,SKU-1009,Phone Case,Accessories,South,299,2,0.0,598,598.0
ORD-20260609-0023,2026-06-09,2026-06-09 23:09:00,SKU-1001,Wireless Mouse,Electronics,West,799,3,0.0,2397,2397.0
ORD-20260609-0024,2026-06-09,2026-06-09 21:50:00,SKU-1001,Wireless Mouse,Electronics,East,799,1,5.0,799,759.05
ORD-20260609-0025,2026-06-09,2026-06-09 05:19:00,SKU-1002,Bluetooth Speaker,Electronics,Central,1999,1,15.0,1999,1699.15
ORD-20260609-0026,2026-06-09,2026-06-09 07:56:00,SKU-1002,Bluetooth Speaker,Electronics,West,1999,2,10.0,3998,3598.2
ORD-20260609-0027,2026-06-09,2026-06-09 02:38:00,SKU-1006,Yoga Mat,Fitness,Central,599,3,0.0,1797,1797.0
ORD-20260609-0028,2026-06-09,2026-06-09 02:19:00,SKU-1008,Backpack,Accessories,Central,1499,2,5.0,2998,2848.1
ORD-20260609-0029,2026-06-09,2026-06-09 00:06:00,SKU-1004,Office Chair,Furniture,North,5499,2,10.0,10998,9898.2
ORD-20260609-0030,2026-06-09,2026-06-09 08:56:00,SKU-1010,USB-C Cable,Electronics,East,199,3,5.0,597,567.15
ORD-20260609-0031,2026-06-09,2026-06-09 10:32:00,SKU-1009,Phone Case,Accessories,North,299,1,10.0,299,269.1
ORD-20260609-0032,2026-06-09,2026-06-09 23:42:00,SKU-1001,Wireless Mouse,Electronics,Central,799,1,10.0,799,719.1
ORD-20260609-0033,2026-06-09,2026-06-09 09:25:00,SKU-1010,USB-C Cable,Electronics,North,199,2,0.0,398,398.0
ORD-20260609-0034,2026-06-09,2026-06-09 11:04:00,SKU-1009,Phone Case,Accessories,North,299,1,5.0,299,284.05
ORD-20260609-0035,2026-06-09,2026-06-09 16:33:00,SKU-1007,Water Bottle,Fitness,West,349,1,15.0,349,296.65
ORD-20260609-0036,2026-06-09,2026-06-09 16:17:00,SKU-1009,Phone Case,Accessories,Central,299,1,0.0,299,299.0
ORD-20260609-0037,2026-06-09,2026-06-09 14:46:00,SKU-1009,Phone Case,Accessories,West,299,1,0.0,299,299.0
ORD-20260609-0038,2026-06-09,2026-06-09 09:07:00,SKU-1008,Backpack,Accessories,South,1499,1,0.0,1499,1499.0
ORD-20260609-0039,2026-06-09,2026-06-09 14:46:00,SKU-1009,Phone Case,Accessories,South,299,3,0.0,897,897.0
ORD-20260609-0040,2026-06-09,2026-06-09 21:43:00,SKU-1006,Yoga Mat,Fitness,East,599,1,0.0,599,599.0
ORD-20260609-0041,2026-06-09,2026-06-09 07:05:00,SKU-1003,Notebook Set,Stationery,East,249,1,0.0,249,249.0
ORD-20260609-0042,2026-06-09,2026-06-09 08:10:00,SKU-1005,LED Desk Lamp,Furniture,Unknown,899,1,15.0,899,764.15
ORD-20260609-0043,2026-06-09,2026-06-09 00:19:00,SKU-1003,Notebook Set,Stationery,South,249,1,15.0,249,211.65
ORD-20260609-0044,2026-06-09,2026-06-09 20:26:00,SKU-1004,Office Chair,Furniture,North,5499,1,5.0,5499,5224.05
ORD-20260610-0000,2026-06-10,2026-06-10 22:57:00,SKU-1001,Wireless Mouse,Electronics,Central,799,3,0.0,2397,2397.0
ORD-20260610-0001,2026-06-10,2026-06-10 13:39:00,SKU-1008,Backpack,Accessories,East,1499,2,0.0,2998,2998.0
ORD-20260610-0002,2026-06-10,2026-06-10 20:12:00,SKU-1002,Bluetooth Speaker,Electronics,East,1999,2,10.0,3998,3598.2
ORD-20260610-0003,2026-06-10,2026-06-10 06:26:00,SKU-1008,Backpack,Accessories,Central,1499,2,0.0,2998,2998.0
ORD-20260610-0004,2026-06-10,2026-06-10 02:26:00,SKU-1009,Phone Case,Accessories,South,299,2,5.0,598,568.1
ORD-20260610-0005,2026-06-10,2026-06-10 16:58:00,SKU-1009,Phone Case,Accessories,West,299,2,0.0,598,598.0
ORD-20260610-0006,2026-06-10,2026-06-10 17:35:00,SKU-1007,Water Bottle,Fitness,West,349,2,0.0,698,698.0
ORD-20260610-0007,2026-06-10,2026-06-10 18:41:00,SKU-1002,Bluetooth Speaker,Electronics,North,1999,1,5.0,1999,1899.05
ORD-20260610-0008,2026-06-10,2026-06-10 13:11:00,SKU-1004,Office Chair,Furniture,South,5499,2,10.0,10998,9898.2
ORD-20260610-0009,2026-06-10,2026-06-10 09:40:00,SKU-1001,Wireless Mouse,Electronics,Unknown,799,1,0.0,799,799.0
ORD-20260610-0010,2026-06-10,2026-06-10 01:49:00,SKU-1010,USB-C Cable,Electronics,Unknown,199,2,10.0,398,358.2
ORD-20260610-0011,2026-06-10,2026-06-10 01:34:00,SKU-1004,Office Chair,Furniture,West,5499,2,0.0,10998,10998.0
ORD-20260610-0012,2026-06-10,2026-06-10 15:07:00,SKU-1006,Yoga Mat,Fitness,West,599,1,15.0,599,509.15
ORD-20260610-0013,2026-06-10,2026-06-10 15:15:00,SKU-1010,USB-C Cable,Electronics,South,199,1,15.0,199,169.15
ORD-20260610-0014,2026-06-10,2026-06-10 11:58:00,SKU-1009,Phone Case,Accessories,East,299,1,0.0,299,299.0
ORD-20260610-0015,2026-06-10,2026-06-10 10:10:00,SKU-1001,Wireless Mouse,Electronics,West,799,1,0.0,799,799.0
ORD-20260610-0016,2026-06-10,2026-06-10 11:00:00,SKU-1007,Water Bottle,Fitness,South,349,2,0.0,698,698.0
ORD-20260610-0017,2026-06-10,2026-06-10 05:53:00,SKU-1009,Phone Case,Accessories,East,299,1,15.0,299,254.15
ORD-20260610-0018,2026-06-10,2026-06-10 07:05:00,SKU-1002,Bluetooth Speaker,Electronics,West,1999,1,0.0,1999,1999.0
ORD-20260610-0019,2026-06-10,2026-06-10 19:53:00,SKU-1007,Water Bottle,Fitness,Unknown,349,1,0.0,349,349.0
ORD-20260610-0020,2026-06-10,2026-06-10 14:58:00,SKU-1009,Phone Case,Accessories,West,299,1,15.0,299,254.15
ORD-20260610-0021,2026-06-10,2026-06-10 22:22:00,SKU-1008,Backpack,Accessories,East,1499,4,10.0,5996,5396.4
ORD-20260610-0022,2026-06-10,2026-06-10 07:32:00,SKU-1002,Bluetooth Speaker,Electronics,South,1999,1,0.0,1999,1999.0
ORD-20260610-0023,2026-06-10,2026-06-10 18:16:00,SKU-1003,Notebook Set,Stationery,West,249,1,0.0,249,249.0
ORD-20260610-0024,2026-06-10,2026-06-10 08:30:00,SKU-1009,Phone Case,Accessories,West,299,1,0.0,299,299.0
ORD-20260610-0025,2026-06-10,2026-06-10 16:28:00,SKU-1001,Wireless Mouse,Electronics,West,799,1,0.0,799,799.0
ORD-20260610-0026,2026-06-10,2026-06-10 19:13:00,SKU-1006,Yoga Mat,Fitness,East,599,1,15.0,599,509.15
ORD-20260610-0027,2026-06-10,2026-06-10 18:28:00,SKU-1002,Bluetooth Speaker,Electronics,North,1999,1,0.0,1999,1999.0
ORD-20260610-0028,2026-06-10,2026-06-10 23:24:00,SKU-1010,USB-C Cable,Electronics,East,199,2,0.0,398,398.0
ORD-20260610-0029,2026-06-10,2026-06-10 09:25:00,SKU-1008,Backpack,Accessories,Central,1499,1,5.0,1499,1424.05
ORD-20260610-0030,2026-06-10,2026-06-10 11:51:00,SKU-1005,LED Desk Lamp,Furniture,East,899,1,0.0,899,899.0
ORD-20260610-0031,2026-06-10,2026-06-10 03:06:00,SKU-1006,Yoga Mat,Fitness,West,599,1,10.0,599,539.1
ORD-20260610-0032,2026-06-10,2026-06-10 21:05:00,SKU-1007,Water Bottle,Fitness,South,349,1,0.0,349,349.0
ORD-20260610-0033,2026-06-10,2026-06-10 13:43:00,SKU-1003,Notebook Set,Stationery,West,249,2,0.0,498,498.0
ORD-20260610-0034,2026-06-10,2026-06-10 21:49:00,SKU-1002,Bluetooth Speaker,Electronics,West,1999,2,0.0,3998,3998.0
ORD-20260610-0035,2026-06-10,2026-06-10 19:17:00,SKU-1008,Backpack,Accessories,Central,1499,4,10.0,5996,5396.4
ORD-20260610-0036,2026-06-10,2026-06-10 21:38:00,SKU-1008,Backpack,Accessories,South,1499,2,10.0,2998,2698.2
ORD-20260610-0037,2026-06-10,2026-06-10 13:16:00,SKU-1008,Backpack,Accessories,South,1499,1,15.0,1499,1274.15
ORD-20260610-0038,2026-06-10,2026-06-10 12:02:00,SKU-1009,Phone Case,Accessories,East,299,1,0.0,299,299.0
ORD-20260610-0039,2026-06-10,2026-06-10 20:51:00,SKU-1003,Notebook Set,Stationery,North,249,4,5.0,996,946.2
ORD-20260610-0040,2026-06-10,2026-06-10 20:24:00,SKU-1010,USB-C Cable,Electronics,Unknown,199,1,10.0,199,179.1
ORD-20260610-0041,2026-06-10,2026-06-10 17:58:00,SKU-1006,Yoga Mat,Fitness,North,599,1,5.0,599,569.05
ORD-20260610-0042,2026-06-10,2026-06-10 20:32:00,SKU-1002,Bluetooth Speaker,Electronics,East,1999,1,5.0,1999,1899.05
ORD-20260610-0043,2026-06-10,2026-06-10 10:21:00,SKU-1005,LED Desk Lamp,Furniture,Central,899,1,0.0,899,899.0
ORD-20260610-0044,2026-06-10,2026-06-10 14:21:00,SKU-1008,Backpack,Accessories,South,1499,1,5.0,1499,1424.05
ORD-20260610-0045,2026-06-10,2026-06-10 11:27:00,SKU-1008,Backpack,Accessories,West,1499,4,0.0,5996,5996.0
ORD-20260610-0046,2026-06-10,2026-06-10 16:51:00,SKU-1004,Office Chair,Furniture,North,5499,1,0.0,5499,5499.0
ORD-20260610-0047,2026-06-10,2026-06-10 13:39:00,SKU-1002,Bluetooth Speaker,Electronics,Unknown,1999,2,5.0,3998,3798.1
ORD-20260610-0048,2026-06-10,2026-06-10 22:21:00,SKU-1007,Water Bottle,Fitness,East,349,1,0.0,349,349.0
ORD-20260610-0049,2026-06-10,2026-06-10 02:53:00,SKU-1002,Bluetooth Speaker,Electronics,South,1999,2,0.0,3998,3998.0
ORD-20260610-0050,2026-06-10,2026-06-10 08:13:00,SKU-1009,Phone Case,Accessories,Unknown,299,1,0.0,299,299.0
ORD-20260610-0051,2026-06-10,2026-06-10 08:24:00,SKU-1004,Office Chair,Furniture,West,5499,1,0.0,5499,5499.0
ORD-20260610-0052,2026-06-10,2026-06-10 07:05:00,SKU-1006,Yoga Mat,Fitness,West,599,3,10.0,1797,1617.3
ORD-20260610-0053,2026-06-10,2026-06-10 06:48:00,SKU-1001,Wireless Mouse,Electronics,Unknown,799,1,0.0,799,799.0
ORD-20260610-0054,2026-06-10,2026-06-10 08:16:00,SKU-1009,Phone Case,Accessories,South,299,1,10.0,299,269.1
ORD-20260610-0055,2026-06-10,2026-06-10 02:26:00,SKU-1006,Yoga Mat,Fitness,North,599,2,0.0,1198,1198.0
ORD-20260610-0056,2026-06-10,2026-06-10 01:30:00,SKU-1007,Water Bottle,Fitness,Unknown,349,1,5.0,349,331.55
ORD-20260610-0057,2026-06-10,2026-06-10 11:28:00,SKU-1010,USB-C Cable,Electronics,Unknown,199,3,5.0,597,567.15
ORD-20260610-0058,2026-06-10,2026-06-10 14:02:00,SKU-1003,Notebook Set,Stationery,North,249,2,10.0,498,448.2
ORD-20260610-0059,2026-06-10,2026-06-10 23:37:00,SKU-1001,Wireless Mouse,Electronics,West,799,1,15.0,799,679.15
ORD-20260610-0060,2026-06-10,2026-06-10 23:26:00,SKU-1004,Office Chair,Furniture,North,5499,1,5.0,5499,5224.05
ORD-20260610-0061,2026-06-10,2026-06-10 06:53:00,SKU-1001,Wireless Mouse,Electronics,Unknown,799,1,15.0,799,679.15
ORD-20260610-0062,2026-06-10,2026-06-10 00:18:00,SKU-1006,Yoga Mat,Fitness,North,599,1,15.0,599,509.15
ORD-20260610-0063,2026-06-10,2026-06-10 11:34:00,SKU-1010,USB-C Cable,Electronics,West,199,1,5.0,199,189.05
ORD-20260610-0064,2026-06-10,2026-06-10 07:16:00,SKU-1003,Notebook Set,Stationery,South,249,3,0.0,747,747.0
ORD-20260610-0065,2026-06-10,2026-06-10 06:34:00,SKU-1009,Phone Case,Accessories,West,299,2,0.0,598,598.0
ORD-20260610-0066,2026-06-10,2026-06-10 00:55:00,SKU-1001,Wireless Mouse,Electronics,Unknown,799,3,0.0,2397,2397.0
ORD-20260610-0067,2026-06-10,2026-06-10 18:40:00,SKU-1001,Wireless Mouse,Electronics,South,799,3,0.0,2397,2397.0
ORD-20260610-0068,2026-06-10,2026-06-10 15:13:00,SKU-1010,USB-C Cable,Electronics,West,199,2,0.0,398,398.0
ORD-20260610-0069,2026-06-10,2026-06-10 07:08:00,SKU-1008,Backpack,Accessories,West,1499,1,0.0,1499,1499.0
ORD-20260610-0070,2026-06-10,2026-06-10 19:27:00,SKU-1008,Backpack,Accessories,Central,1499,4,15.0,5996,5096.6
ORD-20260610-0071,2026-06-10,2026-06-10 11:08:00,SKU-1001,Wireless Mouse,Electronics,East,799,1,10.0,799,719.1
ORD-20260610-0072,2026-06-10,2026-06-10 03:39:00,SKU-1001,Wireless Mouse,Electronics,North,799,4,15.0,3196,2716.6
ORD-20260610-0073,2026-06-10,2026-06-10 14:05:00,SKU-1004,Office Chair,Furniture,Unknown,5499,1,10.0,5499,4949.1
ORD-20260610-0074,2026-06-10,2026-06-10 03:20:00,SKU-1003,Notebook Set,Stationery,South,249,1,0.0,249,249.0
ORD-20260610-0075,2026-06-10,2026-06-10 03:00:00,SKU-1009,Phone Case,Accessories,North,299,2,10.0,598,538.2
ORD-20260610-0076,2026-06-10,2026-06-10 21:21:00,SKU-1003,Notebook Set,Stationery,North,249,1,0.0,249,249.0
ORD-20260610-0077,2026-06-10,2026-06-10 16:50:00,SKU-1005,LED Desk Lamp,Furniture,West,899,1,5.0,899,854.05
ORD-20260610-0078,2026-06-10,2026-06-10 00:11:00,SKU-1007,Water Bottle,Fitness,West,349,1,15.0,349,296.65
ORD-20260610-0079,2026-06-10,2026-06-10 19:07:00,SKU-1004,Office Chair,Furniture,Central,5499,1,0.0,5499,5499.0
ORD-20260610-0080,2026-06-10,2026-06-10 08:54:00,SKU-1001,Wireless Mouse,Electronics,Unknown,799,1,0.0,799,799.0
ORD-20260610-0081,2026-06-10,2026-06-10 02:16:00,SKU-1008,Backpack,Accessories,West,1499,1,0.0,1499,1499.0
ORD-20260610-0082,2026-06-10,2026-06-10 21:49:00,SKU-1008,Backpack,Accessories,Central,1499,1,0.0,1499,1499.0
ORD-20260610-0083,2026-06-10,2026-06-10 21:56:00,SKU-1004,Office Chair,Furniture,East,5499,1,0.0,5499,5499.0
ORD-20260610-0084,2026-06-10,2026-06-10 20:00:00,SKU-1006,Yoga Mat,Fitness,Central,599,1,0.0,599,599.0
ORD-20260610-0085,2026-06-10,2026-06-10 12:10:00,SKU-1001,Wireless Mouse,Electronics,Central,799,1,0.0,799,799.0
ORD-20260610-0086,2026-06-10,2026-06-10 18:20:00,SKU-1006,Yoga Mat,Fitness,West,599,1,0.0,599,599.0
ORD-20260610-0087,2026-06-10,2026-06-10 20:39:00,SKU-1010,USB-C Cable,Electronics,North,199,1,5.0,199,189.05
ORD-20260610-0088,2026-06-10,2026-06-10 17:17:00,SKU-1004,Office Chair,Furniture,North,5499,1,5.0,5499,5224.05
ORD-20260610-0089,2026-06-10,2026-06-10 10:01:00,SKU-1007,Water Bottle,Fitness,West,349,1,10.0,349,314.1
ORD-20260610-0090,2026-06-10,2026-06-10 08:49:00,SKU-1002,Bluetooth Speaker,Electronics,West,1999,1,0.0,1999,1999.0
ORD-20260610-0091,2026-06-10,2026-06-10 16:50:00,SKU-1004,Office Chair,Furniture,Unknown,5499,1,0.0,5499,5499.0
ORD-20260611-0000,2026-06-11,2026-06-11 17:34:00,SKU-1010,USB-C Cable,Electronics,Unknown,199,1,0.0,199,199.0
ORD-20260611-0001,2026-06-11,2026-06-11 18:06:00,SKU-1001,Wireless Mouse,Electronics,Central,799,2,15.0,1598,1358.3
ORD-20260611-0002,2026-06-11,2026-06-11 05:44:00,SKU-1001,Wireless Mouse,Electronics,North,799,1,5.0,799,759.05
ORD-20260611-0003,2026-06-11,2026-06-11 19:57:00,SKU-1002,Bluetooth Speaker,Electronics,North,1999,1,0.0,1999,1999.0
ORD-20260611-0004,2026-06-11,2026-06-11 07:02:00,SKU-1010,USB-C Cable,Electronics,East,199,3,0.0,597,597.0
ORD-20260611-0005,2026-06-11,2026-06-11 11:51:00,SKU-1006,Yoga Mat,Fitness,North,599,1,0.0,599,599.0
ORD-20260611-0006,2026-06-11,2026-06-11 15:32:00,SKU-1006,Yoga Mat,Fitness,West,599,1,0.0,599,599.0
ORD-20260611-0007,2026-06-11,2026-06-11 03:01:00,SKU-1004,Office Chair,Furniture,West,5499,1,0.0,5499,5499.0
ORD-20260611-0008,2026-06-11,2026-06-11 12:49:00,SKU-1005,LED Desk Lamp,Furniture,North,899,1,5.0,899,854.05
ORD-20260611-0009,2026-06-11,2026-06-11 10:34:00,SKU-1001,Wireless Mouse,Electronics,South,799,2,0.0,1598,1598.0
ORD-20260611-0010,2026-06-11,2026-06-11 03:44:00,SKU-1009,Phone Case,Accessories,Unknown,299,2,0.0,598,598.0
ORD-20260611-0011,2026-06-11,2026-06-11 01:10:00,SKU-1001,Wireless Mouse,Electronics,Central,799,2,5.0,1598,1518.1
ORD-20260611-0012,2026-06-11,2026-06-11 16:34:00,SKU-1006,Yoga Mat,Fitness,South,599,1,0.0,599,599.0
ORD-20260611-0013,2026-06-11,2026-06-11 10:46:00,SKU-1007,Water Bottle,Fitness,Unknown,349,3,5.0,1047,994.65
ORD-20260611-0014,2026-06-11,2026-06-11 21:59:00,SKU-1004,Office Chair,Furniture,South,5499,2,0.0,10998,10998.0
ORD-20260611-0015,2026-06-11,2026-06-11 09:28:00,SKU-1009,Phone Case,Accessories,North,299,2,0.0,598,598.0
ORD-20260611-0016,2026-06-11,2026-06-11 17:22:00,SKU-1009,Phone Case,Accessories,South,299,1,0.0,299,299.0
ORD-20260611-0017,2026-06-11,2026-06-11 05:22:00,SKU-1001,Wireless Mouse,Electronics,Central,799,1,10.0,799,719.1
ORD-20260611-0018,2026-06-11,2026-06-11 19:57:00,SKU-1004,Office Chair,Furniture,Central,5499,2,5.0,10998,10448.1
ORD-20260611-0019,2026-06-11,2026-06-11 23:54:00,SKU-1007,Water Bottle,Fitness,Central,349,1,0.0,349,349.0
ORD-20260611-0020,2026-06-11,2026-06-11 08:14:00,SKU-1004,Office Chair,Furniture,West,5499,1,15.0,5499,4674.15
ORD-20260611-0021,2026-06-11,2026-06-11 11:05:00,SKU-1010,USB-C Cable,Electronics,Central,199,3,0.0,597,597.0
ORD-20260611-0022,2026-06-11,2026-06-11 17:13:00,SKU-1003,Notebook Set,Stationery,Central,249,1,0.0,249,249.0
ORD-20260611-0023,2026-06-11,2026-06-11 15:37:00,SKU-1008,Backpack,Accessories,South,1499,1,15.0,1499,1274.15
ORD-20260611-0024,2026-06-11,2026-06-11 22:19:00,SKU-1003,Notebook Set,Stationery,Central,249,2,10.0,498,448.2
ORD-20260611-0025,2026-06-11,2026-06-11 10:21:00,SKU-1007,Water Bottle,Fitness,North,349,1,0.0,349,349.0
ORD-20260611-0026,2026-06-11,2026-06-11 09:10:00,SKU-1007,Water Bottle,Fitness,South,349,1,0.0,349,349.0
ORD-20260611-0027,2026-06-11,2026-06-11 20:56:00,SKU-1002,Bluetooth Speaker,Electronics,West,1999,1,0.0,1999,1999.0
ORD-20260611-0028,2026-06-11,2026-06-11 14:44:00,SKU-1007,Water Bottle,Fitness,Central,349,1,0.0,349,349.0
ORD-20260611-0029,2026-06-11,2026-06-11 17:31:00,SKU-1002,Bluetooth Speaker,Electronics,North,1999,3,10.0,5997,5397.3
ORD-20260611-0030,2026-06-11,2026-06-11 14:28:00,SKU-1002,Bluetooth Speaker,Electronics,North,1999,1,15.0,1999,1699.15
ORD-20260611-0031,2026-06-11,2026-06-11 11:18:00,SKU-1008,Backpack,Accessories,Unknown,1499,2,0.0,2998,2998.0
ORD-20260611-0032,2026-06-11,2026-06-11 23:39:00,SKU-1008,Backpack,Accessories,East,1499,2,0.0,2998,2998.0
ORD-20260611-0033,2026-06-11,2026-06-11 19:42:00,SKU-1001,Wireless Mouse,Electronics,Central,799,1,0.0,799,799.0
ORD-20260611-0034,2026-06-11,2026-06-11 14:45:00,SKU-1001,Wireless Mouse,Electronics,Unknown,799,2,0.0,1598,1598.0
ORD-20260611-0035,2026-06-11,2026-06-11 13:27:00,SKU-1008,Backpack,Accessories,Central,1499,3,0.0,4497,4497.0
ORD-20260611-0036,2026-06-11,2026-06-11 20:46:00,SKU-1006,Yoga Mat,Fitness,Unknown,599,3,15.0,1797,1527.45
ORD-20260611-0037,2026-06-11,2026-06-11 06:43:00,SKU-1010,USB-C Cable,Electronics,West,199,3,15.0,597,507.45
ORD-20260611-0038,2026-06-11,2026-06-11 15:11:00,SKU-1003,Notebook Set,Stationery,Central,249,1,0.0,249,249.0
ORD-20260611-0039,2026-06-11,2026-06-11 13:54:00,SKU-1007,Water Bottle,Fitness,Unknown,349,1,0.0,349,349.0
ORD-20260611-0040,2026-06-11,2026-06-11 21:43:00,SKU-1010,USB-C Cable,Electronics,North,199,3,0.0,597,597.0
ORD-20260611-0041,2026-06-11,2026-06-11 18:39:00,SKU-1010,USB-C Cable,Electronics,West,199,2,0.0,398,398.0
ORD-20260611-0042,2026-06-11,2026-06-11 00:32:00,SKU-1001,Wireless Mouse,Electronics,West,799,1,15.0,799,679.15
ORD-20260611-0043,2026-06-11,2026-06-11 22:14:00,SKU-1010,USB-C Cable,Electronics,South,199,2,5.0,398,378.1
ORD-20260611-0044,2026-06-11,2026-06-11 12:55:00,SKU-1009,Phone Case,Accessories,South,299,3,5.0,897,852.15
ORD-20260611-0045,2026-06-11,2026-06-11 00:23:00,SKU-1005,LED Desk Lamp,Furniture,North,899,1,0.0,899,899.0
ORD-20260611-0046,2026-06-11,2026-06-11 17:09:00,SKU-1004,Office Chair,Furniture,West,5499,3,0.0,16497,16497.0
ORD-20260611-0047,2026-06-11,2026-06-11 16:07:00,SKU-1004,Office Chair,Furniture,North,5499,1,15.0,5499,4674.15
ORD-20260611-0048,2026-06-11,2026-06-11 22:55:00,SKU-1009,Phone Case,Accessories,North,299,1,0.0,299,299.0
ORD-20260611-0049,2026-06-11,2026-06-11 19:48:00,SKU-1001,Wireless Mouse,Electronics,North,799,1,0.0,799,799.0
ORD-20260611-0050,2026-06-11,2026-06-11 13:57:00,SKU-1009,Phone Case,Accessories,West,299,2,0.0,598,598.0
ORD-20260611-0051,2026-06-11,2026-06-11 23:28:00,SKU-1009,Phone Case,Accessories,Unknown,299,1,0.0,299,299.0
ORD-20260611-0052,2026-06-11,2026-06-11 20:12:00,SKU-1008,Backpack,Accessories,North,1499,2,0.0,2998,2998.0
ORD-20260611-0053,2026-06-11,2026-06-11 19:40:00,SKU-1006,Yoga Mat,Fitness,South,599,2,0.0,1198,1198.0
ORD-20260611-0054,2026-06-11,2026-06-11 23:28:00,SKU-1008,Backpack,Accessories,North,1499,1,10.0,1499,1349.1
ORD-20260611-0055,2026-06-11,2026-06-11 01:31:00,SKU-1008,Backpack,Accessories,Central,1499,1,10.0,1499,1349.1
ORD-20260611-0056,2026-06-11,2026-06-11 14:45:00,SKU-1005,LED Desk Lamp,Furniture,East,899,2,5.0,1798,1708.1
ORD-20260611-0057,2026-06-11,2026-06-11 19:00:00,SKU-1006,Yoga Mat,Fitness,Central,599,1,0.0,599,599.0
ORD-20260611-0058,2026-06-11,2026-06-11 06:54:00,SKU-1001,Wireless Mouse,Electronics,North,799,2,0.0,1598,1598.0
ORD-20260611-0059,2026-06-11,2026-06-11 15:28:00,SKU-1005,LED Desk Lamp,Furniture,North,899,1,0.0,899,899.0
ORD-20260611-0060,2026-06-11,2026-06-11 21:47:00,SKU-1003,Notebook Set,Stationery,West,249,1,0.0,249,249.0
ORD-20260611-0061,2026-06-11,2026-06-11 10:03:00,SKU-1008,Backpack,Accessories,Central,1499,1,0.0,1499,1499.0
ORD-20260611-0062,2026-06-11,2026-06-11 20:13:00,SKU-1002,Bluetooth Speaker,Electronics,South,1999,4,15.0,7996,6796.6
ORD-20260611-0063,2026-06-11,2026-06-11 07:27:00,SKU-1009,Phone Case,Accessories,East,299,1,0.0,299,299.0
ORD-20260611-0064,2026-06-11,2026-06-11 04:32:00,SKU-1001,Wireless Mouse,Electronics,South,799,1,5.0,799,759.05
ORD-20260611-0065,2026-06-11,2026-06-11 21:34:00,SKU-1005,LED Desk Lamp,Furniture,Central,899,3,10.0,2697,2427.3
ORD-20260611-0066,2026-06-11,2026-06-11 17:49:00,SKU-1006,Yoga Mat,Fitness,Central,599,1,0.0,599,599.0
ORD-20260611-0067,2026-06-11,2026-06-11 06:26:00,SKU-1008,Backpack,Accessories,West,1499,3,0.0,4497,4497.0
ORD-20260611-0068,2026-06-11,2026-06-11 14:08:00,SKU-1005,LED Desk Lamp,Furniture,West,899,1,15.0,899,764.15
ORD-20260611-0069,2026-06-11,2026-06-11 23:47:00,SKU-1010,USB-C Cable,Electronics,Central,199,1,0.0,199,199.0
ORD-20260611-0070,2026-06-11,2026-06-11 21:24:00,SKU-1007,Water Bottle,Fitness,Central,349,3,15.0,1047,889.95
ORD-20260611-0071,2026-06-11,2026-06-11 13:28:00,SKU-1001,Wireless Mouse,Electronics,North,799,1,0.0,799,799.0
ORD-20260611-0072,2026-06-11,2026-06-11 08:48:00,SKU-1001,Wireless Mouse,Electronics,West,799,1,0.0,799,799.0
ORD-20260611-0073,2026-06-11,2026-06-11 16:19:00,SKU-1007,Water Bottle,Fitness,Central,349,1,0.0,349,349.0
ORD-20260611-0074,2026-06-11,2026-06-11 08:06:00,SKU-1001,Wireless Mouse,Electronics,West,799,1,5.0,799,759.05
ORD-20260611-0075,2026-06-11,2026-06-11 09:02:00,SKU-1004,Office Chair,Furniture,South,5499,1,5.0,5499,5224.05
ORD-20260612-0000,2026-06-12,2026-06-12 01:39:00,SKU-1004,Office Chair,Furniture,East,5499,1,0.0,5499,5499.0
ORD-20260612-0001,2026-06-12,2026-06-12 10:18:00,SKU-1004,Office Chair,Furniture,Unknown,5499,2,0.0,10998,10998.0
ORD-20260612-0002,2026-06-12,2026-06-12 11:15:00,SKU-1008,Backpack,Accessories,North,1499,4,0.0,5996,5996.0
ORD-20260612-0003,2026-06-12,2026-06-12 16:48:00,SKU-1009,Phone Case,Accessories,Unknown,299,1,0.0,299,299.0
ORD-20260612-0004,2026-06-12,2026-06-12 06:48:00,SKU-1006,Yoga Mat,Fitness,North,599,1,0.0,599,599.0
ORD-20260612-0005,2026-06-12,2026-06-12 11:29:00,SKU-1009,Phone Case,Accessories,East,299,1,0.0,299,299.0
ORD-20260612-0006,2026-06-12,2026-06-12 02:45:00,SKU-1009,Phone Case,Accessories,West,299,1,10.0,299,269.1
ORD-20260612-0007,2026-06-12,2026-06-12 18:39:00,SKU-1005,LED Desk Lamp,Furniture,North,899,2,5.0,1798,1708.1
ORD-20260612-0008,2026-06-12,2026-06-12 01:59:00,SKU-1010,USB-C Cable,Electronics,Unknown,199,1,0.0,199,199.0
ORD-20260612-0009,2026-06-12,2026-06-12 14:36:00,SKU-1002,Bluetooth Speaker,Electronics,Unknown,1999,1,0.0,1999,1999.0
ORD-20260612-0010,2026-06-12,2026-06-12 13:35:00,SKU-1003,Notebook Set,Stationery,Unknown,249,2,0.0,498,498.0
ORD-20260612-0011,2026-06-12,2026-06-12 20:00:00,SKU-1003,Notebook Set,Stationery,Central,249,2,0.0,498,498.0
ORD-20260612-0012,2026-06-12,2026-06-12 21:29:00,SKU-1006,Yoga Mat,Fitness,East,599,2,0.0,1198,1198.0
ORD-20260612-0013,2026-06-12,2026-06-12 16:53:00,SKU-1010,USB-C Cable,Electronics,South,199,1,0.0,199,199.0
ORD-20260612-0014,2026-06-12,2026-06-12 18:11:00,SKU-1007,Water Bottle,Fitness,Unknown,349,2,0.0,698,698.0
ORD-20260612-0015,2026-06-12,2026-06-12 00:55:00,SKU-1006,Yoga Mat,Fitness,Unknown,599,2,15.0,1198,1018.3
ORD-20260612-0016,2026-06-12,2026-06-12 05:48:00,SKU-1004,Office Chair,Furniture,East,5499,1,0.0,5499,5499.0
ORD-20260612-0017,2026-06-12,2026-06-12 18:33:00,SKU-1005,LED Desk Lamp,Furniture,Unknown,899,1,5.0,899,854.05
ORD-20260612-0018,2026-06-12,2026-06-12 18:14:00,SKU-1003,Notebook Set,Stationery,East,249,3,15.0,747,634.95
ORD-20260612-0019,2026-06-12,2026-06-12 11:45:00,SKU-1008,Backpack,Accessories,West,1499,2,0.0,2998,2998.0
ORD-20260612-0020,2026-06-12,2026-06-12 11:58:00,SKU-1010,USB-C Cable,Electronics,North,199,2,10.0,398,358.2
ORD-20260612-0021,2026-06-12,2026-06-12 21:36:00,SKU-1002,Bluetooth Speaker,Electronics,Central,1999,1,5.0,1999,1899.05
ORD-20260612-0022,2026-06-12,2026-06-12 20:38:00,SKU-1003,Notebook Set,Stationery,East,249,1,15.0,249,211.65
ORD-20260612-0023,2026-06-12,2026-06-12 15:47:00,SKU-1004,Office Chair,Furniture,Central,5499,3,15.0,16497,14022.45
ORD-20260612-0024,2026-06-12,2026-06-12 14:54:00,SKU-1006,Yoga Mat,Fitness,Unknown,599,2,0.0,1198,1198.0
ORD-20260612-0025,2026-06-12,2026-06-12 15:45:00,SKU-1001,Wireless Mouse,Electronics,East,799,2,0.0,1598,1598.0
ORD-20260612-0026,2026-06-12,2026-06-12 21:51:00,SKU-1010,USB-C Cable,Electronics,East,199,2,5.0,398,378.1
ORD-20260612-0027,2026-06-12,2026-06-12 04:47:00,SKU-1006,Yoga Mat,Fitness,South,599,1,15.0,599,509.15
ORD-20260612-0028,2026-06-12,2026-06-12 20:49:00,SKU-1008,Backpack,Accessories,North,1499,1,0.0,1499,1499.0
ORD-20260612-0029,2026-06-12,2026-06-12 04:26:00,SKU-1003,Notebook Set,Stationery,South,249,1,0.0,249,249.0
ORD-20260612-0030,2026-06-12,2026-06-12 21:51:00,SKU-1006,Yoga Mat,Fitness,East,599,2,10.0,1198,1078.2
ORD-20260612-0031,2026-06-12,2026-06-12 21:16:00,SKU-1004,Office Chair,Furniture,South,5499,1,10.0,5499,4949.1
ORD-20260612-0032,2026-06-12,2026-06-12 05:00:00,SKU-1005,LED Desk Lamp,Furniture,South,899,1,0.0,899,899.0
ORD-20260612-0033,2026-06-12,2026-06-12 00:53:00,SKU-1006,Yoga Mat,Fitness,Unknown,599,1,0.0,599,599.0
ORD-20260612-0034,2026-06-12,2026-06-12 18:38:00,SKU-1009,Phone Case,Accessories,Unknown,299,1,15.0,299,254.15
ORD-20260612-0035,2026-06-12,2026-06-12 19:48:00,SKU-1010,USB-C Cable,Electronics,South,199,1,0.0,199,199.0
ORD-20260612-0036,2026-06-12,2026-06-12 05:04:00,SKU-1005,LED Desk Lamp,Furniture,West,899,1,5.0,899,854.05
ORD-20260612-0037,2026-06-12,2026-06-12 09:29:00,SKU-1001,Wireless Mouse,Electronics,Central,799,3,15.0,2397,2037.45
ORD-20260612-0038,2026-06-12,2026-06-12 12:14:00,SKU-1003,Notebook Set,Stationery,Unknown,249,1,0.0,249,249.0
ORD-20260612-0039,2026-06-12,2026-06-12 20:29:00,SKU-1006,Yoga Mat,Fitness,Unknown,599,1,0.0,599,599.0
ORD-20260612-0040,2026-06-12,2026-06-12 19:27:00,SKU-1008,Backpack,Accessories,South,1499,2,0.0,2998,2998.0
ORD-20260612-0041,2026-06-12,2026-06-12 05:37:00,SKU-1001,Wireless Mouse,Electronics,East,799,4,0.0,3196,3196.0
ORD-20260612-0042,2026-06-12,2026-06-12 18:32:00,SKU-1003,Notebook Set,Stationery,East,249,1,15.0,249,211.65
ORD-20260612-0043,2026-06-12,2026-06-12 16:15:00,SKU-1003,Notebook Set,Stationery,West,249,1,5.0,249,236.55
ORD-20260612-0044,2026-06-12,2026-06-12 21:38:00,SKU-1009,Phone Case,Accessories,Unknown,299,1,0.0,299,299.0
ORD-20260612-0045,2026-06-12,2026-06-12 07:37:00,SKU-1003,Notebook Set,Stationery,North,249,1,0.0,249,249.0
ORD-20260612-0046,2026-06-12,2026-06-12 16:20:00,SKU-1002,Bluetooth Speaker,Electronics,Central,1999,3,5.0,5997,5697.15
ORD-20260612-0047,2026-06-12,2026-06-12 23:39:00,SKU-1002,Bluetooth Speaker,Electronics,Unknown,1999,1,10.0,1999,1799.1
ORD-20260612-0048,2026-06-12,2026-06-12 21:32:00,SKU-1009,Phone Case,Accessories,North,299,2,0.0,598,598.0
ORD-20260612-0049,2026-06-12,2026-06-12 16:20:00,SKU-1004,Office Chair,Furniture,Central,5499,2,5.0,10998,10448.1
ORD-20260612-0050,2026-06-12,2026-06-12 10:53:00,SKU-1001,Wireless Mouse,Electronics,Central,799,1,10.0,799,719.1
ORD-20260612-0051,2026-06-12,2026-06-12 22:45:00,SKU-1010,USB-C Cable,Electronics,North,199,2,0.0,398,398.0
ORD-20260612-0052,2026-06-12,2026-06-12 10:36:00,SKU-1006,Yoga Mat,Fitness,North,599,1,0.0,599,599.0
ORD-20260612-0053,2026-06-12,2026-06-12 01:25:00,SKU-1001,Wireless Mouse,Electronics,East,799,1,15.0,799,679.15
ORD-20260612-0054,2026-06-12,2026-06-12 23:56:00,SKU-1004,Office Chair,Furniture,Unknown,5499,2,15.0,10998,9348.3
ORD-20260612-0055,2026-06-12,2026-06-12 19:00:00,SKU-1003,Notebook Set,Stationery,North,249,1,0.0,249,249.0
ORD-20260612-0056,2026-06-12,2026-06-12 19:58:00,SKU-1001,Wireless Mouse,Electronics,Unknown,799,1,5.0,799,759.05
ORD-20260612-0057,2026-06-12,2026-06-12 17:49:00,SKU-1006,Yoga Mat,Fitness,South,599,3,15.0,1797,1527.45
ORD-20260612-0058,2026-06-12,2026-06-12 03:41:00,SKU-1005,LED Desk Lamp,Furniture,Central,899,1,0.0,899,899.0
ORD-20260612-0059,2026-06-12,2026-06-12 14:45:00,SKU-1007,Water Bottle,Fitness,West,349,3,15.0,1047,889.95
ORD-20260612-0060,2026-06-12,2026-06-12 14:36:00,SKU-1003,Notebook Set,Stationery,West,249,1,10.0,249,224.1
ORD-20260612-0061,2026-06-12,2026-06-12 23:57:00,SKU-1002,Bluetooth Speaker,Electronics,East,1999,1,0.0,1999,1999.0
ORD-20260612-0062,2026-06-12,2026-06-12 17:59:00,SKU-1008,Backpack,Accessories,East,1499,1,10.0,1499,1349.1
ORD-20260612-0063,2026-06-12,2026-06-12 03:47:00,SKU-1006,Yoga Mat,Fitness,Central,599,1,0.0,599,599.0
ORD-20260612-0064,2026-06-12,2026-06-12 18:20:00,SKU-1010,USB-C Cable,Electronics,East,199,1,0.0,199,199.0
ORD-20260612-0065,2026-06-12,2026-06-12 19:44:00,SKU-1005,LED Desk Lamp,Furniture,East,899,4,10.0,3596,3236.4
ORD-20260612-0066,2026-06-12,2026-06-12 06:16:00,SKU-1004,Office Chair,Furniture,West,5499,1,0.0,5499,5499.0
ORD-20260612-0067,2026-06-12,2026-06-12 19:19:00,SKU-1003,Notebook Set,Stationery,East,249,1,10.0,249,224.1
ORD-20260612-0068,2026-06-12,2026-06-12 06:47:00,SKU-1003,Notebook Set,Stationery,East,249,1,0.0,249,249.0
ORD-20260612-0069,2026-06-12,2026-06-12 16:59:00,SKU-1006,Yoga Mat,Fitness,West,599,3,0.0,1797,1797.0
ORD-20260612-0070,2026-06-12,2026-06-12 23:28:00,SKU-1002,Bluetooth Speaker,Electronics,East,1999,1,0.0,1999,1999.0
ORD-20260612-0071,2026-06-12,2026-06-12 14:01:00,SKU-1003,Notebook Set,Stationery,Unknown,249,1,0.0,249,249.0
ORD-20260612-0072,2026-06-12,2026-06-12 03:07:00,SKU-1002,Bluetooth Speaker,Electronics,Central,1999,1,5.0,1999,1899.05
ORD-20260613-0000,2026-06-13,2026-06-13 02:21:00,SKU-1010,USB-C Cable,Electronics,East,199,2,0.0,398,398.0
ORD-20260613-0001,2026-06-13,2026-06-13 09:40:00,SKU-1002,Bluetooth Speaker,Electronics,East,1999,1,0.0,1999,1999.0
ORD-20260613-0002,2026-06-13,2026-06-13 22:12:00,SKU-1003,Notebook Set,Stationery,East,249,1,0.0,249,249.0
ORD-20260613-0003,2026-06-13,2026-06-13 00:53:00,SKU-1001,Wireless Mouse,Electronics,West,799,1,0.0,799,799.0
ORD-20260613-0004,2026-06-13,2026-06-13 15:47:00,SKU-1009,Phone Case,Accessories,North,299,2,0.0,598,598.0
ORD-20260613-0005,2026-06-13,2026-06-13 04:46:00,SKU-1002,Bluetooth Speaker,Electronics,Central,1999,1,10.0,1999,1799.1
ORD-20260613-0006,2026-06-13,2026-06-13 18:29:00,SKU-1009,Phone Case,Accessories,East,299,1,0.0,299,299.0
ORD-20260613-0007,2026-06-13,2026-06-13 20:11:00,SKU-1004,Office Chair,Furniture,Unknown,5499,2,10.0,10998,9898.2
ORD-20260613-0008,2026-06-13,2026-06-13 13:45:00,SKU-1003,Notebook Set,Stationery,East,249,1,10.0,249,224.1
ORD-20260613-0009,2026-06-13,2026-06-13 21:37:00,SKU-1009,Phone Case,Accessories,South,299,1,15.0,299,254.15
ORD-20260613-0010,2026-06-13,2026-06-13 02:23:00,SKU-1006,Yoga Mat,Fitness,Unknown,599,1,0.0,599,599.0
ORD-20260613-0011,2026-06-13,2026-06-13 15:30:00,SKU-1009,Phone Case,Accessories,Unknown,299,1,0.0,299,299.0
ORD-20260613-0012,2026-06-13,2026-06-13 21:28:00,SKU-1006,Yoga Mat,Fitness,North,599,2,0.0,1198,1198.0
ORD-20260613-0013,2026-06-13,2026-06-13 01:32:00,SKU-1001,Wireless Mouse,Electronics,West,799,1,5.0,799,759.05
ORD-20260613-0014,2026-06-13,2026-06-13 19:46:00,SKU-1006,Yoga Mat,Fitness,Unknown,599,1,5.0,599,569.05
ORD-20260613-0015,2026-06-13,2026-06-13 22:57:00,SKU-1007,Water Bottle,Fitness,Unknown,349,2,10.0,698,628.2
ORD-20260613-0016,2026-06-13,2026-06-13 01:34:00,SKU-1002,Bluetooth Speaker,Electronics,East,1999,3,0.0,5997,5997.0
ORD-20260613-0017,2026-06-13,2026-06-13 11:11:00,SKU-1010,USB-C Cable,Electronics,Central,199,1,10.0,199,179.1
ORD-20260613-0018,2026-06-13,2026-06-13 16:33:00,SKU-1005,LED Desk Lamp,Furniture,West,899,1,15.0,899,764.15
ORD-20260613-0019,2026-06-13,2026-06-13 23:08:00,SKU-1010,USB-C Cable,Electronics,Central,199,1,0.0,199,199.0
ORD-20260613-0020,2026-06-13,2026-06-13 07:08:00,SKU-1010,USB-C Cable,Electronics,East,199,1,0.0,199,199.0
ORD-20260613-0021,2026-06-13,2026-06-13 12:24:00,SKU-1001,Wireless Mouse,Electronics,East,799,1,5.0,799,759.05
ORD-20260613-0022,2026-06-13,2026-06-13 14:41:00,SKU-1008,Backpack,Accessories,South,1499,4,0.0,5996,5996.0
ORD-20260613-0023,2026-06-13,2026-06-13 15:22:00,SKU-1006,Yoga Mat,Fitness,North,599,1,0.0,599,599.0
ORD-20260613-0024,2026-06-13,2026-06-13 11:03:00,SKU-1009,Phone Case,Accessories,South,299,1,10.0,299,269.1
ORD-20260613-0025,2026-06-13,2026-06-13 06:10:00,SKU-1002,Bluetooth Speaker,Electronics,North,1999,1,0.0,1999,1999.0
ORD-20260613-0026,2026-06-13,2026-06-13 18:18:00,SKU-1002,Bluetooth Speaker,Electronics,West,1999,1,0.0,1999,1999.0
ORD-20260613-0027,2026-06-13,2026-06-13 20:07:00,SKU-1008,Backpack,Accessories,Central,1499,2,5.0,2998,2848.1
ORD-20260613-0028,2026-06-13,2026-06-13 19:30:00,SKU-1001,Wireless Mouse,Electronics,West,799,3,0.0,2397,2397.0
ORD-20260613-0029,2026-06-13,2026-06-13 07:49:00,SKU-1008,Backpack,Accessories,Central,1499,1,0.0,1499,1499.0
ORD-20260613-0030,2026-06-13,2026-06-13 21:14:00,SKU-1002,Bluetooth Speaker,Electronics,Central,1999,3,5.0,5997,5697.15
ORD-20260613-0031,2026-06-13,2026-06-13 22:10:00,SKU-1002,Bluetooth Speaker,Electronics,Unknown,1999,1,10.0,1999,1799.1
ORD-20260613-0032,2026-06-13,2026-06-13 18:37:00,SKU-1009,Phone Case,Accessories,Central,299,4,0.0,1196,1196.0
ORD-20260613-0033,2026-06-13,2026-06-13 07:45:00,SKU-1007,Water Bottle,Fitness,Unknown,349,2,0.0,698,698.0
ORD-20260613-0034,2026-06-13,2026-06-13 13:56:00,SKU-1003,Notebook Set,Stationery,South,249,2,5.0,498,473.1
ORD-20260613-0035,2026-06-13,2026-06-13 18:52:00,SKU-1005,LED Desk Lamp,Furniture,East,899,1,5.0,899,854.05
ORD-20260613-0036,2026-06-13,2026-06-13 06:46:00,SKU-1006,Yoga Mat,Fitness,Unknown,599,1,0.0,599,599.0
ORD-20260613-0037,2026-06-13,2026-06-13 12:37:00,SKU-1009,Phone Case,Accessories,East,299,1,0.0,299,299.0
ORD-20260613-0038,2026-06-13,2026-06-13 14:47:00,SKU-1009,Phone Case,Accessories,East,299,1,10.0,299,269.1
ORD-20260613-0039,2026-06-13,2026-06-13 09:21:00,SKU-1005,LED Desk Lamp,Furniture,Central,899,3,0.0,2697,2697.0
ORD-20260613-0040,2026-06-13,2026-06-13 02:42:00,SKU-1009,Phone Case,Accessories,East,299,2,10.0,598,538.2
ORD-20260613-0041,2026-06-13,2026-06-13 17:54:00,SKU-1007,Water Bottle,Fitness,Central,349,2,5.0,698,663.1
ORD-20260613-0042,2026-06-13,2026-06-13 15:56:00,SKU-1006,Yoga Mat,Fitness,East,599,1,5.0,599,569.05
ORD-20260613-0043,2026-06-13,2026-06-13 10:18:00,SKU-1004,Office Chair,Furniture,West,5499,1,10.0,5499,4949.1
ORD-20260613-0044,2026-06-13,2026-06-13 18:32:00,SKU-1005,LED Desk Lamp,Furniture,South,899,1,0.0,899,899.0
ORD-20260613-0045,2026-06-13,2026-06-13 00:14:00,SKU-1005,LED Desk Lamp,Furniture,North,899,2,0.0,1798,1798.0
ORD-20260613-0046,2026-06-13,2026-06-13 02:41:00,SKU-1010,USB-C Cable,Electronics,Central,199,2,5.0,398,378.1
ORD-20260613-0047,2026-06-13,2026-06-13 04:09:00,SKU-1003,Notebook Set,Stationery,Central,249,4,0.0,996,996.0
ORD-20260613-0048,2026-06-13,2026-06-13 00:50:00,SKU-1001,Wireless Mouse,Electronics,Central,799,1,0.0,799,799.0
ORD-20260614-0000,2026-06-14,2026-06-14 05:09:00,SKU-1003,Notebook Set,Stationery,Unknown,249,2,5.0,498,473.1
ORD-20260614-0001,2026-06-14,2026-06-14 11:54:00,SKU-1007,Water Bottle,Fitness,North,349,1,0.0,349,349.0
ORD-20260614-0002,2026-06-14,2026-06-14 10:05:00,SKU-1003,Notebook Set,Stationery,East,249,1,10.0,249,224.1
ORD-20260614-0003,2026-06-14,2026-06-14 06:35:00,SKU-1003,Notebook Set,Stationery,Central,249,1,10.0,249,224.1
ORD-20260614-0004,2026-06-14,2026-06-14 13:08:00,SKU-1008,Backpack,Accessories,Unknown,1499,1,15.0,1499,1274.15
ORD-20260614-0005,2026-06-14,2026-06-14 12:31:00,SKU-1006,Yoga Mat,Fitness,Unknown,599,2,15.0,1198,1018.3
ORD-20260614-0006,2026-06-14,2026-06-14 20:31:00,SKU-1001,Wireless Mouse,Electronics,East,799,1,0.0,799,799.0
ORD-20260614-0007,2026-06-14,2026-06-14 18:42:00,SKU-1002,Bluetooth Speaker,Electronics,North,1999,2,0.0,3998,3998.0
ORD-20260614-0008,2026-06-14,2026-06-14 04:06:00,SKU-1005,LED Desk Lamp,Furniture,East,899,1,0.0,899,899.0
ORD-20260614-0009,2026-06-14,2026-06-14 17:15:00,SKU-1003,Notebook Set,Stationery,East,249,2,0.0,498,498.0
ORD-20260614-0010,2026-06-14,2026-06-14 18:41:00,SKU-1010,USB-C Cable,Electronics,South,199,2,10.0,398,358.2
ORD-20260614-0011,2026-06-14,2026-06-14 00:40:00,SKU-1004,Office Chair,Furniture,West,5499,1,0.0,5499,5499.0
ORD-20260614-0012,2026-06-14,2026-06-14 20:59:00,SKU-1008,Backpack,Accessories,South,1499,3,0.0,4497,4497.0
ORD-20260614-0013,2026-06-14,2026-06-14 21:52:00,SKU-1004,Office Chair,Furniture,South,5499,1,0.0,5499,5499.0
ORD-20260614-0014,2026-06-14,2026-06-14 16:03:00,SKU-1010,USB-C Cable,Electronics,Unknown,199,3,5.0,597,567.15
ORD-20260614-0015,2026-06-14,2026-06-14 22:45:00,SKU-1004,Office Chair,Furniture,West,5499,1,0.0,5499,5499.0
ORD-20260614-0016,2026-06-14,2026-06-14 18:10:00,SKU-1006,Yoga Mat,Fitness,North,599,1,15.0,599,509.15
ORD-20260614-0017,2026-06-14,2026-06-14 06:44:00,SKU-1002,Bluetooth Speaker,Electronics,West,1999,2,0.0,3998,3998.0
ORD-20260614-0018,2026-06-14,2026-06-14 04:38:00,SKU-1002,Bluetooth Speaker,Electronics,Unknown,1999,1,0.0,1999,1999.0
ORD-20260614-0019,2026-06-14,2026-06-14 09:30:00,SKU-1006,Yoga Mat,Fitness,North,599,1,0.0,599,599.0
ORD-20260614-0020,2026-06-14,2026-06-14 13:51:00,SKU-1010,USB-C Cable,Electronics,West,199,1,0.0,199,199.0
ORD-20260614-0021,2026-06-14,2026-06-14 03:47:00,SKU-1007,Water Bottle,Fitness,West,349,1,15.0,349,296.65
ORD-20260614-0022,2026-06-14,2026-06-14 13:36:00,SKU-1003,Notebook Set,Stationery,East,249,3,0.0,747,747.0
ORD-20260614-0023,2026-06-14,2026-06-14 22:58:00,SKU-1005,LED Desk Lamp,Furniture,Unknown,899,1,5.0,899,854.05
ORD-20260614-0024,2026-06-14,2026-06-14 15:58:00,SKU-1003,Notebook Set,Stationery,West,249,1,15.0,249,211.65
ORD-20260614-0025,2026-06-14,2026-06-14 15:16:00,SKU-1001,Wireless Mouse,Electronics,South,799,2,15.0,1598,1358.3
ORD-20260614-0026,2026-06-14,2026-06-14 18:43:00,SKU-1009,Phone Case,Accessories,South,299,1,10.0,299,269.1
ORD-20260614-0027,2026-06-14,2026-06-14 09:32:00,SKU-1005,LED Desk Lamp,Furniture,Central,899,1,0.0,899,899.0
ORD-20260614-0028,2026-06-14,2026-06-14 23:49:00,SKU-1006,Yoga Mat,Fitness,Unknown,599,4,0.0,2396,2396.0
ORD-20260614-0029,2026-06-14,2026-06-14 15:12:00,SKU-1007,Water Bottle,Fitness,North,349,1,0.0,349,349.0
ORD-20260614-0030,2026-06-14,2026-06-14 07:11:00,SKU-1006,Yoga Mat,Fitness,West,599,3,0.0,1797,1797.0
ORD-20260614-0031,2026-06-14,2026-06-14 03:12:00,SKU-1004,Office Chair,Furniture,South,5499,1,10.0,5499,4949.1
ORD-20260614-0032,2026-06-14,2026-06-14 10:57:00,SKU-1010,USB-C Cable,Electronics,West,199,1,0.0,199,199.0
ORD-20260614-0033,2026-06-14,2026-06-14 18:48:00,SKU-1001,Wireless Mouse,Electronics,South,799,1,15.0,799,679.15
ORD-20260614-0034,2026-06-14,2026-06-14 13:34:00,SKU-1009,Phone Case,Accessories,North,299,1,10.0,299,269.1
ORD-20260614-0035,2026-06-14,2026-06-14 07:19:00,SKU-1005,LED Desk Lamp,Furniture,West,899,2,0.0,1798,1798.0
ORD-20260614-0036,2026-06-14,2026-06-14 04:18:00,SKU-1009,Phone Case,Accessories,South,299,1,15.0,299,254.15
ORD-20260614-0037,2026-06-14,2026-06-14 13:56:00,SKU-1006,Yoga Mat,Fitness,Central,599,2,10.0,1198,1078.2
ORD-20260614-0038,2026-06-14,2026-06-14 13:15:00,SKU-1001,Wireless Mouse,Electronics,North,799,1,0.0,799,799.0
ORD-20260614-0039,2026-06-14,2026-06-14 23:44:00,SKU-1010,USB-C Cable,Electronics,Unknown,199,3,10.0,597,537.3
ORD-20260614-0040,2026-06-14,2026-06-14 09:00:00,SKU-1010,USB-C Cable,Electronics,East,199,1,0.0,199,199.0
ORD-20260614-0041,2026-06-14,2026-06-14 13:15:00,SKU-1009,Phone Case,Accessories,East,299,1,15.0,299,254.15
ORD-20260614-0042,2026-06-14,2026-06-14 05:48:00,SKU-1002,Bluetooth Speaker,Electronics,West,1999,2,0.0,3998,3998.0
ORD-20260614-0043,2026-06-14,2026-06-14 13:53:00,SKU-1008,Backpack,Accessories,West,1499,1,0.0,1499,1499.0
ORD-20260614-0044,2026-06-14,2026-06-14 10:37:00,SKU-1006,Yoga Mat,Fitness,Unknown,599,2,10.0,1198,1078.2
ORD-20260614-0045,2026-06-14,2026-06-14 02:10:00,SKU-1005,LED Desk Lamp,Furniture,Unknown,899,2,15.0,1798,1528.3
ORD-20260614-0046,2026-06-14,2026-06-14 10:59:00,SKU-1008,Backpack,Accessories,North,1499,1,0.0,1499,1499.0
ORD-20260614-0047,2026-06-14,2026-06-14 19:38:00,SKU-1006,Yoga Mat,Fitness,West,599,2,0.0,1198,1198.0
ORD-20260614-0048,2026-06-14,2026-06-14 20:17:00,SKU-1002,Bluetooth Speaker,Electronics,North,1999,1,5.0,1999,1899.05
ORD-20260614-0049,2026-06-14,2026-06-14 07:36:00,SKU-1001,Wireless Mouse,Electronics,South,799,3,0.0,2397,2397.0
ORD-20260614-0050,2026-06-14,2026-06-14 18:59:00,SKU-1007,Water Bottle,Fitness,North,349,1,15.0,349,296.65
ORD-20260614-0051,2026-06-14,2026-06-14 18:36:00,SKU-1005,LED Desk Lamp,Furniture,West,899,1,10.0,899,809.1
ORD-20260614-0052,2026-06-14,2026-06-14 11:05:00,SKU-1010,USB-C Cable,Electronics,Central,199,2,0.0,398,398.0
ORD-20260614-0053,2026-06-14,2026-06-14 03:54:00,SKU-1004,Office Chair,Furniture,West,5499,2,0.0,10998,10998.0
ORD-20260614-0054,2026-06-14,2026-06-14 04:28:00,SKU-1005,LED Desk Lamp,Furniture,Central,899,1,0.0,899,899.0
ORD-20260614-0055,2026-06-14,2026-06-14 15:34:00,SKU-1002,Bluetooth Speaker,Electronics,Central,1999,1,0.0,1999,1999.0
ORD-20260614-0056,2026-06-14,2026-06-14 01:01:00,SKU-1004,Office Chair,Furniture,Central,5499,1,0.0,5499,5499.0
ORD-20260614-0057,2026-06-14,2026-06-14 08:30:00,SKU-1003,Notebook Set,Stationery,Central,249,2,15.0,498,423.3
ORD-20260614-0058,2026-06-14,2026-06-14 08:51:00,SKU-1004,Office Chair,Furniture,Unknown,5499,1,5.0,5499,5224.05
ORD-20260614-0059,2026-06-14,2026-06-14 18:41:00,SKU-1006,Yoga Mat,Fitness,South,599,1,5.0,599,569.05
ORD-20260614-0060,2026-06-14,2026-06-14 19:11:00,SKU-1006,Yoga Mat,Fitness,West,599,3,0.0,1797,1797.0
ORD-20260614-0061,2026-06-14,2026-06-14 03:03:00,SKU-1008,Backpack,Accessories,Central,1499,1,0.0,1499,1499.0
ORD-20260614-0062,2026-06-14,2026-06-14 07:42:00,SKU-1007,Water Bottle,Fitness,South,349,2,0.0,698,698.0
ORD-20260614-0063,2026-06-14,2026-06-14 08:18:00,SKU-1002,Bluetooth Speaker,Electronics,Unknown,1999,2,0.0,3998,3998.0
ORD-20260614-0064,2026-06-14,2026-06-14 13:53:00,SKU-1007,Water Bottle,Fitness,Unknown,349,4,10.0,1396,1256.4
ORD-20260614-0065,2026-06-14,2026-06-14 08:48:00,SKU-1008,Backpack,Accessories,West,1499,1,5.0,1499,1424.05
ORD-20260614-0066,2026-06-14,2026-06-14 22:51:00,SKU-1001,Wireless Mouse,Electronics,East,799,1,0.0,799,799.0
ORD-20260614-0067,2026-06-14,2026-06-14 21:32:00,SKU-1004,Office Chair,Furniture,Unknown,5499,1,0.0,5499,5499.0
ORD-20260614-0068,2026-06-14,2026-06-14 16:05:00,SKU-1006,Yoga Mat,Fitness,Central,599,1,0.0,599,599.0
ORD-20260614-0069,2026-06-14,2026-06-14 02:37:00,SKU-1009,Phone Case,Accessories,East,299,1,0.0,299,299.0
ORD-20260614-0070,2026-06-14,2026-06-14 00:50:00,SKU-1010,USB-C Cable,Electronics,West,199,1,0.0,199,199.0
ORD-20260614-0071,2026-06-14,2026-06-14 00:59:00,SKU-1006,Yoga Mat,Fitness,North,599,2,0.0,1198,1198.0
ORD-20260614-0072,2026-06-14,2026-06-14 07:25:00,SKU-1004,Office Chair,Furniture,East,5499,1,0.0,5499,5499.0
ORD-20260614-0073,2026-06-14,2026-06-14 14:29:00,SKU-1003,Notebook Set,Stationery,Central,249,3,0.0,747,747.0
ORD-20260614-0074,2026-06-14,2026-06-14 16:32:00,SKU-1005,LED Desk Lamp,Furniture,Central,899,3,0.0,2697,2697.0
ORD-20260614-0075,2026-06-14,2026-06-14 01:26:00,SKU-1009,Phone Case,Accessories,West,299,1,10.0,299,269.1
ORD-20260614-0076,2026-06-14,2026-06-14 19:30:00,SKU-1003,Notebook Set,Stationery,Unknown,249,1,0.0,249,249.0
ORD-20260614-0077,2026-06-14,2026-06-14 03:30:00,SKU-1010,USB-C Cable,Electronics,North,199,1,0.0,199,199.0
ORD-20260614-0078,2026-06-14,2026-06-14 23:43:00,SKU-1004,Office Chair,Furniture,Unknown,5499,1,0.0,5499,5499.0
ORD-20260614-0079,2026-06-14,2026-06-14 08:07:00,SKU-1002,Bluetooth Speaker,Electronics,West,1999,2,0.0,3998,3998.0
ORD-20260614-0080,2026-06-14,2026-06-14 04:25:00,SKU-1005,LED Desk Lamp,Furniture,North,899,1,0.0,899,899.0
ORD-20260614-0081,2026-06-14,2026-06-14 21:46:00,SKU-1010,USB-C Cable,Electronics,Central,199,1,0.0,199,199.0
ORD-20260614-0082,2026-06-14,2026-06-14 05:08:00,SKU-1001,Wireless Mouse,Electronics,West,799,1,0.0,799,799.0
ORD-20260614-0083,2026-06-14,2026-06-14 22:08:00,SKU-1002,Bluetooth Speaker,Electronics,North,1999,1,10.0,1999,1799.1
ORD-20260614-0084,2026-06-14,2026-06-14 02:34:00,SKU-1007,Water Bottle,Fitness,Central,349,1,0.0,349,349.0
ORD-20260614-0085,2026-06-14,2026-06-14 12:18:00,SKU-1008,Backpack,Accessories,East,1499,3,10.0,4497,4047.3
ORD-20260614-0086,2026-06-14,2026-06-14 07:50:00,SKU-1006,Yoga Mat,Fitness,East,599,1,5.0,599,569.05
ORD-20260614-0087,2026-06-14,2026-06-14 13:55:00,SKU-1004,Office Chair,Furniture,West,5499,1,0.0,5499,5499.0
ORD-20260614-0088,2026-06-14,2026-06-14 16:16:00,SKU-1008,Backpack,Accessories,South,1499,3,10.0,4497,4047.3
ORD-20260614-0089,2026-06-14,2026-06-14 08:26:00,SKU-1007,Water Bottle,Fitness,East,349,2,0.0,698,698.0
ORD-20260614-0090,2026-06-14,2026-06-14 11:03:00,SKU-1007,Water Bottle,Fitness,Unknown,349,2,0.0,698,698.0
ORD-20260614-0091,2026-06-14,2026-06-14 22:39:00,SKU-1002,Bluetooth Speaker,Electronics,South,1999,1,15.0,1999,1699.15
ORD-20260614-0092,2026-06-14,2026-06-14 01:28:00,SKU-1004,Office Chair,Furniture,North,5499,1,0.0,5499,5499.0
ORD-20260614-0093,2026-06-14,2026-06-14 12:45:00,SKU-1003,Notebook Set,Stationery,South,249,4,10.0,996,896.4
ORD-20260614-0094,2026-06-14,2026-06-14 02:08:00,SKU-1010,USB-C Cable,Electronics,Unknown,199,1,10.0,199,179.1
ORD-20260614-0095,2026-06-14,2026-06-14 18:06:00,SKU-1002,Bluetooth Speaker,Electronics,North,1999,1,0.0,1999,1999.0
ORD-20260614-0096,2026-06-14,2026-06-14 05:46:00,SKU-1008,Backpack,Accessories,Unknown,1499,1,0.0,1499,1499.0
ORD-20260614-0097,2026-06-14,2026-06-14 14:30:00,SKU-1004,Office Chair,Furniture,East,5499,2,0.0,10998,10998.0
ORD-20260614-0098,2026-06-14,2026-06-14 01:26:00,SKU-1010,USB-C Cable,Electronics,West,199,2,0.0,398,398.0
ORD-20260614-0099,2026-06-14,2026-06-14 04:49:00,SKU-1008,Backpack,Accessories,Central,1499,4,10.0,5996,5396.4
ORD-20260614-0100,2026-06-14,2026-06-14 07:56:00,SKU-1004,Office Chair,Furniture,Unknown,5499,1,15.0,5499,4674.15
ORD-20260614-0101,2026-06-14,2026-06-14 17:54:00,SKU-1001,Wireless Mouse,Electronics,South,799,1,0.0,799,799.0
ORD-20260614-0102,2026-06-14,2026-06-14 05:46:00,SKU-1009,Phone Case,Accessories,West,299,2,0.0,598,598.0
ORD-20260614-0103,2026-06-14,2026-06-14 16:31:00,SKU-1003,Notebook Set,Stationery,Unknown,249,2,5.0,498,473.1
ORD-20260614-0104,2026-06-14,2026-06-14 18:04:00,SKU-1006,Yoga Mat,Fitness,Central,599,4,0.0,2396,2396.0
ORD-20260614-0105,2026-06-14,2026-06-14 06:16:00,SKU-1003,Notebook Set,Stationery,Unknown,249,1,0.0,249,249.0
ORD-20260614-0106,2026-06-14,2026-06-14 21:30:00,SKU-1006,Yoga Mat,Fitness,East,599,3,0.0,1797,1797.0
ORD-20260614-0107,2026-06-14,2026-06-14 07:54:00,SKU-1010,USB-C Cable,Electronics,Central,199,1,0.0,199,199.0
ORD-20260614-0108,2026-06-14,2026-06-14 20:53:00,SKU-1007,Water Bottle,Fitness,South,349,1,10.0,349,314.1
ORD-20260614-0109,2026-06-14,2026-06-14 03:54:00,SKU-1001,Wireless Mouse,Electronics,North,799,4,0.0,3196,3196.0
ORD-20260615-0000,2026-06-15,2026-06-15 06:28:00,SKU-1009,Phone Case,Accessories,West,299,1,15.0,299,254.15
ORD-20260615-0001,2026-06-15,2026-06-15 09:48:00,SKU-1009,Phone Case,Accessories,North,299,1,15.0,299,254.15
ORD-20260615-0002,2026-06-15,2026-06-15 03:41:00,SKU-1006,Yoga Mat,Fitness,East,599,1,0.0,599,599.0
ORD-20260615-0003,2026-06-15,2026-06-15 09:11:00,SKU-1006,Yoga Mat,Fitness,Central,599,3,15.0,1797,1527.45
ORD-20260615-0004,2026-06-15,2026-06-15 06:07:00,SKU-1006,Yoga Mat,Fitness,East,599,4,0.0,2396,2396.0
ORD-20260615-0005,2026-06-15,2026-06-15 01:08:00,SKU-1002,Bluetooth Speaker,Electronics,South,1999,2,5.0,3998,3798.1
ORD-20260615-0006,2026-06-15,2026-06-15 07:13:00,SKU-1010,USB-C Cable,Electronics,North,199,2,0.0,398,398.0
ORD-20260615-0007,2026-06-15,2026-06-15 01:55:00,SKU-1007,Water Bottle,Fitness,East,349,2,0.0,698,698.0
ORD-20260615-0008,2026-06-15,2026-06-15 15:05:00,SKU-1002,Bluetooth Speaker,Electronics,North,1999,1,10.0,1999,1799.1
ORD-20260615-0009,2026-06-15,2026-06-15 18:33:00,SKU-1006,Yoga Mat,Fitness,South,599,1,5.0,599,569.05
ORD-20260615-0010,2026-06-15,2026-06-15 21:39:00,SKU-1005,LED Desk Lamp,Furniture,South,899,2,15.0,1798,1528.3
ORD-20260615-0011,2026-06-15,2026-06-15 17:36:00,SKU-1006,Yoga Mat,Fitness,Central,599,1,0.0,599,599.0
ORD-20260615-0012,2026-06-15,2026-06-15 21:33:00,SKU-1005,LED Desk Lamp,Furniture,Central,899,2,10.0,1798,1618.2
ORD-20260615-0013,2026-06-15,2026-06-15 19:18:00,SKU-1010,USB-C Cable,Electronics,Central,199,1,0.0,199,199.0
ORD-20260615-0014,2026-06-15,2026-06-15 20:24:00,SKU-1007,Water Bottle,Fitness,West,349,2,15.0,698,593.3
ORD-20260615-0015,2026-06-15,2026-06-15 03:07:00,SKU-1007,Water Bottle,Fitness,Unknown,349,1,0.0,349,349.0
ORD-20260615-0016,2026-06-15,2026-06-15 08:38:00,SKU-1004,Office Chair,Furniture,North,5499,1,5.0,5499,5224.05
ORD-20260615-0017,2026-06-15,2026-06-15 16:37:00,SKU-1003,Notebook Set,Stationery,North,249,2,0.0,498,498.0
ORD-20260615-0018,2026-06-15,2026-06-15 22:41:00,SKU-1004,Office Chair,Furniture,West,5499,1,5.0,5499,5224.05
ORD-20260615-0019,2026-06-15,2026-06-15 18:32:00,SKU-1002,Bluetooth Speaker,Electronics,West,1999,1,15.0,1999,1699.15
ORD-20260615-0020,2026-06-15,2026-06-15 19:18:00,SKU-1005,LED Desk Lamp,Furniture,Central,899,2,5.0,1798,1708.1
ORD-20260615-0021,2026-06-15,2026-06-15 18:59:00,SKU-1002,Bluetooth Speaker,Electronics,Central,1999,1,0.0,1999,1999.0
ORD-20260615-0022,2026-06-15,2026-06-15 00:39:00,SKU-1007,Water Bottle,Fitness,East,349,1,10.0,349,314.1
ORD-20260615-0023,2026-06-15,2026-06-15 07:02:00,SKU-1006,Yoga Mat,Fitness,West,599,1,0.0,599,599.0
ORD-20260615-0024,2026-06-15,2026-06-15 23:55:00,SKU-1002,Bluetooth Speaker,Electronics,West,1999,1,0.0,1999,1999.0
ORD-20260615-0025,2026-06-15,2026-06-15 01:02:00,SKU-1005,LED Desk Lamp,Furniture,Unknown,899,1,0.0,899,899.0
ORD-20260615-0026,2026-06-15,2026-06-15 00:52:00,SKU-1005,LED Desk Lamp,Furniture,Central,899,1,10.0,899,809.1
ORD-20260615-0027,2026-06-15,2026-06-15 04:29:00,SKU-1005,LED Desk Lamp,Furniture,South,899,1,15.0,899,764.15
ORD-20260615-0028,2026-06-15,2026-06-15 21:43:00,SKU-1004,Office Chair,Furniture,West,5499,1,0.0,5499,5499.0
ORD-20260615-0029,2026-06-15,2026-06-15 18:09:00,SKU-1003,Notebook Set,Stationery,Unknown,249,4,0.0,996,996.0
ORD-20260615-0030,2026-06-15,2026-06-15 22:03:00,SKU-1009,Phone Case,Accessories,North,299,1,0.0,299,299.0
ORD-20260615-0031,2026-06-15,2026-06-15 17:03:00,SKU-1005,LED Desk Lamp,Furniture,South,899,1,0.0,899,899.0
ORD-20260615-0032,2026-06-15,2026-06-15 15:16:00,SKU-1005,LED Desk Lamp,Furniture,East,899,4,5.0,3596,3416.2
ORD-20260615-0033,2026-06-15,2026-06-15 18:24:00,SKU-1008,Backpack,Accessories,East,1499,4,0.0,5996,5996.0
ORD-20260615-0034,2026-06-15,2026-06-15 09:38:00,SKU-1008,Backpack,Accessories,Central,1499,1,0.0,1499,1499.0
ORD-20260615-0035,2026-06-15,2026-06-15 19:43:00,SKU-1002,Bluetooth Speaker,Electronics,East,1999,1,0.0,1999,1999.0
ORD-20260615-0036,2026-06-15,2026-06-15 16:12:00,SKU-1004,Office Chair,Furniture,North,5499,2,15.0,10998,9348.3
ORD-20260615-0037,2026-06-15,2026-06-15 10:42:00,SKU-1009,Phone Case,Accessories,Central,299,1,10.0,299,269.1
ORD-20260615-0038,2026-06-15,2026-06-15 05:31:00,SKU-1007,Water Bottle,Fitness,West,349,4,15.0,1396,1186.6
ORD-20260615-0039,2026-06-15,2026-06-15 09:30:00,SKU-1004,Office Chair,Furniture,Unknown,5499,4,0.0,21996,21996.0
ORD-20260615-0040,2026-06-15,2026-06-15 11:44:00,SKU-1008,Backpack,Accessories,Central,1499,3,5.0,4497,4272.15
ORD-20260615-0041,2026-06-15,2026-06-15 12:11:00,SKU-1009,Phone Case,Accessories,Unknown,299,1,0.0,299,299.0
ORD-20260615-0042,2026-06-15,2026-06-15 03:50:00,SKU-1002,Bluetooth Speaker,Electronics,South,1999,1,0.0,1999,1999.0
ORD-20260615-0043,2026-06-15,2026-06-15 11:05:00,SKU-1006,Yoga Mat,Fitness,Central,599,3,0.0,1797,1797.0
ORD-20260615-0044,2026-06-15,2026-06-15 14:14:00,SKU-1004,Office Chair,Furniture,West,5499,3,10.0,16497,14847.3
ORD-20260616-0000,2026-06-16,2026-06-16 06:08:00,SKU-1006,Yoga Mat,Fitness,Central,599,2,15.0,1198,1018.3
ORD-20260616-0001,2026-06-16,2026-06-16 08:40:00,SKU-1010,USB-C Cable,Electronics,West,199,1,5.0,199,189.05
ORD-20260616-0002,2026-06-16,2026-06-16 22:40:00,SKU-1005,LED Desk Lamp,Furniture,North,899,1,0.0,899,899.0
ORD-20260616-0003,2026-06-16,2026-06-16 01:43:00,SKU-1009,Phone Case,Accessories,East,299,2,10.0,598,538.2
ORD-20260616-0004,2026-06-16,2026-06-16 09:58:00,SKU-1007,Water Bottle,Fitness,West,349,2,5.0,698,663.1
ORD-20260616-0005,2026-06-16,2026-06-16 15:38:00,SKU-1004,Office Chair,Furniture,West,5499,1,0.0,5499,5499.0
ORD-20260616-0006,2026-06-16,2026-06-16 17:58:00,SKU-1006,Yoga Mat,Fitness,North,599,2,15.0,1198,1018.3
ORD-20260616-0007,2026-06-16,2026-06-16 18:28:00,SKU-1008,Backpack,Accessories,Central,1499,1,10.0,1499,1349.1
ORD-20260616-0008,2026-06-16,2026-06-16 06:35:00,SKU-1007,Water Bottle,Fitness,Unknown,349,1,0.0,349,349.0
ORD-20260616-0009,2026-06-16,2026-06-16 09:51:00,SKU-1005,LED Desk Lamp,Furniture,North,899,3,10.0,2697,2427.3
ORD-20260616-0010,2026-06-16,2026-06-16 13:35:00,SKU-1008,Backpack,Accessories,West,1499,3,15.0,4497,3822.45
ORD-20260616-0011,2026-06-16,2026-06-16 07:19:00,SKU-1010,USB-C Cable,Electronics,West,199,3,5.0,597,567.15
ORD-20260616-0012,2026-06-16,2026-06-16 05:26:00,SKU-1001,Wireless Mouse,Electronics,Central,799,1,5.0,799,759.05
ORD-20260616-0013,2026-06-16,2026-06-16 18:35:00,SKU-1005,LED Desk Lamp,Furniture,East,899,1,0.0,899,899.0
ORD-20260616-0014,2026-06-16,2026-06-16 06:46:00,SKU-1009,Phone Case,Accessories,North,299,1,0.0,299,299.0
ORD-20260616-0015,2026-06-16,2026-06-16 00:15:00,SKU-1006,Yoga Mat,Fitness,East,599,2,5.0,1198,1138.1
ORD-20260616-0016,2026-06-16,2026-06-16 09:14:00,SKU-1010,USB-C Cable,Electronics,Unknown,199,1,0.0,199,199.0
ORD-20260616-0017,2026-06-16,2026-06-16 15:45:00,SKU-1008,Backpack,Accessories,South,1499,2,15.0,2998,2548.3
ORD-20260616-0018,2026-06-16,2026-06-16 20:19:00,SKU-1006,Yoga Mat,Fitness,North,599,1,0.0,599,599.0
ORD-20260616-0019,2026-06-16,2026-06-16 23:19:00,SKU-1005,LED Desk Lamp,Furniture,South,899,1,0.0,899,899.0
ORD-20260616-0020,2026-06-16,2026-06-16 11:44:00,SKU-1001,Wireless Mouse,Electronics,West,799,1,0.0,799,799.0
ORD-20260616-0021,2026-06-16,2026-06-16 02:30:00,SKU-1010,USB-C Cable,Electronics,Central,199,1,0.0,199,199.0
ORD-20260616-0022,2026-06-16,2026-06-16 01:27:00,SKU-1008,Backpack,Accessories,South,1499,2,15.0,2998,2548.3
ORD-20260616-0023,2026-06-16,2026-06-16 07:35:00,SKU-1007,Water Bottle,Fitness,West,349,1,0.0,349,349.0
ORD-20260616-0024,2026-06-16,2026-06-16 10:08:00,SKU-1002,Bluetooth Speaker,Electronics,South,1999,4,5.0,7996,7596.2
ORD-20260616-0025,2026-06-16,2026-06-16 03:19:00,SKU-1002,Bluetooth Speaker,Electronics,East,1999,1,10.0,1999,1799.1
ORD-20260616-0026,2026-06-16,2026-06-16 09:57:00,SKU-1006,Yoga Mat,Fitness,North,599,2,0.0,1198,1198.0
ORD-20260616-0027,2026-06-16,2026-06-16 20:25:00,SKU-1008,Backpack,Accessories,East,1499,2,0.0,2998,2998.0
ORD-20260616-0028,2026-06-16,2026-06-16 03:35:00,SKU-1003,Notebook Set,Stationery,West,249,3,0.0,747,747.0
ORD-20260616-0029,2026-06-16,2026-06-16 12:56:00,SKU-1003,Notebook Set,Stationery,East,249,2,5.0,498,473.1
ORD-20260616-0030,2026-06-16,2026-06-16 20:05:00,SKU-1004,Office Chair,Furniture,South,5499,1,10.0,5499,4949.1
ORD-20260616-0031,2026-06-16,2026-06-16 12:09:00,SKU-1003,Notebook Set,Stationery,Unknown,249,1,0.0,249,249.0
ORD-20260616-0032,2026-06-16,2026-06-16 01:21:00,SKU-1003,Notebook Set,Stationery,North,249,2,0.0,498,498.0
ORD-20260616-0033,2026-06-16,2026-06-16 08:01:00,SKU-1001,Wireless Mouse,Electronics,East,799,2,15.0,1598,1358.3
ORD-20260616-0034,2026-06-16,2026-06-16 14:39:00,SKU-1007,Water Bottle,Fitness,East,349,3,0.0,1047,1047.0
ORD-20260616-0035,2026-06-16,2026-06-16 20:28:00,SKU-1009,Phone Case,Accessories,South,299,1,0.0,299,299.0
ORD-20260616-0036,2026-06-16,2026-06-16 04:47:00,SKU-1010,USB-C Cable,Electronics,North,199,1,15.0,199,169.15
ORD-20260616-0037,2026-06-16,2026-06-16 14:08:00,SKU-1006,Yoga Mat,Fitness,Unknown,599,1,0.0,599,599.0
ORD-20260616-0038,2026-06-16,2026-06-16 10:35:00,SKU-1002,Bluetooth Speaker,Electronics,Central,1999,1,0.0,1999,1999.0
ORD-20260616-0039,2026-06-16,2026-06-16 11:57:00,SKU-1009,Phone Case,Accessories,Central,299,2,10.0,598,538.2
ORD-20260616-0040,2026-06-16,2026-06-16 05:45:00,SKU-1010,USB-C Cable,Electronics,South,199,1,15.0,199,169.15
ORD-20260616-0041,2026-06-16,2026-06-16 13:39:00,SKU-1005,LED Desk Lamp,Furniture,Central,899,1,0.0,899,899.0
ORD-20260616-0042,2026-06-16,2026-06-16 04:52:00,SKU-1004,Office Chair,Furniture,East,5499,1,0.0,5499,5499.0
ORD-20260616-0043,2026-06-16,2026-06-16 02:29:00,SKU-1003,Notebook Set,Stationery,North,249,1,15.0,249,211.65
ORD-20260616-0044,2026-06-16,2026-06-16 22:11:00,SKU-1005,LED Desk Lamp,Furniture,West,899,2,0.0,1798,1798.0
ORD-20260616-0045,2026-06-16,2026-06-16 01:08:00,SKU-1008,Backpack,Accessories,North,1499,3,10.0,4497,4047.3
ORD-20260616-0046,2026-06-16,2026-06-16 20:16:00,SKU-1004,Office Chair,Furniture,Central,5499,2,0.0,10998,10998.0
ORD-20260616-0047,2026-06-16,2026-06-16 04:51:00,SKU-1009,Phone Case,Accessories,North,299,1,10.0,299,269.1
ORD-20260616-0048,2026-06-16,2026-06-16 03:03:00,SKU-1001,Wireless Mouse,Electronics,Central,799,1,0.0,799,799.0
ORD-20260616-0049,2026-06-16,2026-06-16 07:14:00,SKU-1004,Office Chair,Furniture,Unknown,5499,1,0.0,5499,5499.0
ORD-20260616-0050,2026-06-16,2026-06-16 04:27:00,SKU-1007,Water Bottle,Fitness,Central,349,1,0.0,349,349.0
ORD-20260616-0051,2026-06-16,2026-06-16 12:47:00,SKU-1005,LED Desk Lamp,Furniture,Central,899,2,5.0,1798,1708.1
ORD-20260616-0052,2026-06-16,2026-06-16 05:49:00,SKU-1005,LED Desk Lamp,Furniture,Unknown,899,2,0.0,1798,1798.0
ORD-20260616-0053,2026-06-16,2026-06-16 12:24:00,SKU-1003,Notebook Set,Stationery,South,249,1,0.0,249,249.0
ORD-20260616-0054,2026-06-16,2026-06-16 17:56:00,SKU-1001,Wireless Mouse,Electronics,Central,799,2,0.0,1598,1598.0
ORD-20260616-0055,2026-06-16,2026-06-16 04:45:00,SKU-1008,Backpack,Accessories,North,1499,1,5.0,1499,1424.05
ORD-20260616-0056,2026-06-16,2026-06-16 18:28:00,SKU-1003,Notebook Set,Stationery,North,249,4,15.0,996,846.6
ORD-20260616-0057,2026-06-16,2026-06-16 02:01:00,SKU-1007,Water Bottle,Fitness,West,349,1,10.0,349,314.1
ORD-20260616-0058,2026-06-16,2026-06-16 07:50:00,SKU-1008,Backpack,Accessories,West,1499,1,0.0,1499,1499.0
ORD-20260616-0059,2026-06-16,2026-06-16 07:38:00,SKU-1004,Office Chair,Furniture,North,5499,2,5.0,10998,10448.1
ORD-20260617-0000,2026-06-17,2026-06-17 00:46:00,SKU-1004,Office Chair,Furniture,Central,5499,2,0.0,10998,10998.0
ORD-20260617-0001,2026-06-17,2026-06-17 20:41:00,SKU-1005,LED Desk Lamp,Furniture,Central,899,1,15.0,899,764.15
ORD-20260617-0002,2026-06-17,2026-06-17 10:39:00,SKU-1003,Notebook Set,Stationery,West,249,2,0.0,498,498.0
ORD-20260617-0003,2026-06-17,2026-06-17 19:17:00,SKU-1001,Wireless Mouse,Electronics,South,799,1,0.0,799,799.0
ORD-20260617-0004,2026-06-17,2026-06-17 03:07:00,SKU-1002,Bluetooth Speaker,Electronics,Unknown,1999,1,0.0,1999,1999.0
ORD-20260617-0005,2026-06-17,2026-06-17 10:42:00,SKU-1007,Water Bottle,Fitness,Unknown,349,2,15.0,698,593.3
ORD-20260617-0006,2026-06-17,2026-06-17 06:45:00,SKU-1003,Notebook Set,Stationery,East,249,2,0.0,498,498.0
ORD-20260617-0007,2026-06-17,2026-06-17 06:15:00,SKU-1006,Yoga Mat,Fitness,West,599,1,5.0,599,569.05
ORD-20260617-0008,2026-06-17,2026-06-17 01:55:00,SKU-1005,LED Desk Lamp,Furniture,North,899,1,10.0,899,809.1
ORD-20260617-0009,2026-06-17,2026-06-17 16:30:00,SKU-1008,Backpack,Accessories,West,1499,1,0.0,1499,1499.0
ORD-20260617-0010,2026-06-17,2026-06-17 20:11:00,SKU-1002,Bluetooth Speaker,Electronics,East,1999,4,0.0,7996,7996.0
ORD-20260617-0011,2026-06-17,2026-06-17 07:21:00,SKU-1008,Backpack,Accessories,South,1499,1,0.0,1499,1499.0
ORD-20260617-0012,2026-06-17,2026-06-17 22:43:00,SKU-1002,Bluetooth Speaker,Electronics,Central,1999,2,0.0,3998,3998.0
ORD-20260617-0013,2026-06-17,2026-06-17 18:06:00,SKU-1003,Notebook Set,Stationery,South,249,1,5.0,249,236.55
ORD-20260617-0014,2026-06-17,2026-06-17 20:55:00,SKU-1002,Bluetooth Speaker,Electronics,West,1999,2,0.0,3998,3998.0
ORD-20260617-0015,2026-06-17,2026-06-17 10:42:00,SKU-1007,Water Bottle,Fitness,East,349,1,0.0,349,349.0
ORD-20260617-0016,2026-06-17,2026-06-17 20:20:00,SKU-1008,Backpack,Accessories,Unknown,1499,4,0.0,5996,5996.0
ORD-20260617-0017,2026-06-17,2026-06-17 19:07:00,SKU-1010,USB-C Cable,Electronics,West,199,2,5.0,398,378.1
ORD-20260617-0018,2026-06-17,2026-06-17 16:33:00,SKU-1010,USB-C Cable,Electronics,South,199,1,5.0,199,189.05
ORD-20260617-0019,2026-06-17,2026-06-17 17:14:00,SKU-1010,USB-C Cable,Electronics,Central,199,1,5.0,199,189.05
ORD-20260617-0020,2026-06-17,2026-06-17 10:32:00,SKU-1008,Backpack,Accessories,Unknown,1499,2,10.0,2998,2698.2
ORD-20260617-0021,2026-06-17,2026-06-17 07:27:00,SKU-1001,Wireless Mouse,Electronics,West,799,2,0.0,1598,1598.0
ORD-20260617-0022,2026-06-17,2026-06-17 04:02:00,SKU-1001,Wireless Mouse,Electronics,South,799,2,15.0,1598,1358.3
ORD-20260617-0023,2026-06-17,2026-06-17 03:17:00,SKU-1005,LED Desk Lamp,Furniture,Central,899,1,0.0,899,899.0
ORD-20260617-0024,2026-06-17,2026-06-17 17:12:00,SKU-1004,Office Chair,Furniture,North,5499,2,0.0,10998,10998.0
ORD-20260617-0025,2026-06-17,2026-06-17 19:26:00,SKU-1010,USB-C Cable,Electronics,West,199,1,5.0,199,189.05
ORD-20260617-0026,2026-06-17,2026-06-17 19:25:00,SKU-1002,Bluetooth Speaker,Electronics,East,1999,2,5.0,3998,3798.1
ORD-20260617-0027,2026-06-17,2026-06-17 03:39:00,SKU-1010,USB-C Cable,Electronics,Unknown,199,1,0.0,199,199.0
ORD-20260617-0028,2026-06-17,2026-06-17 00:35:00,SKU-1010,USB-C Cable,Electronics,North,199,2,0.0,398,398.0
ORD-20260617-0029,2026-06-17,2026-06-17 08:35:00,SKU-1009,Phone Case,Accessories,South,299,1,5.0,299,284.05
ORD-20260617-0030,2026-06-17,2026-06-17 07:57:00,SKU-1001,Wireless Mouse,Electronics,North,799,2,0.0,1598,1598.0
ORD-20260617-0031,2026-06-17,2026-06-17 18:38:00,SKU-1004,Office Chair,Furniture,Unknown,5499,2,0.0,10998,10998.0
ORD-20260617-0032,2026-06-17,2026-06-17 13:49:00,SKU-1008,Backpack,Accessories,Central,1499,2,0.0,2998,2998.0
ORD-20260617-0033,2026-06-17,2026-06-17 13:55:00,SKU-1002,Bluetooth Speaker,Electronics,Central,1999,1,10.0,1999,1799.1
ORD-20260617-0034,2026-06-17,2026-06-17 10:17:00,SKU-1006,Yoga Mat,Fitness,Central,599,3,0.0,1797,1797.0
ORD-20260617-0035,2026-06-17,2026-06-17 04:38:00,SKU-1009,Phone Case,Accessories,North,299,1,0.0,299,299.0
ORD-20260617-0036,2026-06-17,2026-06-17 02:45:00,SKU-1009,Phone Case,Accessories,North,299,1,0.0,299,299.0
ORD-20260617-0037,2026-06-17,2026-06-17 03:12:00,SKU-1003,Notebook Set,Stationery,East,249,1,10.0,249,224.1
ORD-20260617-0038,2026-06-17,2026-06-17 00:57:00,SKU-1010,USB-C Cable,Electronics,North,199,2,0.0,398,398.0
ORD-20260617-0039,2026-06-17,2026-06-17 14:55:00,SKU-1010,USB-C Cable,Electronics,Unknown,199,2,5.0,398,378.1
ORD-20260617-0040,2026-06-17,2026-06-17 02:09:00,SKU-1006,Yoga Mat,Fitness,Central,599,2,5.0,1198,1138.1
ORD-20260617-0041,2026-06-17,2026-06-17 21:11:00,SKU-1010,USB-C Cable,Electronics,Unknown,199,3,10.0,597,537.3
ORD-20260617-0042,2026-06-17,2026-06-17 00:58:00,SKU-1009,Phone Case,Accessories,East,299,1,10.0,299,269.1
ORD-20260617-0043,2026-06-17,2026-06-17 04:16:00,SKU-1004,Office Chair,Furniture,South,5499,1,0.0,5499,5499.0
ORD-20260617-0044,2026-06-17,2026-06-17 23:45:00,SKU-1007,Water Bottle,Fitness,West,349,1,0.0,349,349.0
ORD-20260617-0045,2026-06-17,2026-06-17 20:04:00,SKU-1002,Bluetooth Speaker,Electronics,East,1999,2,10.0,3998,3598.2
ORD-20260617-0046,2026-06-17,2026-06-17 21:47:00,SKU-1003,Notebook Set,Stationery,South,249,1,10.0,249,224.1
ORD-20260617-0047,2026-06-17,2026-06-17 16:40:00,SKU-1009,Phone Case,Accessories,Central,299,2,10.0,598,538.2
ORD-20260617-0048,2026-06-17,2026-06-17 09:14:00,SKU-1008,Backpack,Accessories,East,1499,2,0.0,2998,2998.0
ORD-20260617-0049,2026-06-17,2026-06-17 04:40:00,SKU-1004,Office Chair,Furniture,West,5499,2,5.0,10998,10448.1
ORD-20260617-0050,2026-06-17,2026-06-17 10:14:00,SKU-1004,Office Chair,Furniture,East,5499,1,0.0,5499,5499.0
ORD-20260617-0051,2026-06-17,2026-06-17 03:33:00,SKU-1009,Phone Case,Accessories,North,299,1,0.0,299,299.0
ORD-20260617-0052,2026-06-17,2026-06-17 04:21:00,SKU-1010,USB-C Cable,Electronics,South,199,1,0.0,199,199.0
ORD-20260617-0053,2026-06-17,2026-06-17 00:46:00,SKU-1004,Office Chair,Furniture,West,5499,2,0.0,10998,10998.0
ORD-20260617-0054,2026-06-17,2026-06-17 14:02:00,SKU-1003,Notebook Set,Stationery,Unknown,249,3,10.0,747,672.3
ORD-20260617-0055,2026-06-17,2026-06-17 21:52:00,SKU-1008,Backpack,Accessories,Central,1499,3,0.0,4497,4497.0
ORD-20260617-0056,2026-06-17,2026-06-17 21:04:00,SKU-1010,USB-C Cable,Electronics,West,199,1,0.0,199,199.0
ORD-20260617-0057,2026-06-17,2026-06-17 23:34:00,SKU-1008,Backpack,Accessories,Unknown,1499,1,0.0,1499,1499.0
ORD-20260617-0058,2026-06-17,2026-06-17 09:01:00,SKU-1009,Phone Case,Accessories,Central,299,3,0.0,897,897.0
ORD-20260617-0059,2026-06-17,2026-06-17 14:11:00,SKU-1001,Wireless Mouse,Electronics,Central,799,2,10.0,1598,1438.2
ORD-20260617-0060,2026-06-17,2026-06-17 05:09:00,SKU-1008,Backpack,Accessories,South,1499,1,5.0,1499,1424.05
ORD-20260617-0061,2026-06-17,2026-06-17 06:26:00,SKU-1007,Water Bottle,Fitness,South,349,1,5.0,349,331.55
ORD-20260617-0062,2026-06-17,2026-06-17 11:36:00,SKU-1005,LED Desk Lamp,Furniture,Central,899,1,5.0,899,854.05
ORD-20260617-0063,2026-06-17,2026-06-17 20:29:00,SKU-1008,Backpack,Accessories,East,1499,1,0.0,1499,1499.0
ORD-20260617-0064,2026-06-17,2026-06-17 12:27:00,SKU-1005,LED Desk Lamp,Furniture,East,899,1,0.0,899,899.0
ORD-20260617-0065,2026-06-17,2026-06-17 15:21:00,SKU-1002,Bluetooth Speaker,Electronics,North,1999,1,15.0,1999,1699.15
ORD-20260617-0066,2026-06-17,2026-06-17 11:05:00,SKU-1001,Wireless Mouse,Electronics,North,799,1,0.0,799,799.0
ORD-20260617-0067,2026-06-17,2026-06-17 12:17:00,SKU-1001,Wireless Mouse,Electronics,Central,799,1,5.0,799,759.05
ORD-20260617-0068,2026-06-17,2026-06-17 23:05:00,SKU-1004,Office Chair,Furniture,East,5499,1,15.0,5499,4674.15
ORD-20260617-0069,2026-06-17,2026-06-17 16:49:00,SKU-1009,Phone Case,Accessories,North,299,2,15.0,598,508.3
ORD-20260617-0070,2026-06-17,2026-06-17 01:12:00,SKU-1003,Notebook Set,Stationery,East,249,1,0.0,249,249.0
ORD-20260617-0071,2026-06-17,2026-06-17 22:01:00,SKU-1001,Wireless Mouse,Electronics,South,799,2,15.0,1598,1358.3
ORD-20260617-0072,2026-06-17,2026-06-17 22:55:00,SKU-1002,Bluetooth Speaker,Electronics,Central,1999,1,0.0,1999,1999.0
ORD-20260617-0073,2026-06-17,2026-06-17 14:41:00,SKU-1002,Bluetooth Speaker,Electronics,West,1999,2,0.0,3998,3998.0
ORD-20260617-0074,2026-06-17,2026-06-17 03:09:00,SKU-1001,Wireless Mouse,Electronics,North,799,1,0.0,799,799.0
ORD-20260617-0075,2026-06-17,2026-06-17 02:50:00,SKU-1006,Yoga Mat,Fitness,Central,599,1,0.0,599,599.0
ORD-20260617-0076,2026-06-17,2026-06-17 05:52:00,SKU-1008,Backpack,Accessories,East,1499,1,10.0,1499,1349.1
ORD-20260617-0077,2026-06-17,2026-06-17 02:14:00,SKU-1005,LED Desk Lamp,Furniture,South,899,1,0.0,899,899.0
ORD-20260617-0078,2026-06-17,2026-06-17 05:16:00,SKU-1006,Yoga Mat,Fitness,East,599,1,0.0,599,599.0
ORD-20260617-0079,2026-06-17,2026-06-17 23:28:00,SKU-1010,USB-C Cable,Electronics,North,199,2,0.0,398,398.0
ORD-20260617-0080,2026-06-17,2026-06-17 21:51:00,SKU-1005,LED Desk Lamp,Furniture,South,899,2,15.0,1798,1528.3
ORD-20260617-0081,2026-06-17,2026-06-17 04:48:00,SKU-1003,Notebook Set,Stationery,West,249,2,0.0,498,498.0
ORD-20260617-0082,2026-06-17,2026-06-17 15:44:00,SKU-1007,Water Bottle,Fitness,South,349,1,0.0,349,349.0
ORD-20260617-0083,2026-06-17,2026-06-17 22:12:00,SKU-1006,Yoga Mat,Fitness,East,599,1,0.0,599,599.0
ORD-20260617-0084,2026-06-17,2026-06-17 17:55:00,SKU-1006,Yoga Mat,Fitness,Central,599,4,5.0,2396,2276.2
ORD-20260617-0085,2026-06-17,2026-06-17 20:45:00,SKU-1009,Phone Case,Accessories,East,299,2,0.0,598,598.0
ORD-20260617-0086,2026-06-17,2026-06-17 21:04:00,SKU-1002,Bluetooth Speaker,Electronics,South,1999,1,0.0,1999,1999.0
ORD-20260617-0087,2026-06-17,2026-06-17 03:40:00,SKU-1003,Notebook Set,Stationery,Central,249,2,0.0,498,498.0
ORD-20260617-0088,2026-06-17,2026-06-17 00:55:00,SKU-1008,Backpack,Accessories,East,1499,1,0.0,1499,1499.0
ORD-20260617-0089,2026-06-17,2026-06-17 04:29:00,SKU-1006,Yoga Mat,Fitness,South,599,2,0.0,1198,1198.0
ORD-20260617-0090,2026-06-17,2026-06-17 17:56:00,SKU-1001,Wireless Mouse,Electronics,East,799,2,0.0,1598,1598.0
ORD-20260617-0091,2026-06-17,2026-06-17 11:48:00,SKU-1006,Yoga Mat,Fitness,Unknown,599,1,15.0,599,509.15
ORD-20260617-0092,2026-06-17,2026-06-17 07:36:00,SKU-1009,Phone Case,Accessories,Central,299,1,0.0,299,299.0
ORD-20260617-0093,2026-06-17,2026-06-17 09:27:00,SKU-1007,Water Bottle,Fitness,South,349,1,0.0,349,349.0
ORD-20260617-0094,2026-06-17,2026-06-17 07:46:00,SKU-1001,Wireless Mouse,Electronics,East,799,1,0.0,799,799.0
ORD-20260617-0095,2026-06-17,2026-06-17 15:03:00,SKU-1003,Notebook Set,Stationery,West,249,2,0.0,498,498.0
ORD-20260617-0096,2026-06-17,2026-06-17 09:36:00,SKU-1003,Notebook Set,Stationery,West,249,1,0.0,249,249.0
ORD-20260617-0097,2026-06-17,2026-06-17 10:24:00,SKU-1003,Notebook Set,Stationery,Central,249,1,0.0,249,249.0
ORD-20260617-0098,2026-06-17,2026-06-17 01:04:00,SKU-1001,Wireless Mouse,Electronics,East,799,3,5.0,2397,2277.15
ORD-20260617-0099,2026-06-17,2026-06-17 02:46:00,SKU-1005,LED Desk Lamp,Furniture,East,899,1,10.0,899,809.1
ORD-20260617-0100,2026-06-17,2026-06-17 17:22:00,SKU-1007,Water Bottle,Fitness,East,349,3,10.0,1047,942.3
ORD-20260617-0101,2026-06-17,2026-06-17 05:47:00,SKU-1007,Water Bottle,Fitness,West,349,3,5.0,1047,994.65
ORD-20260617-0102,2026-06-17,2026-06-17 03:40:00,SKU-1008,Backpack,Accessories,East,1499,1,10.0,1499,1349.1
ORD-20260617-0103,2026-06-17,2026-06-17 02:46:00,SKU-1002,Bluetooth Speaker,Electronics,East,1999,1,10.0,1999,1799.1
ORD-20260617-0104,2026-06-17,2026-06-17 10:54:00,SKU-1006,Yoga Mat,Fitness,Central,599,1,0.0,599,599.0
ORD-20260617-0105,2026-06-17,2026-06-17 06:46:00,SKU-1005,LED Desk Lamp,Furniture,South,899,2,5.0,1798,1708.1
ORD-20260617-0106,2026-06-17,2026-06-17 08:47:00,SKU-1004,Office Chair,Furniture,North,5499,4,0.0,21996,21996.0
ORD-20260617-0107,2026-06-17,2026-06-17 18:33:00,SKU-1007,Water Bottle,Fitness,Central,349,1,5.0,349,331.55
ORD-20260617-0108,2026-06-17,2026-06-17 05:46:00,SKU-1002,Bluetooth Speaker,Electronics,West,1999,1,10.0,1999,1799.1
ORD-20260617-0109,2026-06-17,2026-06-17 03:15:00,SKU-1006,Yoga Mat,Fitness,East,599,1,0.0,599,599.0
ORD-20260617-0110,2026-06-17,2026-06-17 07:58:00,SKU-1007,Water Bottle,Fitness,West,349,3,10.0,1047,942.3
ORD-20260617-0111,2026-06-17,2026-06-17 00:00:00,SKU-1006,Yoga Mat,Fitness,Unknown,599,1,0.0,599,599.0
ORD-20260617-0112,2026-06-17,2026-06-17 02:42:00,SKU-1009,Phone Case,Accessories,Unknown,299,1,15.0,299,254.15
ORD-20260617-0113,2026-06-17,2026-06-17 17:52:00,SKU-1009,Phone Case,Accessories,West,299,3,0.0,897,897.0
ORD-20260617-0114,2026-06-17,2026-06-17 08:05:00,SKU-1001,Wireless Mouse,Electronics,South,799,1,10.0,799,719.1
ORD-20260617-0115,2026-06-17,2026-06-17 11:33:00,SKU-1002,Bluetooth Speaker,Electronics,West,1999,1,0.0,1999,1999.0
ORD-20260617-0116,2026-06-17,2026-06-17 12:51:00,SKU-1006,Yoga Mat,Fitness,North,599,4,15.0,2396,2036.6
ORD-20260617-0117,2026-06-17,2026-06-17 01:00:00,SKU-1005,LED Desk Lamp,Furniture,West,899,1,0.0,899,899.0
ORD-20260617-0118,2026-06-17,2026-06-17 17:14:00,SKU-1001,Wireless Mouse,Electronics,North,799,1,15.0,799,679.15
ORD-20260618-0000,2026-06-18,2026-06-18 17:26:00,SKU-1007,Water Bottle,Fitness,East,349,4,5.0,1396,1326.2
ORD-20260618-0001,2026-06-18,2026-06-18 09:41:00,SKU-1007,Water Bottle,Fitness,Unknown,349,4,0.0,1396,1396.0
ORD-20260618-0002,2026-06-18,2026-06-18 12:48:00,SKU-1007,Water Bottle,Fitness,Unknown,349,1,0.0,349,349.0
ORD-20260618-0003,2026-06-18,2026-06-18 11:33:00,SKU-1009,Phone Case,Accessories,Unknown,299,1,0.0,299,299.0
ORD-20260618-0004,2026-06-18,2026-06-18 01:55:00,SKU-1004,Office Chair,Furniture,West,5499,1,0.0,5499,5499.0
ORD-20260618-0005,2026-06-18,2026-06-18 18:46:00,SKU-1003,Notebook Set,Stationery,Central,249,2,0.0,498,498.0
ORD-20260618-0006,2026-06-18,2026-06-18 23:09:00,SKU-1009,Phone Case,Accessories,West,299,1,0.0,299,299.0
ORD-20260618-0007,2026-06-18,2026-06-18 04:55:00,SKU-1009,Phone Case,Accessories,Unknown,299,2,0.0,598,598.0
ORD-20260618-0008,2026-06-18,2026-06-18 16:55:00,SKU-1010,USB-C Cable,Electronics,North,199,1,0.0,199,199.0
ORD-20260618-0009,2026-06-18,2026-06-18 18:52:00,SKU-1010,USB-C Cable,Electronics,Unknown,199,1,15.0,199,169.15
ORD-20260618-0010,2026-06-18,2026-06-18 21:44:00,SKU-1004,Office Chair,Furniture,East,5499,1,0.0,5499,5499.0
ORD-20260618-0011,2026-06-18,2026-06-18 12:56:00,SKU-1006,Yoga Mat,Fitness,East,599,1,5.0,599,569.05
ORD-20260618-0012,2026-06-18,2026-06-18 23:55:00,SKU-1003,Notebook Set,Stationery,North,249,3,5.0,747,709.65
ORD-20260618-0013,2026-06-18,2026-06-18 11:37:00,SKU-1008,Backpack,Accessories,Central,1499,1,0.0,1499,1499.0
ORD-20260618-0014,2026-06-18,2026-06-18 18:15:00,SKU-1005,LED Desk Lamp,Furniture,North,899,1,10.0,899,809.1
ORD-20260618-0015,2026-06-18,2026-06-18 07:58:00,SKU-1006,Yoga Mat,Fitness,East,599,1,5.0,599,569.05
ORD-20260618-0016,2026-06-18,2026-06-18 03:22:00,SKU-1002,Bluetooth Speaker,Electronics,North,1999,1,0.0,1999,1999.0
ORD-20260618-0017,2026-06-18,2026-06-18 12:27:00,SKU-1007,Water Bottle,Fitness,West,349,1,0.0,349,349.0
ORD-20260618-0018,2026-06-18,2026-06-18 15:24:00,SKU-1004,Office Chair,Furniture,Central,5499,2,10.0,10998,9898.2
ORD-20260618-0019,2026-06-18,2026-06-18 01:49:00,SKU-1005,LED Desk Lamp,Furniture,Central,899,1,0.0,899,899.0
ORD-20260618-0020,2026-06-18,2026-06-18 15:52:00,SKU-1010,USB-C Cable,Electronics,East,199,1,10.0,199,179.1
ORD-20260618-0021,2026-06-18,2026-06-18 19:23:00,SKU-1004,Office Chair,Furniture,Central,5499,1,0.0,5499,5499.0
ORD-20260618-0022,2026-06-18,2026-06-18 20:31:00,SKU-1005,LED Desk Lamp,Furniture,North,899,2,5.0,1798,1708.1
ORD-20260618-0023,2026-06-18,2026-06-18 19:19:00,SKU-1009,Phone Case,Accessories,Unknown,299,1,0.0,299,299.0
ORD-20260618-0024,2026-06-18,2026-06-18 14:59:00,SKU-1009,Phone Case,Accessories,South,299,1,5.0,299,284.05
ORD-20260618-0025,2026-06-18,2026-06-18 08:51:00,SKU-1009,Phone Case,Accessories,West,299,1,5.0,299,284.05
ORD-20260618-0026,2026-06-18,2026-06-18 19:04:00,SKU-1005,LED Desk Lamp,Furniture,Unknown,899,1,0.0,899,899.0
ORD-20260618-0027,2026-06-18,2026-06-18 01:09:00,SKU-1001,Wireless Mouse,Electronics,North,799,2,0.0,1598,1598.0
ORD-20260618-0028,2026-06-18,2026-06-18 23:36:00,SKU-1009,Phone Case,Accessories,East,299,1,0.0,299,299.0
ORD-20260618-0029,2026-06-18,2026-06-18 18:06:00,SKU-1002,Bluetooth Speaker,Electronics,South,1999,1,0.0,1999,1999.0
ORD-20260618-0030,2026-06-18,2026-06-18 08:35:00,SKU-1008,Backpack,Accessories,West,1499,1,10.0,1499,1349.1
ORD-20260618-0031,2026-06-18,2026-06-18 06:46:00,SKU-1010,USB-C Cable,Electronics,South,199,1,0.0,199,199.0
ORD-20260618-0032,2026-06-18,2026-06-18 15:37:00,SKU-1003,Notebook Set,Stationery,Unknown,249,1,10.0,249,224.1
ORD-20260618-0033,2026-06-18,2026-06-18 04:31:00,SKU-1001,Wireless Mouse,Electronics,West,799,3,0.0,2397,2397.0
ORD-20260618-0034,2026-06-18,2026-06-18 06:49:00,SKU-1004,Office Chair,Furniture,Unknown,5499,1,0.0,5499,5499.0
ORD-20260618-0035,2026-06-18,2026-06-18 12:48:00,SKU-1007,Water Bottle,Fitness,Central,349,1,5.0,349,331.55
ORD-20260618-0036,2026-06-18,2026-06-18 11:56:00,SKU-1010,USB-C Cable,Electronics,East,199,2,0.0,398,398.0
ORD-20260618-0037,2026-06-18,2026-06-18 11:56:00,SKU-1009,Phone Case,Accessories,South,299,1,15.0,299,254.15
ORD-20260618-0038,2026-06-18,2026-06-18 20:20:00,SKU-1008,Backpack,Accessories,Unknown,1499,2,15.0,2998,2548.3
ORD-20260618-0039,2026-06-18,2026-06-18 23:27:00,SKU-1007,Water Bottle,Fitness,Unknown,349,2,0.0,698,698.0
ORD-20260618-0040,2026-06-18,2026-06-18 03:29:00,SKU-1008,Backpack,Accessories,Central,1499,4,15.0,5996,5096.6
ORD-20260618-0041,2026-06-18,2026-06-18 20:05:00,SKU-1007,Water Bottle,Fitness,West,349,2,5.0,698,663.1
ORD-20260618-0042,2026-06-18,2026-06-18 01:51:00,SKU-1007,Water Bottle,Fitness,Central,349,1,0.0,349,349.0
ORD-20260618-0043,2026-06-18,2026-06-18 01:32:00,SKU-1004,Office Chair,Furniture,Unknown,5499,1,0.0,5499,5499.0
ORD-20260618-0044,2026-06-18,2026-06-18 00:13:00,SKU-1001,Wireless Mouse,Electronics,West,799,2,0.0,1598,1598.0
ORD-20260618-0045,2026-06-18,2026-06-18 23:32:00,SKU-1010,USB-C Cable,Electronics,South,199,3,0.0,597,597.0
ORD-20260618-0046,2026-06-18,2026-06-18 05:35:00,SKU-1001,Wireless Mouse,Electronics,Central,799,1,0.0,799,799.0
ORD-20260618-0047,2026-06-18,2026-06-18 05:03:00,SKU-1008,Backpack,Accessories,East,1499,2,10.0,2998,2698.2
ORD-20260618-0048,2026-06-18,2026-06-18 23:32:00,SKU-1005,LED Desk Lamp,Furniture,Unknown,899,2,15.0,1798,1528.3
ORD-20260618-0049,2026-06-18,2026-06-18 06:47:00,SKU-1004,Office Chair,Furniture,Central,5499,2,10.0,10998,9898.2
ORD-20260618-0050,2026-06-18,2026-06-18 13:35:00,SKU-1009,Phone Case,Accessories,North,299,4,15.0,1196,1016.6
ORD-20260618-0051,2026-06-18,2026-06-18 11:01:00,SKU-1008,Backpack,Accessories,North,1499,1,5.0,1499,1424.05
ORD-20260618-0052,2026-06-18,2026-06-18 13:32:00,SKU-1007,Water Bottle,Fitness,East,349,1,10.0,349,314.1
ORD-20260618-0053,2026-06-18,2026-06-18 07:17:00,SKU-1002,Bluetooth Speaker,Electronics,North,1999,1,15.0,1999,1699.15
ORD-20260618-0054,2026-06-18,2026-06-18 08:13:00,SKU-1009,Phone Case,Accessories,East,299,1,0.0,299,299.0
ORD-20260618-0055,2026-06-18,2026-06-18 20:38:00,SKU-1010,USB-C Cable,Electronics,West,199,1,0.0,199,199.0
ORD-20260618-0056,2026-06-18,2026-06-18 22:21:00,SKU-1010,USB-C Cable,Electronics,South,199,1,10.0,199,179.1
ORD-20260618-0057,2026-06-18,2026-06-18 09:27:00,SKU-1009,Phone Case,Accessories,East,299,2,5.0,598,568.1
ORD-20260618-0058,2026-06-18,2026-06-18 04:39:00,SKU-1001,Wireless Mouse,Electronics,South,799,2,0.0,1598,1598.0
ORD-20260618-0059,2026-06-18,2026-06-18 13:45:00,SKU-1002,Bluetooth Speaker,Electronics,East,1999,3,5.0,5997,5697.15
ORD-20260618-0060,2026-06-18,2026-06-18 00:50:00,SKU-1010,USB-C Cable,Electronics,North,199,1,15.0,199,169.15
ORD-20260618-0061,2026-06-18,2026-06-18 00:05:00,SKU-1002,Bluetooth Speaker,Electronics,Central,1999,2,0.0,3998,3998.0
ORD-20260618-0062,2026-06-18,2026-06-18 20:27:00,SKU-1001,Wireless Mouse,Electronics,Unknown,799,2,0.0,1598,1598.0
ORD-20260618-0063,2026-06-18,2026-06-18 14:08:00,SKU-1001,Wireless Mouse,Electronics,South,799,1,5.0,799,759.05
ORD-20260618-0064,2026-06-18,2026-06-18 09:37:00,SKU-1010,USB-C Cable,Electronics,Unknown,199,2,5.0,398,378.1
ORD-20260618-0065,2026-06-18,2026-06-18 05:46:00,SKU-1001,Wireless Mouse,Electronics,East,799,1,0.0,799,799.0
ORD-20260618-0066,2026-06-18,2026-06-18 08:43:00,SKU-1007,Water Bottle,Fitness,South,349,1,0.0,349,349.0
ORD-20260618-0067,2026-06-18,2026-06-18 23:01:00,SKU-1002,Bluetooth Speaker,Electronics,East,1999,2,5.0,3998,3798.1
ORD-20260618-0068,2026-06-18,2026-06-18 17:35:00,SKU-1005,LED Desk Lamp,Furniture,South,899,2,5.0,1798,1708.1
ORD-20260618-0069,2026-06-18,2026-06-18 19:59:00,SKU-1002,Bluetooth Speaker,Electronics,South,1999,2,0.0,3998,3998.0
ORD-20260618-0070,2026-06-18,2026-06-18 17:23:00,SKU-1006,Yoga Mat,Fitness,West,599,4,10.0,2396,2156.4
ORD-20260618-0071,2026-06-18,2026-06-18 07:09:00,SKU-1010,USB-C Cable,Electronics,Central,199,1,0.0,199,199.0
ORD-20260618-0072,2026-06-18,2026-06-18 01:46:00,SKU-1009,Phone Case,Accessories,West,299,1,10.0,299,269.1
ORD-20260618-0073,2026-06-18,2026-06-18 18:01:00,SKU-1008,Backpack,Accessories,West,1499,1,0.0,1499,1499.0
ORD-20260618-0074,2026-06-18,2026-06-18 11:18:00,SKU-1004,Office Chair,Furniture,West,5499,1,0.0,5499,5499.0
ORD-20260618-0075,2026-06-18,2026-06-18 01:00:00,SKU-1008,Backpack,Accessories,West,1499,4,10.0,5996,5396.4
ORD-20260618-0076,2026-06-18,2026-06-18 18:57:00,SKU-1009,Phone Case,Accessories,South,299,3,5.0,897,852.15
ORD-20260618-0077,2026-06-18,2026-06-18 05:34:00,SKU-1008,Backpack,Accessories,East,1499,4,0.0,5996,5996.0
ORD-20260618-0078,2026-06-18,2026-06-18 00:52:00,SKU-1002,Bluetooth Speaker,Electronics,East,1999,1,10.0,1999,1799.1
ORD-20260618-0079,2026-06-18,2026-06-18 06:50:00,SKU-1005,LED Desk Lamp,Furniture,North,899,1,5.0,899,854.05
ORD-20260618-0080,2026-06-18,2026-06-18 04:11:00,SKU-1009,Phone Case,Accessories,South,299,2,0.0,598,598.0
ORD-20260618-0081,2026-06-18,2026-06-18 06:50:00,SKU-1007,Water Bottle,Fitness,East,349,1,0.0,349,349.0
ORD-20260618-0082,2026-06-18,2026-06-18 16:57:00,SKU-1007,Water Bottle,Fitness,West,349,1,5.0,349,331.55
ORD-20260618-0083,2026-06-18,2026-06-18 01:16:00,SKU-1007,Water Bottle,Fitness,Central,349,1,0.0,349,349.0
ORD-20260618-0084,2026-06-18,2026-06-18 22:01:00,SKU-1006,Yoga Mat,Fitness,North,599,2,0.0,1198,1198.0
ORD-20260618-0085,2026-06-18,2026-06-18 15:52:00,SKU-1008,Backpack,Accessories,East,1499,1,5.0,1499,1424.05
ORD-20260618-0086,2026-06-18,2026-06-18 23:33:00,SKU-1010,USB-C Cable,Electronics,Central,199,2,0.0,398,398.0
ORD-20260618-0087,2026-06-18,2026-06-18 12:00:00,SKU-1002,Bluetooth Speaker,Electronics,Unknown,1999,4,5.0,7996,7596.2
ORD-20260618-0088,2026-06-18,2026-06-18 14:44:00,SKU-1002,Bluetooth Speaker,Electronics,Central,1999,2,0.0,3998,3998.0
ORD-20260618-0089,2026-06-18,2026-06-18 01:25:00,SKU-1003,Notebook Set,Stationery,West,249,2,15.0,498,423.3
ORD-20260618-0090,2026-06-18,2026-06-18 14:45:00,SKU-1003,Notebook Set,Stationery,Central,249,1,0.0,249,249.0
ORD-20260618-0091,2026-06-18,2026-06-18 20:44:00,SKU-1001,Wireless Mouse,Electronics,East,799,3,0.0,2397,2397.0
ORD-20260618-0092,2026-06-18,2026-06-18 17:50:00,SKU-1007,Water Bottle,Fitness,Unknown,349,1,15.0,349,296.65
ORD-20260618-0093,2026-06-18,2026-06-18 19:31:00,SKU-1001,Wireless Mouse,Electronics,South,799,1,0.0,799,799.0
ORD-20260618-0094,2026-06-18,2026-06-18 16:11:00,SKU-1007,Water Bottle,Fitness,Unknown,349,3,5.0,1047,994.65
ORD-20260618-0095,2026-06-18,2026-06-18 18:45:00,SKU-1001,Wireless Mouse,Electronics,West,799,1,0.0,799,799.0
ORD-20260618-0096,2026-06-18,2026-06-18 12:56:00,SKU-1009,Phone Case,Accessories,Unknown,299,2,0.0,598,598.0
ORD-20260618-0097,2026-06-18,2026-06-18 16:26:00,SKU-1005,LED Desk Lamp,Furniture,North,899,2,10.0,1798,1618.2
ORD-20260619-0000,2026-06-19,2026-06-19 00:41:00,SKU-1007,Water Bottle,Fitness,North,349,1,5.0,349,331.55
ORD-20260619-0001,2026-06-19,2026-06-19 22:19:00,SKU-1010,USB-C Cable,Electronics,West,199,2,0.0,398,398.0
ORD-20260619-0002,2026-06-19,2026-06-19 22:02:00,SKU-1004,Office Chair,Furniture,Central,5499,1,0.0,5499,5499.0
ORD-20260619-0003,2026-06-19,2026-06-19 04:35:00,SKU-1004,Office Chair,Furniture,Unknown,5499,1,0.0,5499,5499.0
ORD-20260619-0004,2026-06-19,2026-06-19 17:43:00,SKU-1002,Bluetooth Speaker,Electronics,West,1999,2,0.0,3998,3998.0
ORD-20260619-0005,2026-06-19,2026-06-19 15:24:00,SKU-1002,Bluetooth Speaker,Electronics,South,1999,1,0.0,1999,1999.0
ORD-20260619-0006,2026-06-19,2026-06-19 00:51:00,SKU-1001,Wireless Mouse,Electronics,North,799,2,0.0,1598,1598.0
ORD-20260619-0007,2026-06-19,2026-06-19 12:11:00,SKU-1003,Notebook Set,Stationery,West,249,2,10.0,498,448.2
ORD-20260619-0008,2026-06-19,2026-06-19 06:24:00,SKU-1002,Bluetooth Speaker,Electronics,South,1999,1,0.0,1999,1999.0
ORD-20260619-0009,2026-06-19,2026-06-19 23:54:00,SKU-1004,Office Chair,Furniture,South,5499,2,15.0,10998,9348.3
ORD-20260619-0010,2026-06-19,2026-06-19 03:47:00,SKU-1004,Office Chair,Furniture,West,5499,1,0.0,5499,5499.0
ORD-20260619-0011,2026-06-19,2026-06-19 17:22:00,SKU-1004,Office Chair,Furniture,West,5499,2,0.0,10998,10998.0
ORD-20260619-0012,2026-06-19,2026-06-19 06:50:00,SKU-1007,Water Bottle,Fitness,Central,349,2,0.0,698,698.0
ORD-20260619-0013,2026-06-19,2026-06-19 07:25:00,SKU-1009,Phone Case,Accessories,East,299,1,0.0,299,299.0
ORD-20260619-0014,2026-06-19,2026-06-19 09:28:00,SKU-1005,LED Desk Lamp,Furniture,East,899,1,10.0,899,809.1
ORD-20260619-0015,2026-06-19,2026-06-19 01:06:00,SKU-1010,USB-C Cable,Electronics,West,199,2,5.0,398,378.1
ORD-20260619-0016,2026-06-19,2026-06-19 08:27:00,SKU-1009,Phone Case,Accessories,West,299,1,0.0,299,299.0
ORD-20260619-0017,2026-06-19,2026-06-19 09:09:00,SKU-1007,Water Bottle,Fitness,East,349,1,0.0,349,349.0
ORD-20260619-0018,2026-06-19,2026-06-19 03:19:00,SKU-1008,Backpack,Accessories,West,1499,1,15.0,1499,1274.15
ORD-20260619-0019,2026-06-19,2026-06-19 02:57:00,SKU-1007,Water Bottle,Fitness,North,349,4,15.0,1396,1186.6
ORD-20260619-0020,2026-06-19,2026-06-19 04:28:00,SKU-1001,Wireless Mouse,Electronics,South,799,1,5.0,799,759.05
ORD-20260619-0021,2026-06-19,2026-06-19 18:37:00,SKU-1006,Yoga Mat,Fitness,Unknown,599,3,10.0,1797,1617.3
ORD-20260619-0022,2026-06-19,2026-06-19 20:07:00,SKU-1006,Yoga Mat,Fitness,West,599,2,10.0,1198,1078.2
ORD-20260619-0023,2026-06-19,2026-06-19 11:43:00,SKU-1010,USB-C Cable,Electronics,East,199,4,0.0,796,796.0
ORD-20260619-0024,2026-06-19,2026-06-19 08:07:00,SKU-1005,LED Desk Lamp,Furniture,South,899,4,0.0,3596,3596.0
ORD-20260619-0025,2026-06-19,2026-06-19 22:36:00,SKU-1005,LED Desk Lamp,Furniture,West,899,1,0.0,899,899.0
ORD-20260619-0026,2026-06-19,2026-06-19 10:23:00,SKU-1008,Backpack,Accessories,West,1499,2,0.0,2998,2998.0
ORD-20260619-0027,2026-06-19,2026-06-19 19:15:00,SKU-1003,Notebook Set,Stationery,North,249,1,0.0,249,249.0
ORD-20260619-0028,2026-06-19,2026-06-19 16:34:00,SKU-1003,Notebook Set,Stationery,North,249,2,0.0,498,498.0
ORD-20260619-0029,2026-06-19,2026-06-19 21:26:00,SKU-1007,Water Bottle,Fitness,East,349,4,0.0,1396,1396.0
ORD-20260619-0030,2026-06-19,2026-06-19 05:52:00,SKU-1008,Backpack,Accessories,South,1499,1,10.0,1499,1349.1
ORD-20260619-0031,2026-06-19,2026-06-19 20:35:00,SKU-1007,Water Bottle,Fitness,North,349,1,0.0,349,349.0
ORD-20260619-0032,2026-06-19,2026-06-19 12:58:00,SKU-1002,Bluetooth Speaker,Electronics,East,1999,1,5.0,1999,1899.05
ORD-20260619-0033,2026-06-19,2026-06-19 10:06:00,SKU-1005,LED Desk Lamp,Furniture,Central,899,1,0.0,899,899.0
ORD-20260619-0034,2026-06-19,2026-06-19 03:17:00,SKU-1007,Water Bottle,Fitness,Unknown,349,1,0.0,349,349.0
ORD-20260619-0035,2026-06-19,2026-06-19 12:20:00,SKU-1008,Backpack,Accessories,East,1499,1,0.0,1499,1499.0
ORD-20260619-0036,2026-06-19,2026-06-19 19:27:00,SKU-1002,Bluetooth Speaker,Electronics,West,1999,1,15.0,1999,1699.15
ORD-20260619-0037,2026-06-19,2026-06-19 04:27:00,SKU-1009,Phone Case,Accessories,West,299,3,0.0,897,897.0
ORD-20260619-0038,2026-06-19,2026-06-19 14:28:00,SKU-1002,Bluetooth Speaker,Electronics,North,1999,2,0.0,3998,3998.0
ORD-20260619-0039,2026-06-19,2026-06-19 08:30:00,SKU-1008,Backpack,Accessories,East,1499,2,0.0,2998,2998.0
ORD-20260619-0040,2026-06-19,2026-06-19 03:04:00,SKU-1002,Bluetooth Speaker,Electronics,West,1999,1,0.0,1999,1999.0
ORD-20260619-0041,2026-06-19,2026-06-19 13:38:00,SKU-1003,Notebook Set,Stationery,East,249,2,15.0,498,423.3
ORD-20260619-0042,2026-06-19,2026-06-19 15:58:00,SKU-1002,Bluetooth Speaker,Electronics,Unknown,1999,1,0.0,1999,1999.0
ORD-20260619-0043,2026-06-19,2026-06-19 14:58:00,SKU-1007,Water Bottle,Fitness,South,349,1,5.0,349,331.55
ORD-20260619-0044,2026-06-19,2026-06-19 07:02:00,SKU-1007,Water Bottle,Fitness,South,349,1,5.0,349,331.55
ORD-20260619-0045,2026-06-19,2026-06-19 00:22:00,SKU-1002,Bluetooth Speaker,Electronics,East,1999,1,0.0,1999,1999.0
ORD-20260619-0046,2026-06-19,2026-06-19 01:14:00,SKU-1002,Bluetooth Speaker,Electronics,North,1999,2,10.0,3998,3598.2
ORD-20260619-0047,2026-06-19,2026-06-19 10:55:00,SKU-1010,USB-C Cable,Electronics,East,199,1,15.0,199,169.15
ORD-20260619-0048,2026-06-19,2026-06-19 10:34:00,SKU-1003,Notebook Set,Stationery,Central,249,3,0.0,747,747.0
ORD-20260619-0049,2026-06-19,2026-06-19 06:17:00,SKU-1005,LED Desk Lamp,Furniture,Central,899,2,15.0,1798,1528.3
ORD-20260619-0050,2026-06-19,2026-06-19 10:54:00,SKU-1007,Water Bottle,Fitness,East,349,1,0.0,349,349.0
ORD-20260619-0051,2026-06-19,2026-06-19 15:59:00,SKU-1004,Office Chair,Furniture,Central,5499,1,0.0,5499,5499.0
ORD-20260619-0052,2026-06-19,2026-06-19 20:05:00,SKU-1002,Bluetooth Speaker,Electronics,South,1999,2,0.0,3998,3998.0
ORD-20260619-0053,2026-06-19,2026-06-19 20:52:00,SKU-1003,Notebook Set,Stationery,Central,249,1,0.0,249,249.0
ORD-20260619-0054,2026-06-19,2026-06-19 02:22:00,SKU-1001,Wireless Mouse,Electronics,East,799,1,0.0,799,799.0
ORD-20260619-0055,2026-06-19,2026-06-19 10:31:00,SKU-1008,Backpack,Accessories,North,1499,1,15.0,1499,1274.15
ORD-20260619-0056,2026-06-19,2026-06-19 21:59:00,SKU-1001,Wireless Mouse,Electronics,West,799,2,0.0,1598,1598.0
ORD-20260619-0057,2026-06-19,2026-06-19 03:19:00,SKU-1005,LED Desk Lamp,Furniture,East,899,2,0.0,1798,1798.0
ORD-20260619-0058,2026-06-19,2026-06-19 09:42:00,SKU-1006,Yoga Mat,Fitness,South,599,1,0.0,599,599.0
ORD-20260619-0059,2026-06-19,2026-06-19 06:53:00,SKU-1008,Backpack,Accessories,South,1499,3,0.0,4497,4497.0
ORD-20260619-0060,2026-06-19,2026-06-19 18:44:00,SKU-1008,Backpack,Accessories,East,1499,4,0.0,5996,5996.0
ORD-20260619-0061,2026-06-19,2026-06-19 17:22:00,SKU-1009,Phone Case,Accessories,Central,299,2,0.0,598,598.0
ORD-20260619-0062,2026-06-19,2026-06-19 02:08:00,SKU-1005,LED Desk Lamp,Furniture,West,899,1,0.0,899,899.0
ORD-20260619-0063,2026-06-19,2026-06-19 22:15:00,SKU-1009,Phone Case,Accessories,Unknown,299,1,0.0,299,299.0
ORD-20260619-0064,2026-06-19,2026-06-19 14:51:00,SKU-1007,Water Bottle,Fitness,West,349,1,15.0,349,296.65
ORD-20260619-0065,2026-06-19,2026-06-19 17:44:00,SKU-1004,Office Chair,Furniture,Unknown,5499,1,15.0,5499,4674.15
ORD-20260619-0066,2026-06-19,2026-06-19 10:06:00,SKU-1003,Notebook Set,Stationery,South,249,4,10.0,996,896.4
ORD-20260619-0067,2026-06-19,2026-06-19 19:55:00,SKU-1010,USB-C Cable,Electronics,Central,199,1,10.0,199,179.1
ORD-20260619-0068,2026-06-19,2026-06-19 07:35:00,SKU-1008,Backpack,Accessories,West,1499,2,0.0,2998,2998.0
ORD-20260619-0069,2026-06-19,2026-06-19 19:02:00,SKU-1003,Notebook Set,Stationery,East,249,1,0.0,249,249.0
ORD-20260619-0070,2026-06-19,2026-06-19 09:40:00,SKU-1010,USB-C Cable,Electronics,Unknown,199,3,0.0,597,597.0
ORD-20260619-0071,2026-06-19,2026-06-19 09:15:00,SKU-1007,Water Bottle,Fitness,East,349,1,0.0,349,349.0
ORD-20260619-0072,2026-06-19,2026-06-19 07:00:00,SKU-1010,USB-C Cable,Electronics,Unknown,199,1,5.0,199,189.05
ORD-20260619-0073,2026-06-19,2026-06-19 05:55:00,SKU-1009,Phone Case,Accessories,Central,299,1,0.0,299,299.0
ORD-20260619-0074,2026-06-19,2026-06-19 15:36:00,SKU-1009,Phone Case,Accessories,East,299,2,15.0,598,508.3
ORD-20260619-0075,2026-06-19,2026-06-19 16:12:00,SKU-1004,Office Chair,Furniture,North,5499,2,10.0,10998,9898.2
ORD-20260619-0076,2026-06-19,2026-06-19 09:29:00,SKU-1007,Water Bottle,Fitness,Central,349,2,0.0,698,698.0
ORD-20260619-0077,2026-06-19,2026-06-19 19:02:00,SKU-1003,Notebook Set,Stationery,West,249,2,0.0,498,498.0
ORD-20260619-0078,2026-06-19,2026-06-19 03:07:00,SKU-1004,Office Chair,Furniture,West,5499,1,0.0,5499,5499.0
ORD-20260620-0000,2026-06-20,2026-06-20 06:58:00,SKU-1008,Backpack,Accessories,North,1499,2,15.0,2998,2548.3
ORD-20260620-0001,2026-06-20,2026-06-20 23:25:00,SKU-1004,Office Chair,Furniture,South,5499,1,15.0,5499,4674.15
ORD-20260620-0002,2026-06-20,2026-06-20 03:37:00,SKU-1009,Phone Case,Accessories,North,299,1,0.0,299,299.0
ORD-20260620-0003,2026-06-20,2026-06-20 09:05:00,SKU-1008,Backpack,Accessories,East,1499,1,15.0,1499,1274.15
ORD-20260620-0004,2026-06-20,2026-06-20 07:59:00,SKU-1001,Wireless Mouse,Electronics,South,799,2,0.0,1598,1598.0
ORD-20260620-0005,2026-06-20,2026-06-20 04:55:00,SKU-1005,LED Desk Lamp,Furniture,Unknown,899,1,0.0,899,899.0
ORD-20260620-0006,2026-06-20,2026-06-20 02:51:00,SKU-1007,Water Bottle,Fitness,West,349,1,5.0,349,331.55
ORD-20260620-0007,2026-06-20,2026-06-20 17:35:00,SKU-1007,Water Bottle,Fitness,North,349,3,5.0,1047,994.65
ORD-20260620-0008,2026-06-20,2026-06-20 17:08:00,SKU-1002,Bluetooth Speaker,Electronics,Unknown,1999,1,0.0,1999,1999.0
ORD-20260620-0009,2026-06-20,2026-06-20 21:57:00,SKU-1002,Bluetooth Speaker,Electronics,North,1999,2,0.0,3998,3998.0
ORD-20260620-0010,2026-06-20,2026-06-20 19:18:00,SKU-1003,Notebook Set,Stationery,West,249,1,0.0,249,249.0
ORD-20260620-0011,2026-06-20,2026-06-20 01:33:00,SKU-1007,Water Bottle,Fitness,Central,349,1,10.0,349,314.1
ORD-20260620-0012,2026-06-20,2026-06-20 14:26:00,SKU-1006,Yoga Mat,Fitness,Unknown,599,1,10.0,599,539.1
ORD-20260620-0013,2026-06-20,2026-06-20 16:09:00,SKU-1004,Office Chair,Furniture,East,5499,3,5.0,16497,15672.15
ORD-20260620-0014,2026-06-20,2026-06-20 00:39:00,SKU-1002,Bluetooth Speaker,Electronics,North,1999,1,0.0,1999,1999.0
ORD-20260620-0015,2026-06-20,2026-06-20 16:54:00,SKU-1009,Phone Case,Accessories,Unknown,299,1,0.0,299,299.0
ORD-20260620-0016,2026-06-20,2026-06-20 04:48:00,SKU-1005,LED Desk Lamp,Furniture,Central,899,1,0.0,899,899.0
ORD-20260620-0017,2026-06-20,2026-06-20 21:24:00,SKU-1006,Yoga Mat,Fitness,Unknown,599,1,0.0,599,599.0
ORD-20260620-0018,2026-06-20,2026-06-20 03:52:00,SKU-1006,Yoga Mat,Fitness,North,599,2,0.0,1198,1198.0
ORD-20260620-0019,2026-06-20,2026-06-20 03:56:00,SKU-1002,Bluetooth Speaker,Electronics,North,1999,1,0.0,1999,1999.0
ORD-20260620-0020,2026-06-20,2026-06-20 20:52:00,SKU-1001,Wireless Mouse,Electronics,Central,799,1,0.0,799,799.0
ORD-20260620-0021,2026-06-20,2026-06-20 11:20:00,SKU-1006,Yoga Mat,Fitness,South,599,1,0.0,599,599.0
ORD-20260620-0022,2026-06-20,2026-06-20 14:42:00,SKU-1002,Bluetooth Speaker,Electronics,South,1999,2,5.0,3998,3798.1
ORD-20260620-0023,2026-06-20,2026-06-20 13:08:00,SKU-1006,Yoga Mat,Fitness,Unknown,599,1,0.0,599,599.0
ORD-20260620-0024,2026-06-20,2026-06-20 14:09:00,SKU-1009,Phone Case,Accessories,West,299,2,15.0,598,508.3
ORD-20260620-0025,2026-06-20,2026-06-20 11:30:00,SKU-1003,Notebook Set,Stationery,North,249,2,0.0,498,498.0
ORD-20260620-0026,2026-06-20,2026-06-20 08:20:00,SKU-1009,Phone Case,Accessories,South,299,1,5.0,299,284.05
ORD-20260620-0027,2026-06-20,2026-06-20 19:20:00,SKU-1009,Phone Case,Accessories,South,299,2,0.0,598,598.0
ORD-20260620-0028,2026-06-20,2026-06-20 08:46:00,SKU-1004,Office Chair,Furniture,South,5499,2,0.0,10998,10998.0
ORD-20260620-0029,2026-06-20,2026-06-20 10:17:00,SKU-1002,Bluetooth Speaker,Electronics,Unknown,1999,1,10.0,1999,1799.1
ORD-20260620-0030,2026-06-20,2026-06-20 20:15:00,SKU-1001,Wireless Mouse,Electronics,West,799,2,5.0,1598,1518.1
ORD-20260620-0031,2026-06-20,2026-06-20 02:59:00,SKU-1002,Bluetooth Speaker,Electronics,East,1999,1,5.0,1999,1899.05
ORD-20260620-0032,2026-06-20,2026-06-20 10:55:00,SKU-1004,Office Chair,Furniture,Unknown,5499,1,5.0,5499,5224.05
ORD-20260620-0033,2026-06-20,2026-06-20 02:31:00,SKU-1004,Office Chair,Furniture,Unknown,5499,1,0.0,5499,5499.0
ORD-20260620-0034,2026-06-20,2026-06-20 05:59:00,SKU-1003,Notebook Set,Stationery,East,249,1,5.0,249,236.55
ORD-20260620-0035,2026-06-20,2026-06-20 18:25:00,SKU-1002,Bluetooth Speaker,Electronics,Central,1999,1,0.0,1999,1999.0
ORD-20260620-0036,2026-06-20,2026-06-20 10:43:00,SKU-1005,LED Desk Lamp,Furniture,East,899,2,0.0,1798,1798.0
ORD-20260620-0037,2026-06-20,2026-06-20 15:07:00,SKU-1008,Backpack,Accessories,North,1499,1,5.0,1499,1424.05
ORD-20260620-0038,2026-06-20,2026-06-20 10:28:00,SKU-1001,Wireless Mouse,Electronics,Central,799,2,10.0,1598,1438.2
ORD-20260620-0039,2026-06-20,2026-06-20 22:13:00,SKU-1008,Backpack,Accessories,East,1499,2,0.0,2998,2998.0
ORD-20260620-0040,2026-06-20,2026-06-20 02:43:00,SKU-1001,Wireless Mouse,Electronics,West,799,3,0.0,2397,2397.0
ORD-20260620-0041,2026-06-20,2026-06-20 23:10:00,SKU-1008,Backpack,Accessories,West,1499,2,0.0,2998,2998.0
ORD-20260620-0042,2026-06-20,2026-06-20 06:48:00,SKU-1004,Office Chair,Furniture,West,5499,1,10.0,5499,4949.1
ORD-20260620-0043,2026-06-20,2026-06-20 09:59:00,SKU-1009,Phone Case,Accessories,Unknown,299,1,0.0,299,299.0
ORD-20260620-0044,2026-06-20,2026-06-20 05:34:00,SKU-1002,Bluetooth Speaker,Electronics,North,1999,1,10.0,1999,1799.1
ORD-20260620-0045,2026-06-20,2026-06-20 14:47:00,SKU-1002,Bluetooth Speaker,Electronics,East,1999,1,0.0,1999,1999.0
ORD-20260620-0046,2026-06-20,2026-06-20 03:22:00,SKU-1002,Bluetooth Speaker,Electronics,East,1999,1,15.0,1999,1699.15
ORD-20260620-0047,2026-06-20,2026-06-20 01:18:00,SKU-1003,Notebook Set,Stationery,South,249,1,10.0,249,224.1
ORD-20260620-0048,2026-06-20,2026-06-20 23:28:00,SKU-1010,USB-C Cable,Electronics,Unknown,199,1,0.0,199,199.0
ORD-20260620-0049,2026-06-20,2026-06-20 12:57:00,SKU-1007,Water Bottle,Fitness,Unknown,349,1,5.0,349,331.55
ORD-20260620-0050,2026-06-20,2026-06-20 08:57:00,SKU-1010,USB-C Cable,Electronics,North,199,2,0.0,398,398.0
ORD-20260620-0051,2026-06-20,2026-06-20 23:22:00,SKU-1007,Water Bottle,Fitness,South,349,1,15.0,349,296.65
ORD-20260620-0052,2026-06-20,2026-06-20 02:32:00,SKU-1007,Water Bottle,Fitness,East,349,2,5.0,698,663.1
ORD-20260620-0053,2026-06-20,2026-06-20 13:21:00,SKU-1005,LED Desk Lamp,Furniture,South,899,1,0.0,899,899.0
ORD-20260620-0054,2026-06-20,2026-06-20 01:27:00,SKU-1009,Phone Case,Accessories,West,299,1,0.0,299,299.0
ORD-20260620-0055,2026-06-20,2026-06-20 08:17:00,SKU-1005,LED Desk Lamp,Furniture,Unknown,899,1,0.0,899,899.0
ORD-20260620-0056,2026-06-20,2026-06-20 21:20:00,SKU-1008,Backpack,Accessories,West,1499,1,0.0,1499,1499.0
ORD-20260620-0057,2026-06-20,2026-06-20 10:47:00,SKU-1007,Water Bottle,Fitness,South,349,1,15.0,349,296.65
ORD-20260620-0058,2026-06-20,2026-06-20 11:16:00,SKU-1002,Bluetooth Speaker,Electronics,Central,1999,1,0.0,1999,1999.0
ORD-20260620-0059,2026-06-20,2026-06-20 06:45:00,SKU-1004,Office Chair,Furniture,South,5499,1,0.0,5499,5499.0
ORD-20260620-0060,2026-06-20,2026-06-20 00:14:00,SKU-1001,Wireless Mouse,Electronics,West,799,1,15.0,799,679.15
ORD-20260620-0061,2026-06-20,2026-06-20 23:52:00,SKU-1008,Backpack,Accessories,East,1499,1,0.0,1499,1499.0
ORD-20260620-0062,2026-06-20,2026-06-20 02:39:00,SKU-1006,Yoga Mat,Fitness,North,599,2,10.0,1198,1078.2
ORD-20260620-0063,2026-06-20,2026-06-20 09:11:00,SKU-1004,Office Chair,Furniture,Unknown,5499,2,15.0,10998,9348.3
ORD-20260620-0064,2026-06-20,2026-06-20 15:48:00,SKU-1005,LED Desk Lamp,Furniture,West,899,1,0.0,899,899.0
ORD-20260620-0065,2026-06-20,2026-06-20 09:20:00,SKU-1005,LED Desk Lamp,Furniture,South,899,1,5.0,899,854.05
ORD-20260620-0066,2026-06-20,2026-06-20 15:42:00,SKU-1010,USB-C Cable,Electronics,West,199,4,0.0,796,796.0
ORD-20260620-0067,2026-06-20,2026-06-20 02:31:00,SKU-1001,Wireless Mouse,Electronics,Central,799,2,0.0,1598,1598.0
ORD-20260620-0068,2026-06-20,2026-06-20 20:07:00,SKU-1003,Notebook Set,Stationery,East,249,1,5.0,249,236.55
ORD-20260620-0069,2026-06-20,2026-06-20 00:19:00,SKU-1005,LED Desk Lamp,Furniture,South,899,4,0.0,3596,3596.0
ORD-20260620-0070,2026-06-20,2026-06-20 22:16:00,SKU-1006,Yoga Mat,Fitness,North,599,1,0.0,599,599.0
ORD-20260620-0071,2026-06-20,2026-06-20 19:17:00,SKU-1004,Office Chair,Furniture,Central,5499,2,15.0,10998,9348.3
ORD-20260620-0072,2026-06-20,2026-06-20 07:12:00,SKU-1002,Bluetooth Speaker,Electronics,East,1999,4,10.0,7996,7196.4
ORD-20260620-0073,2026-06-20,2026-06-20 12:51:00,SKU-1005,LED Desk Lamp,Furniture,Unknown,899,2,0.0,1798,1798.0
ORD-20260620-0074,2026-06-20,2026-06-20 07:13:00,SKU-1001,Wireless Mouse,Electronics,East,799,1,0.0,799,799.0
ORD-20260620-0075,2026-06-20,2026-06-20 06:36:00,SKU-1003,Notebook Set,Stationery,Unknown,249,1,5.0,249,236.55
ORD-20260620-0076,2026-06-20,2026-06-20 10:07:00,SKU-1001,Wireless Mouse,Electronics,North,799,1,0.0,799,799.0
ORD-20260621-0000,2026-06-21,2026-06-21 23:33:00,SKU-1010,USB-C Cable,Electronics,West,199,4,15.0,796,676.6
ORD-20260621-0001,2026-06-21,2026-06-21 12:45:00,SKU-1003,Notebook Set,Stationery,Unknown,249,1,0.0,249,249.0
ORD-20260621-0002,2026-06-21,2026-06-21 21:11:00,SKU-1010,USB-C Cable,Electronics,Central,199,1,15.0,199,169.15
ORD-20260621-0003,2026-06-21,2026-06-21 21:51:00,SKU-1010,USB-C Cable,Electronics,West,199,1,5.0,199,189.05
ORD-20260621-0004,2026-06-21,2026-06-21 15:15:00,SKU-1005,LED Desk Lamp,Furniture,Unknown,899,2,5.0,1798,1708.1
ORD-20260621-0005,2026-06-21,2026-06-21 18:57:00,SKU-1009,Phone Case,Accessories,Unknown,299,1,0.0,299,299.0
ORD-20260621-0006,2026-06-21,2026-06-21 15:16:00,SKU-1002,Bluetooth Speaker,Electronics,Central,1999,1,0.0,1999,1999.0
ORD-20260621-0007,2026-06-21,2026-06-21 00:10:00,SKU-1009,Phone Case,Accessories,North,299,1,0.0,299,299.0
ORD-20260621-0008,2026-06-21,2026-06-21 09:03:00,SKU-1003,Notebook Set,Stationery,North,249,1,10.0,249,224.1
ORD-20260621-0009,2026-06-21,2026-06-21 05:40:00,SKU-1007,Water Bottle,Fitness,North,349,1,10.0,349,314.1
ORD-20260621-0010,2026-06-21,2026-06-21 12:02:00,SKU-1009,Phone Case,Accessories,Central,299,1,0.0,299,299.0
ORD-20260621-0011,2026-06-21,2026-06-21 17:08:00,SKU-1004,Office Chair,Furniture,North,5499,1,0.0,5499,5499.0
ORD-20260621-0012,2026-06-21,2026-06-21 17:51:00,SKU-1010,USB-C Cable,Electronics,Unknown,199,1,10.0,199,179.1
ORD-20260621-0013,2026-06-21,2026-06-21 05:15:00,SKU-1010,USB-C Cable,Electronics,Central,199,1,15.0,199,169.15
ORD-20260621-0014,2026-06-21,2026-06-21 06:33:00,SKU-1006,Yoga Mat,Fitness,Unknown,599,2,0.0,1198,1198.0
ORD-20260621-0015,2026-06-21,2026-06-21 22:59:00,SKU-1006,Yoga Mat,Fitness,Central,599,1,0.0,599,599.0
ORD-20260621-0016,2026-06-21,2026-06-21 14:30:00,SKU-1008,Backpack,Accessories,Central,1499,2,0.0,2998,2998.0
ORD-20260621-0017,2026-06-21,2026-06-21 17:21:00,SKU-1003,Notebook Set,Stationery,West,249,4,0.0,996,996.0
ORD-20260621-0018,2026-06-21,2026-06-21 21:40:00,SKU-1001,Wireless Mouse,Electronics,North,799,2,15.0,1598,1358.3
ORD-20260621-0019,2026-06-21,2026-06-21 15:45:00,SKU-1007,Water Bottle,Fitness,East,349,1,0.0,349,349.0
ORD-20260621-0020,2026-06-21,2026-06-21 13:03:00,SKU-1006,Yoga Mat,Fitness,North,599,1,0.0,599,599.0
ORD-20260621-0021,2026-06-21,2026-06-21 06:42:00,SKU-1007,Water Bottle,Fitness,Central,349,4,10.0,1396,1256.4
ORD-20260621-0022,2026-06-21,2026-06-21 06:50:00,SKU-1006,Yoga Mat,Fitness,West,599,1,10.0,599,539.1
ORD-20260621-0023,2026-06-21,2026-06-21 10:38:00,SKU-1004,Office Chair,Furniture,North,5499,3,0.0,16497,16497.0
ORD-20260621-0024,2026-06-21,2026-06-21 07:21:00,SKU-1006,Yoga Mat,Fitness,South,599,3,0.0,1797,1797.0
ORD-20260621-0025,2026-06-21,2026-06-21 03:12:00,SKU-1001,Wireless Mouse,Electronics,West,799,2,0.0,1598,1598.0
ORD-20260621-0026,2026-06-21,2026-06-21 00:38:00,SKU-1001,Wireless Mouse,Electronics,North,799,1,0.0,799,799.0
ORD-20260621-0027,2026-06-21,2026-06-21 08:05:00,SKU-1009,Phone Case,Accessories,North,299,2,10.0,598,538.2
ORD-20260621-0028,2026-06-21,2026-06-21 09:50:00,SKU-1004,Office Chair,Furniture,East,5499,1,0.0,5499,5499.0
ORD-20260621-0029,2026-06-21,2026-06-21 14:11:00,SKU-1004,Office Chair,Furniture,Central,5499,1,5.0,5499,5224.05
ORD-20260621-0030,2026-06-21,2026-06-21 11:57:00,SKU-1003,Notebook Set,Stationery,Central,249,4,15.0,996,846.6
ORD-20260621-0031,2026-06-21,2026-06-21 16:29:00,SKU-1007,Water Bottle,Fitness,West,349,2,10.0,698,628.2
ORD-20260621-0032,2026-06-21,2026-06-21 05:08:00,SKU-1010,USB-C Cable,Electronics,Unknown,199,3,10.0,597,537.3
ORD-20260621-0033,2026-06-21,2026-06-21 19:01:00,SKU-1010,USB-C Cable,Electronics,Central,199,1,0.0,199,199.0
ORD-20260621-0034,2026-06-21,2026-06-21 04:53:00,SKU-1001,Wireless Mouse,Electronics,West,799,3,10.0,2397,2157.3
ORD-20260621-0035,2026-06-21,2026-06-21 09:23:00,SKU-1009,Phone Case,Accessories,Central,299,1,15.0,299,254.15
ORD-20260621-0036,2026-06-21,2026-06-21 13:24:00,SKU-1010,USB-C Cable,Electronics,West,199,2,10.0,398,358.2
ORD-20260621-0037,2026-06-21,2026-06-21 20:46:00,SKU-1007,Water Bottle,Fitness,South,349,2,0.0,698,698.0
ORD-20260621-0038,2026-06-21,2026-06-21 19:22:00,SKU-1007,Water Bottle,Fitness,Central,349,1,15.0,349,296.65
ORD-20260621-0039,2026-06-21,2026-06-21 00:59:00,SKU-1006,Yoga Mat,Fitness,East,599,1,5.0,599,569.05
ORD-20260621-0040,2026-06-21,2026-06-21 23:22:00,SKU-1010,USB-C Cable,Electronics,South,199,1,0.0,199,199.0
ORD-20260621-0041,2026-06-21,2026-06-21 01:12:00,SKU-1005,LED Desk Lamp,Furniture,West,899,2,5.0,1798,1708.1
ORD-20260621-0042,2026-06-21,2026-06-21 02:42:00,SKU-1008,Backpack,Accessories,Unknown,1499,3,0.0,4497,4497.0
ORD-20260621-0043,2026-06-21,2026-06-21 11:39:00,SKU-1005,LED Desk Lamp,Furniture,West,899,2,5.0,1798,1708.1
ORD-20260621-0044,2026-06-21,2026-06-21 23:01:00,SKU-1003,Notebook Set,Stationery,West,249,2,15.0,498,423.3
ORD-20260621-0045,2026-06-21,2026-06-21 00:41:00,SKU-1001,Wireless Mouse,Electronics,North,799,1,0.0,799,799.0
ORD-20260621-0046,2026-06-21,2026-06-21 08:16:00,SKU-1007,Water Bottle,Fitness,North,349,1,15.0,349,296.65
ORD-20260621-0047,2026-06-21,2026-06-21 22:30:00,SKU-1005,LED Desk Lamp,Furniture,Unknown,899,2,0.0,1798,1798.0
ORD-20260621-0048,2026-06-21,2026-06-21 15:09:00,SKU-1008,Backpack,Accessories,East,1499,1,15.0,1499,1274.15
ORD-20260621-0049,2026-06-21,2026-06-21 07:16:00,SKU-1001,Wireless Mouse,Electronics,North,799,1,0.0,799,799.0
ORD-20260621-0050,2026-06-21,2026-06-21 03:42:00,SKU-1003,Notebook Set,Stationery,South,249,1,10.0,249,224.1
ORD-20260621-0051,2026-06-21,2026-06-21 19:43:00,SKU-1002,Bluetooth Speaker,Electronics,West,1999,2,0.0,3998,3998.0
ORD-20260621-0052,2026-06-21,2026-06-21 03:48:00,SKU-1010,USB-C Cable,Electronics,North,199,1,0.0,199,199.0
ORD-20260621-0053,2026-06-21,2026-06-21 22:02:00,SKU-1005,LED Desk Lamp,Furniture,East,899,1,0.0,899,899.0
ORD-20260621-0054,2026-06-21,2026-06-21 19:42:00,SKU-1007,Water Bottle,Fitness,Central,349,3,10.0,1047,942.3
ORD-20260621-0055,2026-06-21,2026-06-21 22:58:00,SKU-1008,Backpack,Accessories,West,1499,1,0.0,1499,1499.0
ORD-20260621-0056,2026-06-21,2026-06-21 23:26:00,SKU-1005,LED Desk Lamp,Furniture,North,899,1,10.0,899,809.1
ORD-20260621-0057,2026-06-21,2026-06-21 05:29:00,SKU-1004,Office Chair,Furniture,Unknown,5499,3,0.0,16497,16497.0
ORD-20260621-0058,2026-06-21,2026-06-21 07:09:00,SKU-1002,Bluetooth Speaker,Electronics,South,1999,4,0.0,7996,7996.0
ORD-20260621-0059,2026-06-21,2026-06-21 11:46:00,SKU-1003,Notebook Set,Stationery,Unknown,249,1,5.0,249,236.55
ORD-20260621-0060,2026-06-21,2026-06-21 01:21:00,SKU-1006,Yoga Mat,Fitness,East,599,2,0.0,1198,1198.0
ORD-20260621-0061,2026-06-21,2026-06-21 00:00:00,SKU-1005,LED Desk Lamp,Furniture,South,899,2,10.0,1798,1618.2
ORD-20260621-0062,2026-06-21,2026-06-21 03:40:00,SKU-1009,Phone Case,Accessories,Central,299,1,0.0,299,299.0
ORD-20260621-0063,2026-06-21,2026-06-21 19:19:00,SKU-1002,Bluetooth Speaker,Electronics,East,1999,1,15.0,1999,1699.15
ORD-20260621-0064,2026-06-21,2026-06-21 02:34:00,SKU-1002,Bluetooth Speaker,Electronics,West,1999,1,10.0,1999,1799.1
ORD-20260621-0065,2026-06-21,2026-06-21 17:19:00,SKU-1002,Bluetooth Speaker,Electronics,Central,1999,1,0.0,1999,1999.0
ORD-20260621-0066,2026-06-21,2026-06-21 07:46:00,SKU-1005,LED Desk Lamp,Furniture,East,899,1,5.0,899,854.05
ORD-20260621-0067,2026-06-21,2026-06-21 06:15:00,SKU-1008,Backpack,Accessories,West,1499,1,15.0,1499,1274.15
ORD-20260621-0068,2026-06-21,2026-06-21 21:24:00,SKU-1010,USB-C Cable,Electronics,Central,199,1,0.0,199,199.0
ORD-20260621-0069,2026-06-21,2026-06-21 11:36:00,SKU-1001,Wireless Mouse,Electronics,Central,799,2,0.0,1598,1598.0
ORD-20260621-0070,2026-06-21,2026-06-21 15:53:00,SKU-1001,Wireless Mouse,Electronics,North,799,3,0.0,2397,2397.0
ORD-20260621-0071,2026-06-21,2026-06-21 22:36:00,SKU-1009,Phone Case,Accessories,South,299,2,0.0,598,598.0
ORD-20260621-0072,2026-06-21,2026-06-21 20:16:00,SKU-1004,Office Chair,Furniture,Unknown,5499,4,0.0,21996,21996.0
ORD-20260621-0073,2026-06-21,2026-06-21 03:36:00,SKU-1009,Phone Case,Accessories,West,299,3,0.0,897,897.0
ORD-20260621-0074,2026-06-21,2026-06-21 14:35:00,SKU-1010,USB-C Cable,Electronics,West,199,1,5.0,199,189.05
ORD-20260621-0075,2026-06-21,2026-06-21 14:02:00,SKU-1009,Phone Case,Accessories,Central,299,1,0.0,299,299.0
ORD-20260621-0076,2026-06-21,2026-06-21 15:19:00,SKU-1010,USB-C Cable,Electronics,West,199,2,0.0,398,398.0
ORD-20260621-0077,2026-06-21,2026-06-21 19:57:00,SKU-1003,Notebook Set,Stationery,Central,249,1,0.0,249,249.0
ORD-20260621-0078,2026-06-21,2026-06-21 12:24:00,SKU-1010,USB-C Cable,Electronics,East,199,1,0.0,199,199.0
ORD-20260621-0079,2026-06-21,2026-06-21 04:03:00,SKU-1001,Wireless Mouse,Electronics,East,799,3,5.0,2397,2277.15
ORD-20260621-0080,2026-06-21,2026-06-21 10:41:00,SKU-1010,USB-C Cable,Electronics,East,199,1,0.0,199,199.0
ORD-20260621-0081,2026-06-21,2026-06-21 19:25:00,SKU-1005,LED Desk Lamp,Furniture,Unknown,899,3,0.0,2697,2697.0
ORD-20260621-0082,2026-06-21,2026-06-21 08:07:00,SKU-1006,Yoga Mat,Fitness,Central,599,1,0.0,599,599.0
ORD-20260621-0083,2026-06-21,2026-06-21 00:43:00,SKU-1002,Bluetooth Speaker,Electronics,West,1999,4,0.0,7996,7996.0
ORD-20260621-0084,2026-06-21,2026-06-21 11:54:00,SKU-1008,Backpack,Accessories,Central,1499,2,0.0,2998,2998.0
ORD-20260621-0085,2026-06-21,2026-06-21 00:35:00,SKU-1004,Office Chair,Furniture,Unknown,5499,3,0.0,16497,16497.0
ORD-20260621-0086,2026-06-21,2026-06-21 04:21:00,SKU-1009,Phone Case,Accessories,North,299,1,5.0,299,284.05
ORD-20260621-0087,2026-06-21,2026-06-21 17:43:00,SKU-1009,Phone Case,Accessories,North,299,2,15.0,598,508.3
ORD-20260621-0088,2026-06-21,2026-06-21 20:59:00,SKU-1003,Notebook Set,Stationery,North,249,1,15.0,249,211.65
ORD-20260621-0089,2026-06-21,2026-06-21 05:30:00,SKU-1004,Office Chair,Furniture,North,5499,2,10.0,10998,9898.2
ORD-20260621-0090,2026-06-21,2026-06-21 18:22:00,SKU-1007,Water Bottle,Fitness,North,349,3,15.0,1047,889.95
ORD-20260621-0091,2026-06-21,2026-06-21 08:26:00,SKU-1007,Water Bottle,Fitness,West,349,1,15.0,349,296.65
ORD-20260621-0092,2026-06-21,2026-06-21 19:55:00,SKU-1009,Phone Case,Accessories,West,299,1,10.0,299,269.1
ORD-20260621-0093,2026-06-21,2026-06-21 23:10:00,SKU-1001,Wireless Mouse,Electronics,Central,799,2,5.0,1598,1518.1
ORD-20260621-0094,2026-06-21,2026-06-21 13:51:00,SKU-1009,Phone Case,Accessories,Unknown,299,1,5.0,299,284.05
ORD-20260621-0095,2026-06-21,2026-06-21 22:48:00,SKU-1005,LED Desk Lamp,Furniture,South,899,1,10.0,899,809.1
ORD-20260621-0096,2026-06-21,2026-06-21 17:38:00,SKU-1008,Backpack,Accessories,West,1499,3,0.0,4497,4497.0
ORD-20260621-0097,2026-06-21,2026-06-21 23:18:00,SKU-1009,Phone Case,Accessories,West,299,3,5.0,897,852.15
ORD-20260621-0098,2026-06-21,2026-06-21 08:36:00,SKU-1007,Water Bottle,Fitness,West,349,1,0.0,349,349.0
ORD-20260621-0099,2026-06-21,2026-06-21 20:32:00,SKU-1002,Bluetooth Speaker,Electronics,Central,1999,1,0.0,1999,1999.0
ORD-20260621-0100,2026-06-21,2026-06-21 19:50:00,SKU-1005,LED Desk Lamp,Furniture,East,899,2,0.0,1798,1798.0
ORD-20260621-0101,2026-06-21,2026-06-21 10:35:00,SKU-1002,Bluetooth Speaker,Electronics,North,1999,2,0.0,3998,3998.0
ORD-20260621-0102,2026-06-21,2026-06-21 08:48:00,SKU-1003,Notebook Set,Stationery,North,249,2,0.0,498,498.0
ORD-20260621-0103,2026-06-21,2026-06-21 15:11:00,SKU-1008,Backpack,Accessories,East,1499,2,0.0,2998,2998.0
ORD-20260621-0104,2026-06-21,2026-06-21 13:40:00,SKU-1001,Wireless Mouse,Electronics,West,799,1,0.0,799,799.0
ORD-20260621-0105,2026-06-21,2026-06-21 15:32:00,SKU-1006,Yoga Mat,Fitness,East,599,2,0.0,1198,1198.0
ORD-20260621-0106,2026-06-21,2026-06-21 09:45:00,SKU-1006,Yoga Mat,Fitness,North,599,1,10.0,599,539.1
ORD-20260621-0107,2026-06-21,2026-06-21 21:35:00,SKU-1004,Office Chair,Furniture,North,5499,1,5.0,5499,5224.05
ORD-20260621-0108,2026-06-21,2026-06-21 19:43:00,SKU-1008,Backpack,Accessories,South,1499,1,0.0,1499,1499.0
ORD-20260621-0109,2026-06-21,2026-06-21 23:48:00,SKU-1009,Phone Case,Accessories,East,299,2,15.0,598,508.3
ORD-20260621-0110,2026-06-21,2026-06-21 20:36:00,SKU-1007,Water Bottle,Fitness,Unknown,349,1,15.0,349,296.65
ORD-20260621-0111,2026-06-21,2026-06-21 21:23:00,SKU-1006,Yoga Mat,Fitness,West,599,1,15.0,599,509.15
ORD-20260621-0112,2026-06-21,2026-06-21 21:29:00,SKU-1007,Water Bottle,Fitness,East,349,1,0.0,349,349.0
ORD-20260622-0000,2026-06-22,2026-06-22 16:04:00,SKU-1010,USB-C Cable,Electronics,North,199,1,15.0,199,169.15
ORD-20260622-0001,2026-06-22,2026-06-22 17:10:00,SKU-1005,LED Desk Lamp,Furniture,Central,899,3,5.0,2697,2562.15
ORD-20260622-0002,2026-06-22,2026-06-22 16:08:00,SKU-1008,Backpack,Accessories,East,1499,1,15.0,1499,1274.15
ORD-20260622-0003,2026-06-22,2026-06-22 22:18:00,SKU-1009,Phone Case,Accessories,Unknown,299,4,0.0,1196,1196.0
ORD-20260622-0004,2026-06-22,2026-06-22 22:01:00,SKU-1001,Wireless Mouse,Electronics,Central,799,1,0.0,799,799.0
ORD-20260622-0005,2026-06-22,2026-06-22 03:15:00,SKU-1006,Yoga Mat,Fitness,West,599,1,5.0,599,569.05
ORD-20260622-0006,2026-06-22,2026-06-22 12:17:00,SKU-1002,Bluetooth Speaker,Electronics,South,1999,1,0.0,1999,1999.0
ORD-20260622-0007,2026-06-22,2026-06-22 12:05:00,SKU-1010,USB-C Cable,Electronics,West,199,1,0.0,199,199.0
ORD-20260622-0008,2026-06-22,2026-06-22 03:03:00,SKU-1003,Notebook Set,Stationery,Central,249,1,10.0,249,224.1
ORD-20260622-0009,2026-06-22,2026-06-22 02:58:00,SKU-1004,Office Chair,Furniture,West,5499,1,15.0,5499,4674.15
ORD-20260622-0010,2026-06-22,2026-06-22 21:05:00,SKU-1002,Bluetooth Speaker,Electronics,Central,1999,1,5.0,1999,1899.05
ORD-20260622-0011,2026-06-22,2026-06-22 09:03:00,SKU-1002,Bluetooth Speaker,Electronics,South,1999,3,0.0,5997,5997.0
ORD-20260622-0012,2026-06-22,2026-06-22 08:57:00,SKU-1006,Yoga Mat,Fitness,South,599,1,15.0,599,509.15
ORD-20260622-0013,2026-06-22,2026-06-22 10:41:00,SKU-1002,Bluetooth Speaker,Electronics,South,1999,2,5.0,3998,3798.1
ORD-20260622-0014,2026-06-22,2026-06-22 19:00:00,SKU-1010,USB-C Cable,Electronics,Central,199,1,0.0,199,199.0
ORD-20260622-0015,2026-06-22,2026-06-22 12:09:00,SKU-1003,Notebook Set,Stationery,Central,249,1,5.0,249,236.55
ORD-20260622-0016,2026-06-22,2026-06-22 03:45:00,SKU-1002,Bluetooth Speaker,Electronics,East,1999,2,0.0,3998,3998.0
ORD-20260622-0017,2026-06-22,2026-06-22 07:36:00,SKU-1007,Water Bottle,Fitness,West,349,2,15.0,698,593.3
ORD-20260622-0018,2026-06-22,2026-06-22 22:23:00,SKU-1008,Backpack,Accessories,East,1499,1,0.0,1499,1499.0
ORD-20260622-0019,2026-06-22,2026-06-22 13:42:00,SKU-1007,Water Bottle,Fitness,Unknown,349,1,5.0,349,331.55
ORD-20260622-0020,2026-06-22,2026-06-22 04:37:00,SKU-1003,Notebook Set,Stationery,West,249,4,0.0,996,996.0
ORD-20260622-0021,2026-06-22,2026-06-22 15:27:00,SKU-1001,Wireless Mouse,Electronics,West,799,1,0.0,799,799.0
ORD-20260622-0022,2026-06-22,2026-06-22 07:06:00,SKU-1010,USB-C Cable,Electronics,Unknown,199,1,10.0,199,179.1
ORD-20260622-0023,2026-06-22,2026-06-22 11:05:00,SKU-1010,USB-C Cable,Electronics,South,199,3,0.0,597,597.0
ORD-20260622-0024,2026-06-22,2026-06-22 23:13:00,SKU-1004,Office Chair,Furniture,East,5499,3,0.0,16497,16497.0
ORD-20260622-0025,2026-06-22,2026-06-22 08:00:00,SKU-1004,Office Chair,Furniture,South,5499,1,0.0,5499,5499.0
ORD-20260622-0026,2026-06-22,2026-06-22 03:54:00,SKU-1004,Office Chair,Furniture,Central,5499,1,0.0,5499,5499.0
ORD-20260622-0027,2026-06-22,2026-06-22 18:48:00,SKU-1009,Phone Case,Accessories,Central,299,2,15.0,598,508.3
ORD-20260622-0028,2026-06-22,2026-06-22 02:43:00,SKU-1003,Notebook Set,Stationery,South,249,4,0.0,996,996.0
ORD-20260622-0029,2026-06-22,2026-06-22 16:37:00,SKU-1007,Water Bottle,Fitness,North,349,2,0.0,698,698.0
ORD-20260622-0030,2026-06-22,2026-06-22 17:52:00,SKU-1006,Yoga Mat,Fitness,North,599,2,0.0,1198,1198.0
ORD-20260622-0031,2026-06-22,2026-06-22 21:20:00,SKU-1007,Water Bottle,Fitness,South,349,1,0.0,349,349.0
ORD-20260622-0032,2026-06-22,2026-06-22 17:38:00,SKU-1010,USB-C Cable,Electronics,Central,199,1,0.0,199,199.0
ORD-20260622-0033,2026-06-22,2026-06-22 11:38:00,SKU-1008,Backpack,Accessories,Central,1499,4,15.0,5996,5096.6
ORD-20260622-0034,2026-06-22,2026-06-22 18:02:00,SKU-1010,USB-C Cable,Electronics,Central,199,4,0.0,796,796.0
ORD-20260622-0035,2026-06-22,2026-06-22 05:00:00,SKU-1006,Yoga Mat,Fitness,West,599,4,5.0,2396,2276.2
ORD-20260622-0036,2026-06-22,2026-06-22 09:38:00,SKU-1010,USB-C Cable,Electronics,South,199,1,5.0,199,189.05
ORD-20260622-0037,2026-06-22,2026-06-22 15:25:00,SKU-1007,Water Bottle,Fitness,East,349,1,0.0,349,349.0
ORD-20260622-0038,2026-06-22,2026-06-22 08:10:00,SKU-1006,Yoga Mat,Fitness,North,599,1,5.0,599,569.05
ORD-20260622-0039,2026-06-22,2026-06-22 14:31:00,SKU-1009,Phone Case,Accessories,East,299,3,15.0,897,762.45
ORD-20260623-0000,2026-06-23,2026-06-23 15:47:00,SKU-1006,Yoga Mat,Fitness,Central,599,2,0.0,1198,1198.0
ORD-20260623-0001,2026-06-23,2026-06-23 19:44:00,SKU-1002,Bluetooth Speaker,Electronics,South,1999,3,0.0,5997,5997.0
ORD-20260623-0002,2026-06-23,2026-06-23 04:08:00,SKU-1009,Phone Case,Accessories,East,299,1,15.0,299,254.15
ORD-20260623-0003,2026-06-23,2026-06-23 19:55:00,SKU-1002,Bluetooth Speaker,Electronics,Central,1999,1,15.0,1999,1699.15
ORD-20260623-0004,2026-06-23,2026-06-23 06:35:00,SKU-1007,Water Bottle,Fitness,Central,349,1,0.0,349,349.0
ORD-20260623-0005,2026-06-23,2026-06-23 06:37:00,SKU-1007,Water Bottle,Fitness,Central,349,2,10.0,698,628.2
ORD-20260623-0006,2026-06-23,2026-06-23 15:16:00,SKU-1006,Yoga Mat,Fitness,South,599,3,10.0,1797,1617.3
ORD-20260623-0007,2026-06-23,2026-06-23 02:23:00,SKU-1010,USB-C Cable,Electronics,Unknown,199,1,0.0,199,199.0
ORD-20260623-0008,2026-06-23,2026-06-23 09:03:00,SKU-1007,Water Bottle,Fitness,East,349,2,15.0,698,593.3
ORD-20260623-0009,2026-06-23,2026-06-23 23:25:00,SKU-1001,Wireless Mouse,Electronics,West,799,2,0.0,1598,1598.0
ORD-20260623-0010,2026-06-23,2026-06-23 15:39:00,SKU-1005,LED Desk Lamp,Furniture,Central,899,3,0.0,2697,2697.0
ORD-20260623-0011,2026-06-23,2026-06-23 22:48:00,SKU-1010,USB-C Cable,Electronics,North,199,1,0.0,199,199.0
ORD-20260623-0012,2026-06-23,2026-06-23 04:25:00,SKU-1008,Backpack,Accessories,East,1499,2,10.0,2998,2698.2
ORD-20260623-0013,2026-06-23,2026-06-23 21:59:00,SKU-1003,Notebook Set,Stationery,North,249,2,10.0,498,448.2
ORD-20260623-0014,2026-06-23,2026-06-23 14:40:00,SKU-1004,Office Chair,Furniture,Unknown,5499,1,5.0,5499,5224.05
ORD-20260623-0015,2026-06-23,2026-06-23 02:49:00,SKU-1007,Water Bottle,Fitness,Central,349,3,5.0,1047,994.65
ORD-20260623-0016,2026-06-23,2026-06-23 01:16:00,SKU-1001,Wireless Mouse,Electronics,Central,799,1,0.0,799,799.0
ORD-20260623-0017,2026-06-23,2026-06-23 05:51:00,SKU-1009,Phone Case,Accessories,East,299,1,0.0,299,299.0
ORD-20260623-0018,2026-06-23,2026-06-23 01:37:00,SKU-1003,Notebook Set,Stationery,South,249,1,0.0,249,249.0
ORD-20260623-0019,2026-06-23,2026-06-23 23:25:00,SKU-1007,Water Bottle,Fitness,North,349,1,0.0,349,349.0
ORD-20260623-0020,2026-06-23,2026-06-23 10:30:00,SKU-1002,Bluetooth Speaker,Electronics,East,1999,1,0.0,1999,1999.0
ORD-20260623-0021,2026-06-23,2026-06-23 07:34:00,SKU-1001,Wireless Mouse,Electronics,West,799,4,0.0,3196,3196.0
ORD-20260623-0022,2026-06-23,2026-06-23 19:45:00,SKU-1008,Backpack,Accessories,West,1499,1,0.0,1499,1499.0
ORD-20260623-0023,2026-06-23,2026-06-23 21:01:00,SKU-1005,LED Desk Lamp,Furniture,West,899,1,5.0,899,854.05
ORD-20260623-0024,2026-06-23,2026-06-23 11:50:00,SKU-1006,Yoga Mat,Fitness,Central,599,1,10.0,599,539.1
ORD-20260623-0025,2026-06-23,2026-06-23 17:09:00,SKU-1003,Notebook Set,Stationery,North,249,1,10.0,249,224.1
ORD-20260623-0026,2026-06-23,2026-06-23 18:00:00,SKU-1008,Backpack,Accessories,North,1499,1,5.0,1499,1424.05
ORD-20260623-0027,2026-06-23,2026-06-23 08:49:00,SKU-1003,Notebook Set,Stationery,Unknown,249,1,0.0,249,249.0
ORD-20260623-0028,2026-06-23,2026-06-23 11:51:00,SKU-1010,USB-C Cable,Electronics,West,199,4,10.0,796,716.4
ORD-20260623-0029,2026-06-23,2026-06-23 10:31:00,SKU-1006,Yoga Mat,Fitness,South,599,1,10.0,599,539.1
ORD-20260623-0030,2026-06-23,2026-06-23 10:25:00,SKU-1008,Backpack,Accessories,East,1499,4,10.0,5996,5396.4
ORD-20260623-0031,2026-06-23,2026-06-23 16:27:00,SKU-1003,Notebook Set,Stationery,Unknown,249,1,5.0,249,236.55
ORD-20260623-0032,2026-06-23,2026-06-23 14:42:00,SKU-1009,Phone Case,Accessories,South,299,1,15.0,299,254.15
ORD-20260623-0033,2026-06-23,2026-06-23 08:40:00,SKU-1006,Yoga Mat,Fitness,West,599,2,0.0,1198,1198.0
ORD-20260623-0034,2026-06-23,2026-06-23 05:13:00,SKU-1002,Bluetooth Speaker,Electronics,East,1999,2,15.0,3998,3398.3
ORD-20260623-0035,2026-06-23,2026-06-23 14:21:00,SKU-1003,Notebook Set,Stationery,South,249,2,5.0,498,473.1
ORD-20260623-0036,2026-06-23,2026-06-23 12:53:00,SKU-1010,USB-C Cable,Electronics,East,199,1,5.0,199,189.05
ORD-20260623-0037,2026-06-23,2026-06-23 23:56:00,SKU-1003,Notebook Set,Stationery,North,249,1,0.0,249,249.0
ORD-20260623-0038,2026-06-23,2026-06-23 08:37:00,SKU-1007,Water Bottle,Fitness,Central,349,1,5.0,349,331.55
ORD-20260623-0039,2026-06-23,2026-06-23 12:10:00,SKU-1008,Backpack,Accessories,West,1499,2,0.0,2998,2998.0
ORD-20260623-0040,2026-06-23,2026-06-23 14:50:00,SKU-1001,Wireless Mouse,Electronics,West,799,2,0.0,1598,1598.0
ORD-20260623-0041,2026-06-23,2026-06-23 15:03:00,SKU-1001,Wireless Mouse,Electronics,Unknown,799,1,0.0,799,799.0
ORD-20260623-0042,2026-06-23,2026-06-23 00:57:00,SKU-1010,USB-C Cable,Electronics,Central,199,1,5.0,199,189.05
ORD-20260623-0043,2026-06-23,2026-06-23 22:22:00,SKU-1004,Office Chair,Furniture,West,5499,4,0.0,21996,21996.0
ORD-20260623-0044,2026-06-23,2026-06-23 10:42:00,SKU-1008,Backpack,Accessories,East,1499,2,0.0,2998,2998.0
ORD-20260623-0045,2026-06-23,2026-06-23 16:00:00,SKU-1001,Wireless Mouse,Electronics,South,799,1,15.0,799,679.15
ORD-20260623-0046,2026-06-23,2026-06-23 22:35:00,SKU-1009,Phone Case,Accessories,South,299,3,15.0,897,762.45
ORD-20260623-0047,2026-06-23,2026-06-23 08:57:00,SKU-1008,Backpack,Accessories,West,1499,1,0.0,1499,1499.0
ORD-20260623-0048,2026-06-23,2026-06-23 08:20:00,SKU-1010,USB-C Cable,Electronics,North,199,1,5.0,199,189.05
ORD-20260623-0049,2026-06-23,2026-06-23 00:18:00,SKU-1006,Yoga Mat,Fitness,East,599,3,10.0,1797,1617.3
ORD-20260623-0050,2026-06-23,2026-06-23 06:43:00,SKU-1005,LED Desk Lamp,Furniture,East,899,1,0.0,899,899.0
ORD-20260623-0051,2026-06-23,2026-06-23 03:18:00,SKU-1010,USB-C Cable,Electronics,South,199,1,15.0,199,169.15
ORD-20260623-0052,2026-06-23,2026-06-23 06:33:00,SKU-1010,USB-C Cable,Electronics,Central,199,1,10.0,199,179.1
ORD-20260623-0053,2026-06-23,2026-06-23 23:01:00,SKU-1010,USB-C Cable,Electronics,Central,199,2,5.0,398,378.1
ORD-20260623-0054,2026-06-23,2026-06-23 21:01:00,SKU-1005,LED Desk Lamp,Furniture,Central,899,1,5.0,899,854.05
ORD-20260623-0055,2026-06-23,2026-06-23 14:54:00,SKU-1005,LED Desk Lamp,Furniture,South,899,1,15.0,899,764.15
ORD-20260623-0056,2026-06-23,2026-06-23 21:07:00,SKU-1008,Backpack,Accessories,South,1499,2,0.0,2998,2998.0
ORD-20260623-0057,2026-06-23,2026-06-23 07:41:00,SKU-1010,USB-C Cable,Electronics,South,199,1,0.0,199,199.0
ORD-20260623-0058,2026-06-23,2026-06-23 11:38:00,SKU-1005,LED Desk Lamp,Furniture,North,899,1,15.0,899,764.15
ORD-20260623-0059,2026-06-23,2026-06-23 10:26:00,SKU-1005,LED Desk Lamp,Furniture,West,899,2,10.0,1798,1618.2
ORD-20260623-0060,2026-06-23,2026-06-23 06:41:00,SKU-1002,Bluetooth Speaker,Electronics,South,1999,1,15.0,1999,1699.15
ORD-20260623-0061,2026-06-23,2026-06-23 16:59:00,SKU-1009,Phone Case,Accessories,East,299,1,15.0,299,254.15
ORD-20260623-0062,2026-06-23,2026-06-23 19:40:00,SKU-1006,Yoga Mat,Fitness,South,599,2,15.0,1198,1018.3
ORD-20260623-0063,2026-06-23,2026-06-23 21:04:00,SKU-1003,Notebook Set,Stationery,Unknown,249,2,5.0,498,473.1
ORD-20260623-0064,2026-06-23,2026-06-23 02:28:00,SKU-1005,LED Desk Lamp,Furniture,East,899,1,0.0,899,899.0
ORD-20260623-0065,2026-06-23,2026-06-23 19:48:00,SKU-1005,LED Desk Lamp,Furniture,South,899,1,0.0,899,899.0
ORD-20260623-0066,2026-06-23,2026-06-23 18:18:00,SKU-1010,USB-C Cable,Electronics,Unknown,199,2,10.0,398,358.2
ORD-20260623-0067,2026-06-23,2026-06-23 11:28:00,SKU-1003,Notebook Set,Stationery,West,249,2,0.0,498,498.0
ORD-20260623-0068,2026-06-23,2026-06-23 09:46:00,SKU-1010,USB-C Cable,Electronics,West,199,1,0.0,199,199.0
ORD-20260623-0069,2026-06-23,2026-06-23 07:03:00,SKU-1008,Backpack,Accessories,West,1499,1,5.0,1499,1424.05
ORD-20260623-0070,2026-06-23,2026-06-23 17:25:00,SKU-1001,Wireless Mouse,Electronics,Unknown,799,2,0.0,1598,1598.0
ORD-20260623-0071,2026-06-23,2026-06-23 23:02:00,SKU-1007,Water Bottle,Fitness,East,349,1,10.0,349,314.1
ORD-20260623-0072,2026-06-23,2026-06-23 07:17:00,SKU-1003,Notebook Set,Stationery,Central,249,1,5.0,249,236.55
ORD-20260623-0073,2026-06-23,2026-06-23 00:47:00,SKU-1009,Phone Case,Accessories,East,299,1,0.0,299,299.0
ORD-20260623-0074,2026-06-23,2026-06-23 12:54:00,SKU-1007,Water Bottle,Fitness,South,349,1,10.0,349,314.1
ORD-20260623-0075,2026-06-23,2026-06-23 07:45:00,SKU-1006,Yoga Mat,Fitness,West,599,1,5.0,599,569.05
ORD-20260623-0076,2026-06-23,2026-06-23 10:13:00,SKU-1004,Office Chair,Furniture,Unknown,5499,2,0.0,10998,10998.0
ORD-20260623-0077,2026-06-23,2026-06-23 16:45:00,SKU-1001,Wireless Mouse,Electronics,Unknown,799,1,10.0,799,719.1
ORD-20260623-0078,2026-06-23,2026-06-23 14:13:00,SKU-1008,Backpack,Accessories,East,1499,1,5.0,1499,1424.05
ORD-20260624-0000,2026-06-24,2026-06-24 13:25:00,SKU-1003,Notebook Set,Stationery,East,249,2,15.0,498,423.3
ORD-20260624-0001,2026-06-24,2026-06-24 00:19:00,SKU-1001,Wireless Mouse,Electronics,South,799,2,0.0,1598,1598.0
ORD-20260624-0002,2026-06-24,2026-06-24 23:07:00,SKU-1008,Backpack,Accessories,Central,1499,1,0.0,1499,1499.0
ORD-20260624-0003,2026-06-24,2026-06-24 22:08:00,SKU-1003,Notebook Set,Stationery,West,249,1,5.0,249,236.55
ORD-20260624-0004,2026-06-24,2026-06-24 13:04:00,SKU-1009,Phone Case,Accessories,Central,299,2,0.0,598,598.0
ORD-20260624-0005,2026-06-24,2026-06-24 01:52:00,SKU-1002,Bluetooth Speaker,Electronics,Unknown,1999,1,0.0,1999,1999.0
ORD-20260624-0006,2026-06-24,2026-06-24 19:16:00,SKU-1008,Backpack,Accessories,South,1499,1,15.0,1499,1274.15
ORD-20260624-0007,2026-06-24,2026-06-24 02:10:00,SKU-1004,Office Chair,Furniture,Central,5499,1,0.0,5499,5499.0
ORD-20260624-0008,2026-06-24,2026-06-24 23:32:00,SKU-1006,Yoga Mat,Fitness,West,599,2,10.0,1198,1078.2
ORD-20260624-0009,2026-06-24,2026-06-24 16:25:00,SKU-1006,Yoga Mat,Fitness,Unknown,599,1,0.0,599,599.0
ORD-20260624-0010,2026-06-24,2026-06-24 10:33:00,SKU-1004,Office Chair,Furniture,North,5499,1,0.0,5499,5499.0
ORD-20260624-0011,2026-06-24,2026-06-24 17:08:00,SKU-1006,Yoga Mat,Fitness,Unknown,599,2,0.0,1198,1198.0
ORD-20260624-0012,2026-06-24,2026-06-24 02:56:00,SKU-1002,Bluetooth Speaker,Electronics,Unknown,1999,2,5.0,3998,3798.1
ORD-20260624-0013,2026-06-24,2026-06-24 21:01:00,SKU-1005,LED Desk Lamp,Furniture,Unknown,899,2,0.0,1798,1798.0
ORD-20260624-0014,2026-06-24,2026-06-24 02:40:00,SKU-1010,USB-C Cable,Electronics,Central,199,2,10.0,398,358.2
ORD-20260624-0015,2026-06-24,2026-06-24 10:13:00,SKU-1007,Water Bottle,Fitness,East,349,2,0.0,698,698.0
ORD-20260624-0016,2026-06-24,2026-06-24 05:20:00,SKU-1007,Water Bottle,Fitness,East,349,4,0.0,1396,1396.0
ORD-20260624-0017,2026-06-24,2026-06-24 22:00:00,SKU-1010,USB-C Cable,Electronics,West,199,1,0.0,199,199.0
ORD-20260624-0018,2026-06-24,2026-06-24 11:32:00,SKU-1006,Yoga Mat,Fitness,Unknown,599,2,0.0,1198,1198.0
ORD-20260624-0019,2026-06-24,2026-06-24 22:56:00,SKU-1008,Backpack,Accessories,North,1499,2,15.0,2998,2548.3
ORD-20260624-0020,2026-06-24,2026-06-24 00:01:00,SKU-1004,Office Chair,Furniture,Unknown,5499,2,5.0,10998,10448.1
ORD-20260624-0021,2026-06-24,2026-06-24 18:28:00,SKU-1003,Notebook Set,Stationery,West,249,4,0.0,996,996.0
ORD-20260624-0022,2026-06-24,2026-06-24 07:30:00,SKU-1010,USB-C Cable,Electronics,North,199,1,5.0,199,189.05
ORD-20260624-0023,2026-06-24,2026-06-24 23:11:00,SKU-1002,Bluetooth Speaker,Electronics,Unknown,1999,1,15.0,1999,1699.15
ORD-20260624-0024,2026-06-24,2026-06-24 07:21:00,SKU-1006,Yoga Mat,Fitness,South,599,3,0.0,1797,1797.0
ORD-20260624-0025,2026-06-24,2026-06-24 17:07:00,SKU-1008,Backpack,Accessories,South,1499,1,0.0,1499,1499.0
ORD-20260624-0026,2026-06-24,2026-06-24 20:13:00,SKU-1003,Notebook Set,Stationery,East,249,2,0.0,498,498.0
ORD-20260624-0027,2026-06-24,2026-06-24 14:49:00,SKU-1010,USB-C Cable,Electronics,South,199,2,15.0,398,338.3
ORD-20260624-0028,2026-06-24,2026-06-24 23:25:00,SKU-1010,USB-C Cable,Electronics,Central,199,1,5.0,199,189.05
ORD-20260624-0029,2026-06-24,2026-06-24 15:02:00,SKU-1010,USB-C Cable,Electronics,East,199,4,5.0,796,756.2
ORD-20260624-0030,2026-06-24,2026-06-24 21:21:00,SKU-1009,Phone Case,Accessories,East,299,2,10.0,598,538.2
ORD-20260624-0031,2026-06-24,2026-06-24 21:22:00,SKU-1001,Wireless Mouse,Electronics,Unknown,799,1,0.0,799,799.0
ORD-20260624-0032,2026-06-24,2026-06-24 04:54:00,SKU-1008,Backpack,Accessories,Unknown,1499,1,0.0,1499,1499.0
ORD-20260624-0033,2026-06-24,2026-06-24 15:47:00,SKU-1006,Yoga Mat,Fitness,Central,599,1,0.0,599,599.0
ORD-20260624-0034,2026-06-24,2026-06-24 21:50:00,SKU-1003,Notebook Set,Stationery,South,249,1,0.0,249,249.0
ORD-20260624-0035,2026-06-24,2026-06-24 19:56:00,SKU-1004,Office Chair,Furniture,South,5499,1,10.0,5499,4949.1
ORD-20260624-0036,2026-06-24,2026-06-24 05:35:00,SKU-1003,Notebook Set,Stationery,East,249,2,5.0,498,473.1
ORD-20260624-0037,2026-06-24,2026-06-24 11:20:00,SKU-1006,Yoga Mat,Fitness,North,599,2,0.0,1198,1198.0
ORD-20260624-0038,2026-06-24,2026-06-24 01:00:00,SKU-1008,Backpack,Accessories,South,1499,1,5.0,1499,1424.05
ORD-20260624-0039,2026-06-24,2026-06-24 12:57:00,SKU-1010,USB-C Cable,Electronics,East,199,1,0.0,199,199.0
ORD-20260624-0040,2026-06-24,2026-06-24 16:23:00,SKU-1005,LED Desk Lamp,Furniture,Unknown,899,4,0.0,3596,3596.0
ORD-20260624-0041,2026-06-24,2026-06-24 16:50:00,SKU-1003,Notebook Set,Stationery,West,249,1,0.0,249,249.0
ORD-20260624-0042,2026-06-24,2026-06-24 20:28:00,SKU-1008,Backpack,Accessories,North,1499,2,15.0,2998,2548.3
ORD-20260624-0043,2026-06-24,2026-06-24 00:17:00,SKU-1004,Office Chair,Furniture,North,5499,1,0.0,5499,5499.0
ORD-20260624-0044,2026-06-24,2026-06-24 02:03:00,SKU-1005,LED Desk Lamp,Furniture,West,899,1,0.0,899,899.0
ORD-20260624-0045,2026-06-24,2026-06-24 19:47:00,SKU-1003,Notebook Set,Stationery,East,249,2,0.0,498,498.0
ORD-20260624-0046,2026-06-24,2026-06-24 12:08:00,SKU-1008,Backpack,Accessories,East,1499,3,5.0,4497,4272.15
ORD-20260624-0047,2026-06-24,2026-06-24 23:47:00,SKU-1004,Office Chair,Furniture,Central,5499,2,0.0,10998,10998.0
ORD-20260624-0048,2026-06-24,2026-06-24 02:56:00,SKU-1008,Backpack,Accessories,Unknown,1499,2,10.0,2998,2698.2
ORD-20260624-0049,2026-06-24,2026-06-24 13:46:00,SKU-1005,LED Desk Lamp,Furniture,Unknown,899,1,0.0,899,899.0
ORD-20260624-0050,2026-06-24,2026-06-24 17:56:00,SKU-1003,Notebook Set,Stationery,South,249,1,0.0,249,249.0
ORD-20260624-0051,2026-06-24,2026-06-24 00:29:00,SKU-1002,Bluetooth Speaker,Electronics,West,1999,1,0.0,1999,1999.0
ORD-20260624-0052,2026-06-24,2026-06-24 01:53:00,SKU-1002,Bluetooth Speaker,Electronics,South,1999,1,0.0,1999,1999.0
ORD-20260624-0053,2026-06-24,2026-06-24 22:01:00,SKU-1010,USB-C Cable,Electronics,Unknown,199,1,0.0,199,199.0
ORD-20260624-0054,2026-06-24,2026-06-24 01:44:00,SKU-1009,Phone Case,Accessories,East,299,1,0.0,299,299.0
ORD-20260624-0055,2026-06-24,2026-06-24 12:06:00,SKU-1004,Office Chair,Furniture,South,5499,1,5.0,5499,5224.05
ORD-20260624-0056,2026-06-24,2026-06-24 12:17:00,SKU-1006,Yoga Mat,Fitness,Central,599,1,0.0,599,599.0
ORD-20260624-0057,2026-06-24,2026-06-24 23:20:00,SKU-1009,Phone Case,Accessories,South,299,4,0.0,1196,1196.0
ORD-20260624-0058,2026-06-24,2026-06-24 07:23:00,SKU-1004,Office Chair,Furniture,Unknown,5499,2,0.0,10998,10998.0
ORD-20260624-0059,2026-06-24,2026-06-24 12:01:00,SKU-1008,Backpack,Accessories,North,1499,1,15.0,1499,1274.15
ORD-20260624-0060,2026-06-24,2026-06-24 04:34:00,SKU-1005,LED Desk Lamp,Furniture,Central,899,1,0.0,899,899.0
ORD-20260624-0061,2026-06-24,2026-06-24 00:59:00,SKU-1009,Phone Case,Accessories,North,299,2,0.0,598,598.0
ORD-20260624-0062,2026-06-24,2026-06-24 17:20:00,SKU-1006,Yoga Mat,Fitness,Central,599,2,10.0,1198,1078.2
ORD-20260624-0063,2026-06-24,2026-06-24 22:40:00,SKU-1005,LED Desk Lamp,Furniture,West,899,1,5.0,899,854.05
ORD-20260624-0064,2026-06-24,2026-06-24 03:06:00,SKU-1008,Backpack,Accessories,North,1499,2,0.0,2998,2998.0
ORD-20260624-0065,2026-06-24,2026-06-24 21:11:00,SKU-1010,USB-C Cable,Electronics,East,199,1,0.0,199,199.0
ORD-20260625-0000,2026-06-25,2026-06-25 10:42:00,SKU-1005,LED Desk Lamp,Furniture,East,899,1,0.0,899,899.0
ORD-20260625-0001,2026-06-25,2026-06-25 02:29:00,SKU-1006,Yoga Mat,Fitness,South,599,1,10.0,599,539.1
ORD-20260625-0002,2026-06-25,2026-06-25 11:30:00,SKU-1004,Office Chair,Furniture,East,5499,1,0.0,5499,5499.0
ORD-20260625-0003,2026-06-25,2026-06-25 14:51:00,SKU-1006,Yoga Mat,Fitness,Unknown,599,1,10.0,599,539.1
ORD-20260625-0004,2026-06-25,2026-06-25 19:33:00,SKU-1001,Wireless Mouse,Electronics,Central,799,4,10.0,3196,2876.4
ORD-20260625-0005,2026-06-25,2026-06-25 22:01:00,SKU-1009,Phone Case,Accessories,South,299,1,15.0,299,254.15
ORD-20260625-0006,2026-06-25,2026-06-25 02:16:00,SKU-1010,USB-C Cable,Electronics,East,199,2,0.0,398,398.0
ORD-20260625-0007,2026-06-25,2026-06-25 11:56:00,SKU-1003,Notebook Set,Stationery,North,249,1,0.0,249,249.0
ORD-20260625-0008,2026-06-25,2026-06-25 21:01:00,SKU-1010,USB-C Cable,Electronics,West,199,1,0.0,199,199.0
ORD-20260625-0009,2026-06-25,2026-06-25 12:02:00,SKU-1010,USB-C Cable,Electronics,East,199,1,5.0,199,189.05
ORD-20260625-0010,2026-06-25,2026-06-25 10:05:00,SKU-1008,Backpack,Accessories,North,1499,3,15.0,4497,3822.45
ORD-20260625-0011,2026-06-25,2026-06-25 05:08:00,SKU-1008,Backpack,Accessories,Unknown,1499,1,0.0,1499,1499.0
ORD-20260625-0012,2026-06-25,2026-06-25 09:38:00,SKU-1007,Water Bottle,Fitness,Central,349,2,0.0,698,698.0
ORD-20260625-0013,2026-06-25,2026-06-25 05:37:00,SKU-1010,USB-C Cable,Electronics,Unknown,199,3,0.0,597,597.0
ORD-20260625-0014,2026-06-25,2026-06-25 04:04:00,SKU-1006,Yoga Mat,Fitness,South,599,1,0.0,599,599.0
ORD-20260625-0015,2026-06-25,2026-06-25 04:13:00,SKU-1009,Phone Case,Accessories,Unknown,299,2,0.0,598,598.0
ORD-20260625-0016,2026-06-25,2026-06-25 11:42:00,SKU-1002,Bluetooth Speaker,Electronics,North,1999,1,15.0,1999,1699.15
ORD-20260625-0017,2026-06-25,2026-06-25 07:40:00,SKU-1004,Office Chair,Furniture,West,5499,2,15.0,10998,9348.3
ORD-20260625-0018,2026-06-25,2026-06-25 12:18:00,SKU-1005,LED Desk Lamp,Furniture,Central,899,3,0.0,2697,2697.0
ORD-20260625-0019,2026-06-25,2026-06-25 19:05:00,SKU-1009,Phone Case,Accessories,East,299,1,10.0,299,269.1
ORD-20260625-0020,2026-06-25,2026-06-25 14:36:00,SKU-1004,Office Chair,Furniture,East,5499,4,5.0,21996,20896.2
ORD-20260625-0021,2026-06-25,2026-06-25 15:52:00,SKU-1008,Backpack,Accessories,Unknown,1499,1,15.0,1499,1274.15
ORD-20260625-0022,2026-06-25,2026-06-25 11:16:00,SKU-1002,Bluetooth Speaker,Electronics,West,1999,1,10.0,1999,1799.1
ORD-20260625-0023,2026-06-25,2026-06-25 16:36:00,SKU-1007,Water Bottle,Fitness,North,349,2,0.0,698,698.0
ORD-20260625-0024,2026-06-25,2026-06-25 12:22:00,SKU-1002,Bluetooth Speaker,Electronics,South,1999,1,0.0,1999,1999.0
ORD-20260625-0025,2026-06-25,2026-06-25 22:35:00,SKU-1005,LED Desk Lamp,Furniture,North,899,1,0.0,899,899.0
ORD-20260625-0026,2026-06-25,2026-06-25 21:40:00,SKU-1004,Office Chair,Furniture,Unknown,5499,1,0.0,5499,5499.0
ORD-20260625-0027,2026-06-25,2026-06-25 23:19:00,SKU-1003,Notebook Set,Stationery,Central,249,1,15.0,249,211.65
ORD-20260625-0028,2026-06-25,2026-06-25 22:15:00,SKU-1001,Wireless Mouse,Electronics,South,799,2,5.0,1598,1518.1
ORD-20260625-0029,2026-06-25,2026-06-25 13:29:00,SKU-1005,LED Desk Lamp,Furniture,East,899,1,5.0,899,854.05
ORD-20260625-0030,2026-06-25,2026-06-25 07:49:00,SKU-1009,Phone Case,Accessories,West,299,2,0.0,598,598.0
ORD-20260625-0031,2026-06-25,2026-06-25 00:16:00,SKU-1010,USB-C Cable,Electronics,Central,199,1,15.0,199,169.15
ORD-20260625-0032,2026-06-25,2026-06-25 09:04:00,SKU-1009,Phone Case,Accessories,Unknown,299,1,10.0,299,269.1
ORD-20260625-0033,2026-06-25,2026-06-25 00:27:00,SKU-1009,Phone Case,Accessories,South,299,2,5.0,598,568.1
ORD-20260625-0034,2026-06-25,2026-06-25 09:25:00,SKU-1003,Notebook Set,Stationery,West,249,1,10.0,249,224.1
ORD-20260625-0035,2026-06-25,2026-06-25 20:46:00,SKU-1001,Wireless Mouse,Electronics,East,799,1,15.0,799,679.15
ORD-20260625-0036,2026-06-25,2026-06-25 20:39:00,SKU-1003,Notebook Set,Stationery,Central,249,1,0.0,249,249.0
ORD-20260625-0037,2026-06-25,2026-06-25 19:32:00,SKU-1002,Bluetooth Speaker,Electronics,East,1999,2,0.0,3998,3998.0
ORD-20260625-0038,2026-06-25,2026-06-25 13:50:00,SKU-1002,Bluetooth Speaker,Electronics,Unknown,1999,1,0.0,1999,1999.0
ORD-20260625-0039,2026-06-25,2026-06-25 02:16:00,SKU-1002,Bluetooth Speaker,Electronics,Central,1999,1,15.0,1999,1699.15
ORD-20260625-0040,2026-06-25,2026-06-25 23:16:00,SKU-1010,USB-C Cable,Electronics,Unknown,199,4,0.0,796,796.0
ORD-20260625-0041,2026-06-25,2026-06-25 00:51:00,SKU-1009,Phone Case,Accessories,North,299,1,15.0,299,254.15
ORD-20260625-0042,2026-06-25,2026-06-25 06:08:00,SKU-1006,Yoga Mat,Fitness,Central,599,1,15.0,599,509.15
ORD-20260626-0000,2026-06-26,2026-06-26 14:38:00,SKU-1007,Water Bottle,Fitness,Unknown,349,1,0.0,349,349.0
ORD-20260626-0001,2026-06-26,2026-06-26 06:32:00,SKU-1003,Notebook Set,Stationery,East,249,2,5.0,498,473.1
ORD-20260626-0002,2026-06-26,2026-06-26 20:56:00,SKU-1002,Bluetooth Speaker,Electronics,West,1999,3,0.0,5997,5997.0
ORD-20260626-0003,2026-06-26,2026-06-26 22:33:00,SKU-1007,Water Bottle,Fitness,West,349,2,15.0,698,593.3
ORD-20260626-0004,2026-06-26,2026-06-26 10:50:00,SKU-1002,Bluetooth Speaker,Electronics,South,1999,1,0.0,1999,1999.0
ORD-20260626-0005,2026-06-26,2026-06-26 19:58:00,SKU-1005,LED Desk Lamp,Furniture,East,899,3,15.0,2697,2292.45
ORD-20260626-0006,2026-06-26,2026-06-26 16:56:00,SKU-1002,Bluetooth Speaker,Electronics,West,1999,1,0.0,1999,1999.0
ORD-20260626-0007,2026-06-26,2026-06-26 03:05:00,SKU-1009,Phone Case,Accessories,Central,299,1,0.0,299,299.0
ORD-20260626-0008,2026-06-26,2026-06-26 18:10:00,SKU-1005,LED Desk Lamp,Furniture,Central,899,4,0.0,3596,3596.0
ORD-20260626-0009,2026-06-26,2026-06-26 19:14:00,SKU-1008,Backpack,Accessories,East,1499,1,0.0,1499,1499.0
ORD-20260626-0010,2026-06-26,2026-06-26 15:00:00,SKU-1007,Water Bottle,Fitness,South,349,1,0.0,349,349.0
ORD-20260626-0011,2026-06-26,2026-06-26 02:54:00,SKU-1006,Yoga Mat,Fitness,West,599,1,0.0,599,599.0
ORD-20260626-0012,2026-06-26,2026-06-26 01:20:00,SKU-1009,Phone Case,Accessories,Unknown,299,2,0.0,598,598.0
ORD-20260626-0013,2026-06-26,2026-06-26 22:04:00,SKU-1004,Office Chair,Furniture,Central,5499,3,0.0,16497,16497.0
ORD-20260626-0014,2026-06-26,2026-06-26 14:02:00,SKU-1004,Office Chair,Furniture,South,5499,2,0.0,10998,10998.0
ORD-20260626-0015,2026-06-26,2026-06-26 18:34:00,SKU-1001,Wireless Mouse,Electronics,North,799,1,10.0,799,719.1
ORD-20260626-0016,2026-06-26,2026-06-26 21:05:00,SKU-1002,Bluetooth Speaker,Electronics,East,1999,1,0.0,1999,1999.0
ORD-20260626-0017,2026-06-26,2026-06-26 14:03:00,SKU-1003,Notebook Set,Stationery,Central,249,2,5.0,498,473.1
ORD-20260626-0018,2026-06-26,2026-06-26 19:43:00,SKU-1004,Office Chair,Furniture,West,5499,1,0.0,5499,5499.0
ORD-20260626-0019,2026-06-26,2026-06-26 04:49:00,SKU-1004,Office Chair,Furniture,Central,5499,1,5.0,5499,5224.05
ORD-20260626-0020,2026-06-26,2026-06-26 14:05:00,SKU-1001,Wireless Mouse,Electronics,Unknown,799,1,5.0,799,759.05
ORD-20260626-0021,2026-06-26,2026-06-26 12:28:00,SKU-1002,Bluetooth Speaker,Electronics,South,1999,1,0.0,1999,1999.0
ORD-20260626-0022,2026-06-26,2026-06-26 17:23:00,SKU-1001,Wireless Mouse,Electronics,Unknown,799,2,0.0,1598,1598.0
ORD-20260626-0023,2026-06-26,2026-06-26 19:15:00,SKU-1008,Backpack,Accessories,North,1499,1,15.0,1499,1274.15
ORD-20260626-0024,2026-06-26,2026-06-26 18:49:00,SKU-1010,USB-C Cable,Electronics,West,199,3,10.0,597,537.3
ORD-20260626-0025,2026-06-26,2026-06-26 01:16:00,SKU-1010,USB-C Cable,Electronics,Unknown,199,1,15.0,199,169.15
ORD-20260626-0026,2026-06-26,2026-06-26 05:09:00,SKU-1001,Wireless Mouse,Electronics,North,799,1,0.0,799,799.0
ORD-20260626-0027,2026-06-26,2026-06-26 08:12:00,SKU-1002,Bluetooth Speaker,Electronics,East,1999,2,15.0,3998,3398.3
ORD-20260626-0028,2026-06-26,2026-06-26 23:38:00,SKU-1001,Wireless Mouse,Electronics,North,799,2,0.0,1598,1598.0
ORD-20260626-0029,2026-06-26,2026-06-26 01:47:00,SKU-1008,Backpack,Accessories,East,1499,1,0.0,1499,1499.0
ORD-20260626-0030,2026-06-26,2026-06-26 18:07:00,SKU-1006,Yoga Mat,Fitness,East,599,2,0.0,1198,1198.0
ORD-20260626-0031,2026-06-26,2026-06-26 12:52:00,SKU-1001,Wireless Mouse,Electronics,Central,799,2,0.0,1598,1598.0
ORD-20260626-0032,2026-06-26,2026-06-26 20:53:00,SKU-1003,Notebook Set,Stationery,West,249,4,10.0,996,896.4
ORD-20260626-0033,2026-06-26,2026-06-26 20:43:00,SKU-1004,Office Chair,Furniture,Unknown,5499,1,5.0,5499,5224.05
ORD-20260626-0034,2026-06-26,2026-06-26 00:15:00,SKU-1010,USB-C Cable,Electronics,Central,199,2,15.0,398,338.3
ORD-20260626-0035,2026-06-26,2026-06-26 21:15:00,SKU-1010,USB-C Cable,Electronics,East,199,2,0.0,398,398.0
ORD-20260626-0036,2026-06-26,2026-06-26 22:24:00,SKU-1006,Yoga Mat,Fitness,North,599,1,0.0,599,599.0
ORD-20260626-0037,2026-06-26,2026-06-26 05:44:00,SKU-1001,Wireless Mouse,Electronics,South,799,3,0.0,2397,2397.0
ORD-20260626-0038,2026-06-26,2026-06-26 11:39:00,SKU-1005,LED Desk Lamp,Furniture,Central,899,3,10.0,2697,2427.3
ORD-20260626-0039,2026-06-26,2026-06-26 01:33:00,SKU-1009,Phone Case,Accessories,South,299,4,5.0,1196,1136.2
ORD-20260626-0040,2026-06-26,2026-06-26 16:29:00,SKU-1005,LED Desk Lamp,Furniture,East,899,2,0.0,1798,1798.0
ORD-20260626-0041,2026-06-26,2026-06-26 18:23:00,SKU-1010,USB-C Cable,Electronics,Central,199,1,10.0,199,179.1
ORD-20260626-0042,2026-06-26,2026-06-26 07:51:00,SKU-1008,Backpack,Accessories,Unknown,1499,1,0.0,1499,1499.0
ORD-20260626-0043,2026-06-26,2026-06-26 14:29:00,SKU-1002,Bluetooth Speaker,Electronics,South,1999,2,0.0,3998,3998.0
ORD-20260626-0044,2026-06-26,2026-06-26 14:24:00,SKU-1001,Wireless Mouse,Electronics,North,799,1,0.0,799,799.0
ORD-20260626-0045,2026-06-26,2026-06-26 18:01:00,SKU-1003,Notebook Set,Stationery,West,249,2,10.0,498,448.2
ORD-20260626-0046,2026-06-26,2026-06-26 03:50:00,SKU-1002,Bluetooth Speaker,Electronics,East,1999,2,0.0,3998,3998.0
ORD-20260626-0047,2026-06-26,2026-06-26 09:59:00,SKU-1004,Office Chair,Furniture,Unknown,5499,2,0.0,10998,10998.0
ORD-20260626-0048,2026-06-26,2026-06-26 21:19:00,SKU-1006,Yoga Mat,Fitness,North,599,1,0.0,599,599.0
ORD-20260626-0049,2026-06-26,2026-06-26 23:16:00,SKU-1001,Wireless Mouse,Electronics,East,799,4,0.0,3196,3196.0
ORD-20260626-0050,2026-06-26,2026-06-26 21:38:00,SKU-1007,Water Bottle,Fitness,East,349,1,0.0,349,349.0
ORD-20260626-0051,2026-06-26,2026-06-26 12:08:00,SKU-1008,Backpack,Accessories,Unknown,1499,1,0.0,1499,1499.0
ORD-20260626-0052,2026-06-26,2026-06-26 13:10:00,SKU-1007,Water Bottle,Fitness,West,349,1,0.0,349,349.0
ORD-20260626-0053,2026-06-26,2026-06-26 13:42:00,SKU-1005,LED Desk Lamp,Furniture,Central,899,1,15.0,899,764.15
ORD-20260626-0054,2026-06-26,2026-06-26 15:44:00,SKU-1004,Office Chair,Furniture,Central,5499,2,0.0,10998,10998.0
ORD-20260626-0055,2026-06-26,2026-06-26 22:05:00,SKU-1008,Backpack,Accessories,West,1499,1,15.0,1499,1274.15
ORD-20260626-0056,2026-06-26,2026-06-26 15:18:00,SKU-1010,USB-C Cable,Electronics,West,199,1,0.0,199,199.0
ORD-20260626-0057,2026-06-26,2026-06-26 04:50:00,SKU-1007,Water Bottle,Fitness,South,349,3,0.0,1047,1047.0
ORD-20260626-0058,2026-06-26,2026-06-26 20:42:00,SKU-1002,Bluetooth Speaker,Electronics,East,1999,2,0.0,3998,3998.0
ORD-20260626-0059,2026-06-26,2026-06-26 23:16:00,SKU-1002,Bluetooth Speaker,Electronics,West,1999,2,5.0,3998,3798.1
ORD-20260626-0060,2026-06-26,2026-06-26 21:40:00,SKU-1006,Yoga Mat,Fitness,Central,599,2,5.0,1198,1138.1
ORD-20260626-0061,2026-06-26,2026-06-26 15:37:00,SKU-1010,USB-C Cable,Electronics,Central,199,4,0.0,796,796.0
ORD-20260626-0062,2026-06-26,2026-06-26 02:17:00,SKU-1005,LED Desk Lamp,Furniture,South,899,3,10.0,2697,2427.3
ORD-20260626-0063,2026-06-26,2026-06-26 20:08:00,SKU-1002,Bluetooth Speaker,Electronics,Unknown,1999,1,0.0,1999,1999.0
ORD-20260626-0064,2026-06-26,2026-06-26 12:42:00,SKU-1003,Notebook Set,Stationery,East,249,3,0.0,747,747.0
ORD-20260626-0065,2026-06-26,2026-06-26 04:32:00,SKU-1008,Backpack,Accessories,South,1499,1,0.0,1499,1499.0
ORD-20260626-0066,2026-06-26,2026-06-26 00:01:00,SKU-1003,Notebook Set,Stationery,North,249,1,0.0,249,249.0
ORD-20260626-0067,2026-06-26,2026-06-26 14:36:00,SKU-1008,Backpack,Accessories,North,1499,1,0.0,1499,1499.0
ORD-20260626-0068,2026-06-26,2026-06-26 09:39:00,SKU-1007,Water Bottle,Fitness,Central,349,1,0.0,349,349.0
ORD-20260626-0069,2026-06-26,2026-06-26 02:38:00,SKU-1010,USB-C Cable,Electronics,West,199,1,15.0,199,169.15
ORD-20260626-0070,2026-06-26,2026-06-26 18:57:00,SKU-1009,Phone Case,Accessories,Unknown,299,1,0.0,299,299.0
ORD-20260626-0071,2026-06-26,2026-06-26 08:08:00,SKU-1007,Water Bottle,Fitness,East,349,1,10.0,349,314.1
ORD-20260626-0072,2026-06-26,2026-06-26 23:53:00,SKU-1006,Yoga Mat,Fitness,East,599,3,15.0,1797,1527.45
ORD-20260626-0073,2026-06-26,2026-06-26 04:20:00,SKU-1005,LED Desk Lamp,Furniture,North,899,1,0.0,899,899.0
ORD-20260626-0074,2026-06-26,2026-06-26 10:34:00,SKU-1004,Office Chair,Furniture,West,5499,1,10.0,5499,4949.1
ORD-20260626-0075,2026-06-26,2026-06-26 18:25:00,SKU-1007,Water Bottle,Fitness,North,349,1,5.0,349,331.55
ORD-20260626-0076,2026-06-26,2026-06-26 01:44:00,SKU-1004,Office Chair,Furniture,North,5499,1,5.0,5499,5224.05
ORD-20260626-0077,2026-06-26,2026-06-26 08:57:00,SKU-1004,Office Chair,Furniture,West,5499,1,5.0,5499,5224.05
ORD-20260626-0078,2026-06-26,2026-06-26 11:26:00,SKU-1006,Yoga Mat,Fitness,West,599,1,0.0,599,599.0
ORD-20260626-0079,2026-06-26,2026-06-26 16:29:00,SKU-1001,Wireless Mouse,Electronics,East,799,1,5.0,799,759.05
ORD-20260626-0080,2026-06-26,2026-06-26 17:15:00,SKU-1009,Phone Case,Accessories,South,299,2,0.0,598,598.0
ORD-20260626-0081,2026-06-26,2026-06-26 23:13:00,SKU-1009,Phone Case,Accessories,West,299,2,5.0,598,568.1
ORD-20260626-0082,2026-06-26,2026-06-26 00:29:00,SKU-1008,Backpack,Accessories,East,1499,2,5.0,2998,2848.1
ORD-20260626-0083,2026-06-26,2026-06-26 18:31:00,SKU-1002,Bluetooth Speaker,Electronics,Central,1999,1,5.0,1999,1899.05
ORD-20260626-0084,2026-06-26,2026-06-26 06:40:00,SKU-1009,Phone Case,Accessories,East,299,2,0.0,598,598.0
ORD-20260626-0085,2026-06-26,2026-06-26 19:11:00,SKU-1009,Phone Case,Accessories,South,299,1,15.0,299,254.15
ORD-20260626-0086,2026-06-26,2026-06-26 05:52:00,SKU-1009,Phone Case,Accessories,North,299,2,15.0,598,508.3
ORD-20260626-0087,2026-06-26,2026-06-26 10:05:00,SKU-1008,Backpack,Accessories,North,1499,1,5.0,1499,1424.05
ORD-20260626-0088,2026-06-26,2026-06-26 10:51:00,SKU-1004,Office Chair,Furniture,East,5499,2,0.0,10998,10998.0
ORD-20260626-0089,2026-06-26,2026-06-26 10:08:00,SKU-1010,USB-C Cable,Electronics,Central,199,2,0.0,398,398.0
ORD-20260626-0090,2026-06-26,2026-06-26 11:41:00,SKU-1006,Yoga Mat,Fitness,West,599,1,5.0,599,569.05
ORD-20260626-0091,2026-06-26,2026-06-26 01:31:00,SKU-1009,Phone Case,Accessories,East,299,1,0.0,299,299.0
ORD-20260626-0092,2026-06-26,2026-06-26 07:46:00,SKU-1008,Backpack,Accessories,Central,1499,1,0.0,1499,1499.0
ORD-20260626-0093,2026-06-26,2026-06-26 20:49:00,SKU-1010,USB-C Cable,Electronics,South,199,1,10.0,199,179.1
ORD-20260626-0094,2026-06-26,2026-06-26 03:47:00,SKU-1006,Yoga Mat,Fitness,West,599,3,10.0,1797,1617.3
ORD-20260626-0095,2026-06-26,2026-06-26 15:59:00,SKU-1007,Water Bottle,Fitness,Unknown,349,2,0.0,698,698.0
ORD-20260626-0096,2026-06-26,2026-06-26 21:41:00,SKU-1003,Notebook Set,Stationery,Unknown,249,2,0.0,498,498.0
ORD-20260626-0097,2026-06-26,2026-06-26 03:57:00,SKU-1005,LED Desk Lamp,Furniture,Central,899,1,0.0,899,899.0
ORD-20260626-0098,2026-06-26,2026-06-26 07:01:00,SKU-1003,Notebook Set,Stationery,Unknown,249,1,0.0,249,249.0
ORD-20260626-0099,2026-06-26,2026-06-26 07:18:00,SKU-1010,USB-C Cable,Electronics,Central,199,2,0.0,398,398.0
ORD-20260626-0100,2026-06-26,2026-06-26 23:08:00,SKU-1007,Water Bottle,Fitness,West,349,1,0.0,349,349.0
ORD-20260627-0000,2026-06-27,2026-06-27 00:48:00,SKU-1004,Office Chair,Furniture,North,5499,1,0.0,5499,5499.0
ORD-20260627-0001,2026-06-27,2026-06-27 22:26:00,SKU-1008,Backpack,Accessories,South,1499,2,0.0,2998,2998.0
ORD-20260627-0002,2026-06-27,2026-06-27 22:13:00,SKU-1001,Wireless Mouse,Electronics,West,799,1,15.0,799,679.15
ORD-20260627-0003,2026-06-27,2026-06-27 16:55:00,SKU-1009,Phone Case,Accessories,East,299,1,0.0,299,299.0
ORD-20260627-0004,2026-06-27,2026-06-27 08:04:00,SKU-1008,Backpack,Accessories,South,1499,1,5.0,1499,1424.05
ORD-20260627-0005,2026-06-27,2026-06-27 03:01:00,SKU-1009,Phone Case,Accessories,North,299,1,0.0,299,299.0
ORD-20260627-0006,2026-06-27,2026-06-27 13:33:00,SKU-1006,Yoga Mat,Fitness,East,599,1,15.0,599,509.15
ORD-20260627-0007,2026-06-27,2026-06-27 06:30:00,SKU-1002,Bluetooth Speaker,Electronics,Unknown,1999,1,5.0,1999,1899.05
ORD-20260627-0008,2026-06-27,2026-06-27 00:52:00,SKU-1001,Wireless Mouse,Electronics,Unknown,799,1,10.0,799,719.1
ORD-20260627-0009,2026-06-27,2026-06-27 22:33:00,SKU-1008,Backpack,Accessories,Unknown,1499,1,15.0,1499,1274.15
ORD-20260627-0010,2026-06-27,2026-06-27 19:15:00,SKU-1008,Backpack,Accessories,West,1499,1,5.0,1499,1424.05
ORD-20260627-0011,2026-06-27,2026-06-27 12:45:00,SKU-1008,Backpack,Accessories,South,1499,1,0.0,1499,1499.0
ORD-20260627-0012,2026-06-27,2026-06-27 22:57:00,SKU-1008,Backpack,Accessories,North,1499,1,0.0,1499,1499.0
ORD-20260627-0013,2026-06-27,2026-06-27 12:01:00,SKU-1006,Yoga Mat,Fitness,Central,599,1,5.0,599,569.05
ORD-20260627-0014,2026-06-27,2026-06-27 23:53:00,SKU-1009,Phone Case,Accessories,Central,299,3,0.0,897,897.0
ORD-20260627-0015,2026-06-27,2026-06-27 13:45:00,SKU-1007,Water Bottle,Fitness,South,349,1,10.0,349,314.1
ORD-20260627-0016,2026-06-27,2026-06-27 20:05:00,SKU-1004,Office Chair,Furniture,South,5499,1,10.0,5499,4949.1
ORD-20260627-0017,2026-06-27,2026-06-27 04:31:00,SKU-1010,USB-C Cable,Electronics,South,199,1,0.0,199,199.0
ORD-20260627-0018,2026-06-27,2026-06-27 21:58:00,SKU-1007,Water Bottle,Fitness,North,349,4,0.0,1396,1396.0
ORD-20260627-0019,2026-06-27,2026-06-27 11:45:00,SKU-1004,Office Chair,Furniture,South,5499,1,0.0,5499,5499.0
ORD-20260627-0020,2026-06-27,2026-06-27 04:17:00,SKU-1001,Wireless Mouse,Electronics,East,799,1,0.0,799,799.0
ORD-20260627-0021,2026-06-27,2026-06-27 04:18:00,SKU-1004,Office Chair,Furniture,East,5499,1,0.0,5499,5499.0
ORD-20260627-0022,2026-06-27,2026-06-27 21:10:00,SKU-1003,Notebook Set,Stationery,Unknown,249,2,15.0,498,423.3
ORD-20260627-0023,2026-06-27,2026-06-27 23:15:00,SKU-1001,Wireless Mouse,Electronics,West,799,2,0.0,1598,1598.0
ORD-20260627-0024,2026-06-27,2026-06-27 04:43:00,SKU-1006,Yoga Mat,Fitness,Unknown,599,4,0.0,2396,2396.0
ORD-20260627-0025,2026-06-27,2026-06-27 22:05:00,SKU-1010,USB-C Cable,Electronics,East,199,1,0.0,199,199.0
ORD-20260627-0026,2026-06-27,2026-06-27 00:43:00,SKU-1008,Backpack,Accessories,East,1499,3,0.0,4497,4497.0
ORD-20260627-0027,2026-06-27,2026-06-27 06:50:00,SKU-1007,Water Bottle,Fitness,South,349,1,0.0,349,349.0
ORD-20260627-0028,2026-06-27,2026-06-27 08:09:00,SKU-1005,LED Desk Lamp,Furniture,Unknown,899,1,0.0,899,899.0
ORD-20260627-0029,2026-06-27,2026-06-27 02:50:00,SKU-1004,Office Chair,Furniture,South,5499,2,0.0,10998,10998.0
ORD-20260627-0030,2026-06-27,2026-06-27 21:05:00,SKU-1004,Office Chair,Furniture,North,5499,1,0.0,5499,5499.0
ORD-20260627-0031,2026-06-27,2026-06-27 08:27:00,SKU-1007,Water Bottle,Fitness,East,349,1,0.0,349,349.0
ORD-20260627-0032,2026-06-27,2026-06-27 12:56:00,SKU-1009,Phone Case,Accessories,South,299,2,0.0,598,598.0
ORD-20260627-0033,2026-06-27,2026-06-27 10:45:00,SKU-1009,Phone Case,Accessories,Unknown,299,2,10.0,598,538.2
ORD-20260627-0034,2026-06-27,2026-06-27 19:07:00,SKU-1007,Water Bottle,Fitness,West,349,1,0.0,349,349.0
ORD-20260627-0035,2026-06-27,2026-06-27 23:17:00,SKU-1007,Water Bottle,Fitness,North,349,1,0.0,349,349.0
ORD-20260627-0036,2026-06-27,2026-06-27 18:32:00,SKU-1008,Backpack,Accessories,North,1499,1,0.0,1499,1499.0
ORD-20260627-0037,2026-06-27,2026-06-27 19:19:00,SKU-1007,Water Bottle,Fitness,East,349,1,0.0,349,349.0
ORD-20260627-0038,2026-06-27,2026-06-27 23:54:00,SKU-1002,Bluetooth Speaker,Electronics,North,1999,1,0.0,1999,1999.0
ORD-20260627-0039,2026-06-27,2026-06-27 23:21:00,SKU-1004,Office Chair,Furniture,West,5499,1,15.0,5499,4674.15
ORD-20260627-0040,2026-06-27,2026-06-27 11:13:00,SKU-1009,Phone Case,Accessories,East,299,1,0.0,299,299.0
ORD-20260627-0041,2026-06-27,2026-06-27 01:03:00,SKU-1001,Wireless Mouse,Electronics,South,799,1,5.0,799,759.05
ORD-20260627-0042,2026-06-27,2026-06-27 20:58:00,SKU-1004,Office Chair,Furniture,Unknown,5499,2,5.0,10998,10448.1
ORD-20260627-0043,2026-06-27,2026-06-27 20:25:00,SKU-1003,Notebook Set,Stationery,South,249,1,10.0,249,224.1
ORD-20260627-0044,2026-06-27,2026-06-27 13:24:00,SKU-1003,Notebook Set,Stationery,Unknown,249,1,10.0,249,224.1
ORD-20260627-0045,2026-06-27,2026-06-27 19:07:00,SKU-1009,Phone Case,Accessories,Unknown,299,2,15.0,598,508.3
ORD-20260627-0046,2026-06-27,2026-06-27 08:52:00,SKU-1008,Backpack,Accessories,Central,1499,1,0.0,1499,1499.0
ORD-20260627-0047,2026-06-27,2026-06-27 11:52:00,SKU-1004,Office Chair,Furniture,South,5499,1,0.0,5499,5499.0
ORD-20260627-0048,2026-06-27,2026-06-27 05:04:00,SKU-1005,LED Desk Lamp,Furniture,Unknown,899,1,15.0,899,764.15
ORD-20260627-0049,2026-06-27,2026-06-27 07:46:00,SKU-1009,Phone Case,Accessories,Unknown,299,1,0.0,299,299.0
ORD-20260627-0050,2026-06-27,2026-06-27 14:28:00,SKU-1005,LED Desk Lamp,Furniture,West,899,3,0.0,2697,2697.0
ORD-20260627-0051,2026-06-27,2026-06-27 04:48:00,SKU-1001,Wireless Mouse,Electronics,West,799,1,15.0,799,679.15
ORD-20260627-0052,2026-06-27,2026-06-27 03:18:00,SKU-1004,Office Chair,Furniture,Central,5499,4,0.0,21996,21996.0
ORD-20260627-0053,2026-06-27,2026-06-27 19:32:00,SKU-1004,Office Chair,Furniture,Unknown,5499,1,5.0,5499,5224.05
ORD-20260627-0054,2026-06-27,2026-06-27 21:33:00,SKU-1004,Office Chair,Furniture,East,5499,2,0.0,10998,10998.0
ORD-20260627-0055,2026-06-27,2026-06-27 18:20:00,SKU-1009,Phone Case,Accessories,Central,299,1,10.0,299,269.1
ORD-20260627-0056,2026-06-27,2026-06-27 23:26:00,SKU-1008,Backpack,Accessories,South,1499,3,10.0,4497,4047.3
ORD-20260627-0057,2026-06-27,2026-06-27 16:13:00,SKU-1002,Bluetooth Speaker,Electronics,Central,1999,1,10.0,1999,1799.1
ORD-20260627-0058,2026-06-27,2026-06-27 14:49:00,SKU-1003,Notebook Set,Stationery,South,249,1,0.0,249,249.0
ORD-20260627-0059,2026-06-27,2026-06-27 03:56:00,SKU-1003,Notebook Set,Stationery,North,249,1,0.0,249,249.0
ORD-20260627-0060,2026-06-27,2026-06-27 08:24:00,SKU-1008,Backpack,Accessories,South,1499,1,15.0,1499,1274.15
ORD-20260627-0061,2026-06-27,2026-06-27 19:21:00,SKU-1008,Backpack,Accessories,West,1499,1,10.0,1499,1349.1
ORD-20260627-0062,2026-06-27,2026-06-27 17:23:00,SKU-1006,Yoga Mat,Fitness,North,599,1,5.0,599,569.05
ORD-20260627-0063,2026-06-27,2026-06-27 06:54:00,SKU-1007,Water Bottle,Fitness,North,349,1,15.0,349,296.65
ORD-20260627-0064,2026-06-27,2026-06-27 03:20:00,SKU-1001,Wireless Mouse,Electronics,Unknown,799,2,0.0,1598,1598.0
ORD-20260627-0065,2026-06-27,2026-06-27 20:29:00,SKU-1009,Phone Case,Accessories,Unknown,299,2,5.0,598,568.1
ORD-20260627-0066,2026-06-27,2026-06-27 22:27:00,SKU-1007,Water Bottle,Fitness,West,349,2,0.0,698,698.0
ORD-20260627-0067,2026-06-27,2026-06-27 13:46:00,SKU-1004,Office Chair,Furniture,East,5499,2,15.0,10998,9348.3
ORD-20260627-0068,2026-06-27,2026-06-27 18:42:00,SKU-1001,Wireless Mouse,Electronics,West,799,1,15.0,799,679.15
ORD-20260627-0069,2026-06-27,2026-06-27 15:37:00,SKU-1004,Office Chair,Furniture,North,5499,1,0.0,5499,5499.0
ORD-20260627-0070,2026-06-27,2026-06-27 21:37:00,SKU-1004,Office Chair,Furniture,South,5499,1,0.0,5499,5499.0
ORD-20260627-0071,2026-06-27,2026-06-27 20:41:00,SKU-1002,Bluetooth Speaker,Electronics,West,1999,1,0.0,1999,1999.0
ORD-20260627-0072,2026-06-27,2026-06-27 11:14:00,SKU-1004,Office Chair,Furniture,East,5499,2,0.0,10998,10998.0
ORD-20260627-0073,2026-06-27,2026-06-27 03:52:00,SKU-1005,LED Desk Lamp,Furniture,South,899,1,0.0,899,899.0
ORD-20260627-0074,2026-06-27,2026-06-27 16:33:00,SKU-1008,Backpack,Accessories,South,1499,2,0.0,2998,2998.0
ORD-20260627-0075,2026-06-27,2026-06-27 00:58:00,SKU-1009,Phone Case,Accessories,East,299,2,0.0,598,598.0
ORD-20260627-0076,2026-06-27,2026-06-27 09:50:00,SKU-1004,Office Chair,Furniture,North,5499,1,0.0,5499,5499.0
ORD-20260627-0077,2026-06-27,2026-06-27 09:56:00,SKU-1004,Office Chair,Furniture,North,5499,1,5.0,5499,5224.05
ORD-20260627-0078,2026-06-27,2026-06-27 14:30:00,SKU-1008,Backpack,Accessories,West,1499,1,10.0,1499,1349.1
ORD-20260627-0079,2026-06-27,2026-06-27 23:52:00,SKU-1010,USB-C Cable,Electronics,Unknown,199,1,15.0,199,169.15
ORD-20260627-0080,2026-06-27,2026-06-27 21:39:00,SKU-1006,Yoga Mat,Fitness,Unknown,599,1,0.0,599,599.0
ORD-20260627-0081,2026-06-27,2026-06-27 17:16:00,SKU-1003,Notebook Set,Stationery,Unknown,249,1,0.0,249,249.0
ORD-20260627-0082,2026-06-27,2026-06-27 04:16:00,SKU-1002,Bluetooth Speaker,Electronics,West,1999,1,0.0,1999,1999.0
ORD-20260627-0083,2026-06-27,2026-06-27 22:54:00,SKU-1001,Wireless Mouse,Electronics,North,799,1,0.0,799,799.0
ORD-20260627-0084,2026-06-27,2026-06-27 03:12:00,SKU-1002,Bluetooth Speaker,Electronics,South,1999,3,0.0,5997,5997.0
ORD-20260627-0085,2026-06-27,2026-06-27 12:51:00,SKU-1009,Phone Case,Accessories,Unknown,299,1,0.0,299,299.0
ORD-20260627-0086,2026-06-27,2026-06-27 19:15:00,SKU-1002,Bluetooth Speaker,Electronics,South,1999,3,5.0,5997,5697.15
ORD-20260627-0087,2026-06-27,2026-06-27 03:59:00,SKU-1010,USB-C Cable,Electronics,North,199,1,10.0,199,179.1
ORD-20260627-0088,2026-06-27,2026-06-27 14:31:00,SKU-1007,Water Bottle,Fitness,Central,349,1,5.0,349,331.55
ORD-20260627-0089,2026-06-27,2026-06-27 20:10:00,SKU-1002,Bluetooth Speaker,Electronics,West,1999,2,0.0,3998,3998.0
ORD-20260627-0090,2026-06-27,2026-06-27 10:32:00,SKU-1009,Phone Case,Accessories,Central,299,1,0.0,299,299.0
ORD-20260627-0091,2026-06-27,2026-06-27 03:34:00,SKU-1006,Yoga Mat,Fitness,South,599,1,0.0,599,599.0
ORD-20260627-0092,2026-06-27,2026-06-27 14:57:00,SKU-1001,Wireless Mouse,Electronics,Central,799,3,10.0,2397,2157.3
ORD-20260627-0093,2026-06-27,2026-06-27 17:01:00,SKU-1008,Backpack,Accessories,Unknown,1499,1,5.0,1499,1424.05
ORD-20260627-0094,2026-06-27,2026-06-27 13:50:00,SKU-1005,LED Desk Lamp,Furniture,South,899,1,15.0,899,764.15
ORD-20260627-0095,2026-06-27,2026-06-27 17:49:00,SKU-1002,Bluetooth Speaker,Electronics,Central,1999,1,0.0,1999,1999.0
ORD-20260627-0096,2026-06-27,2026-06-27 02:49:00,SKU-1004,Office Chair,Furniture,Unknown,5499,1,0.0,5499,5499.0
ORD-20260627-0097,2026-06-27,2026-06-27 04:57:00,SKU-1006,Yoga Mat,Fitness,West,599,2,0.0,1198,1198.0
ORD-20260628-0000,2026-06-28,2026-06-28 08:56:00,SKU-1006,Yoga Mat,Fitness,Unknown,599,1,0.0,599,599.0
ORD-20260628-0001,2026-06-28,2026-06-28 01:43:00,SKU-1009,Phone Case,Accessories,Unknown,299,1,0.0,299,299.0
ORD-20260628-0002,2026-06-28,2026-06-28 18:06:00,SKU-1001,Wireless Mouse,Electronics,North,799,1,10.0,799,719.1
ORD-20260628-0003,2026-06-28,2026-06-28 09:18:00,SKU-1007,Water Bottle,Fitness,Central,349,2,0.0,698,698.0
ORD-20260628-0004,2026-06-28,2026-06-28 08:28:00,SKU-1002,Bluetooth Speaker,Electronics,West,1999,1,0.0,1999,1999.0
ORD-20260628-0005,2026-06-28,2026-06-28 04:26:00,SKU-1008,Backpack,Accessories,Unknown,1499,3,0.0,4497,4497.0
ORD-20260628-0006,2026-06-28,2026-06-28 06:27:00,SKU-1001,Wireless Mouse,Electronics,South,799,1,5.0,799,759.05
ORD-20260628-0007,2026-06-28,2026-06-28 14:15:00,SKU-1006,Yoga Mat,Fitness,East,599,4,15.0,2396,2036.6
ORD-20260628-0008,2026-06-28,2026-06-28 08:33:00,SKU-1003,Notebook Set,Stationery,West,249,1,0.0,249,249.0
ORD-20260628-0009,2026-06-28,2026-06-28 16:40:00,SKU-1008,Backpack,Accessories,Central,1499,2,5.0,2998,2848.1
ORD-20260628-0010,2026-06-28,2026-06-28 01:31:00,SKU-1010,USB-C Cable,Electronics,Unknown,199,4,0.0,796,796.0
ORD-20260628-0011,2026-06-28,2026-06-28 01:38:00,SKU-1002,Bluetooth Speaker,Electronics,Central,1999,1,0.0,1999,1999.0
ORD-20260628-0012,2026-06-28,2026-06-28 23:15:00,SKU-1001,Wireless Mouse,Electronics,North,799,1,10.0,799,719.1
ORD-20260628-0013,2026-06-28,2026-06-28 05:02:00,SKU-1009,Phone Case,Accessories,South,299,1,0.0,299,299.0
ORD-20260628-0014,2026-06-28,2026-06-28 12:26:00,SKU-1002,Bluetooth Speaker,Electronics,North,1999,1,0.0,1999,1999.0
ORD-20260628-0015,2026-06-28,2026-06-28 02:37:00,SKU-1008,Backpack,Accessories,Unknown,1499,4,10.0,5996,5396.4
ORD-20260628-0016,2026-06-28,2026-06-28 02:10:00,SKU-1008,Backpack,Accessories,North,1499,3,0.0,4497,4497.0
ORD-20260628-0017,2026-06-28,2026-06-28 22:59:00,SKU-1009,Phone Case,Accessories,South,299,2,0.0,598,598.0
ORD-20260628-0018,2026-06-28,2026-06-28 18:43:00,SKU-1009,Phone Case,Accessories,East,299,1,15.0,299,254.15
ORD-20260628-0019,2026-06-28,2026-06-28 07:52:00,SKU-1009,Phone Case,Accessories,Unknown,299,2,0.0,598,598.0
ORD-20260628-0020,2026-06-28,2026-06-28 09:45:00,SKU-1002,Bluetooth Speaker,Electronics,North,1999,4,0.0,7996,7996.0
ORD-20260628-0021,2026-06-28,2026-06-28 01:05:00,SKU-1007,Water Bottle,Fitness,North,349,2,15.0,698,593.3
ORD-20260628-0022,2026-06-28,2026-06-28 14:27:00,SKU-1003,Notebook Set,Stationery,North,249,1,0.0,249,249.0
ORD-20260628-0023,2026-06-28,2026-06-28 07:55:00,SKU-1003,Notebook Set,Stationery,South,249,2,0.0,498,498.0
ORD-20260628-0024,2026-06-28,2026-06-28 12:23:00,SKU-1003,Notebook Set,Stationery,East,249,3,15.0,747,634.95
ORD-20260628-0025,2026-06-28,2026-06-28 20:47:00,SKU-1008,Backpack,Accessories,Unknown,1499,2,15.0,2998,2548.3
ORD-20260628-0026,2026-06-28,2026-06-28 17:58:00,SKU-1006,Yoga Mat,Fitness,Unknown,599,1,15.0,599,509.15
ORD-20260628-0027,2026-06-28,2026-06-28 04:14:00,SKU-1002,Bluetooth Speaker,Electronics,South,1999,1,0.0,1999,1999.0
ORD-20260628-0028,2026-06-28,2026-06-28 16:36:00,SKU-1008,Backpack,Accessories,West,1499,1,0.0,1499,1499.0
ORD-20260628-0029,2026-06-28,2026-06-28 18:35:00,SKU-1009,Phone Case,Accessories,East,299,3,10.0,897,807.3
ORD-20260628-0030,2026-06-28,2026-06-28 21:54:00,SKU-1010,USB-C Cable,Electronics,Unknown,199,1,0.0,199,199.0
ORD-20260628-0031,2026-06-28,2026-06-28 14:24:00,SKU-1004,Office Chair,Furniture,Central,5499,1,5.0,5499,5224.05
ORD-20260628-0032,2026-06-28,2026-06-28 08:07:00,SKU-1008,Backpack,Accessories,West,1499,2,0.0,2998,2998.0
ORD-20260628-0033,2026-06-28,2026-06-28 22:41:00,SKU-1001,Wireless Mouse,Electronics,West,799,1,5.0,799,759.05
ORD-20260628-0034,2026-06-28,2026-06-28 00:34:00,SKU-1004,Office Chair,Furniture,North,5499,2,15.0,10998,9348.3
ORD-20260628-0035,2026-06-28,2026-06-28 12:02:00,SKU-1010,USB-C Cable,Electronics,East,199,3,10.0,597,537.3
ORD-20260628-0036,2026-06-28,2026-06-28 13:48:00,SKU-1004,Office Chair,Furniture,West,5499,2,0.0,10998,10998.0
ORD-20260628-0037,2026-06-28,2026-06-28 06:27:00,SKU-1002,Bluetooth Speaker,Electronics,North,1999,1,5.0,1999,1899.05
ORD-20260628-0038,2026-06-28,2026-06-28 00:10:00,SKU-1006,Yoga Mat,Fitness,Central,599,2,0.0,1198,1198.0
ORD-20260628-0039,2026-06-28,2026-06-28 18:06:00,SKU-1004,Office Chair,Furniture,Central,5499,1,0.0,5499,5499.0
ORD-20260628-0040,2026-06-28,2026-06-28 00:17:00,SKU-1005,LED Desk Lamp,Furniture,East,899,1,15.0,899,764.15
ORD-20260628-0041,2026-06-28,2026-06-28 12:22:00,SKU-1008,Backpack,Accessories,South,1499,1,15.0,1499,1274.15
ORD-20260628-0042,2026-06-28,2026-06-28 10:11:00,SKU-1005,LED Desk Lamp,Furniture,South,899,2,0.0,1798,1798.0
ORD-20260628-0043,2026-06-28,2026-06-28 21:33:00,SKU-1005,LED Desk Lamp,Furniture,Unknown,899,1,0.0,899,899.0
ORD-20260628-0044,2026-06-28,2026-06-28 12:45:00,SKU-1009,Phone Case,Accessories,Unknown,299,3,5.0,897,852.15
ORD-20260628-0045,2026-06-28,2026-06-28 23:26:00,SKU-1001,Wireless Mouse,Electronics,Central,799,1,10.0,799,719.1
ORD-20260628-0046,2026-06-28,2026-06-28 10:20:00,SKU-1009,Phone Case,Accessories,West,299,1,0.0,299,299.0
ORD-20260628-0047,2026-06-28,2026-06-28 03:21:00,SKU-1009,Phone Case,Accessories,South,299,3,5.0,897,852.15
ORD-20260628-0048,2026-06-28,2026-06-28 21:37:00,SKU-1004,Office Chair,Furniture,North,5499,1,0.0,5499,5499.0
ORD-20260628-0049,2026-06-28,2026-06-28 10:02:00,SKU-1002,Bluetooth Speaker,Electronics,East,1999,1,0.0,1999,1999.0
ORD-20260628-0050,2026-06-28,2026-06-28 00:26:00,SKU-1001,Wireless Mouse,Electronics,Unknown,799,1,0.0,799,799.0
ORD-20260628-0051,2026-06-28,2026-06-28 02:52:00,SKU-1002,Bluetooth Speaker,Electronics,Central,1999,1,0.0,1999,1999.0
ORD-20260628-0052,2026-06-28,2026-06-28 17:33:00,SKU-1009,Phone Case,Accessories,South,299,1,0.0,299,299.0
ORD-20260628-0053,2026-06-28,2026-06-28 00:26:00,SKU-1006,Yoga Mat,Fitness,North,599,1,0.0,599,599.0
ORD-20260628-0054,2026-06-28,2026-06-28 18:47:00,SKU-1004,Office Chair,Furniture,West,5499,1,0.0,5499,5499.0
ORD-20260628-0055,2026-06-28,2026-06-28 19:10:00,SKU-1002,Bluetooth Speaker,Electronics,North,1999,2,0.0,3998,3998.0
ORD-20260628-0056,2026-06-28,2026-06-28 08:57:00,SKU-1003,Notebook Set,Stationery,Central,249,1,0.0,249,249.0
ORD-20260628-0057,2026-06-28,2026-06-28 09:06:00,SKU-1008,Backpack,Accessories,South,1499,2,0.0,2998,2998.0
ORD-20260628-0058,2026-06-28,2026-06-28 15:35:00,SKU-1001,Wireless Mouse,Electronics,South,799,2,0.0,1598,1598.0
ORD-20260628-0059,2026-06-28,2026-06-28 03:38:00,SKU-1008,Backpack,Accessories,Unknown,1499,2,0.0,2998,2998.0
ORD-20260628-0060,2026-06-28,2026-06-28 03:18:00,SKU-1005,LED Desk Lamp,Furniture,East,899,1,15.0,899,764.15
ORD-20260628-0061,2026-06-28,2026-06-28 19:37:00,SKU-1004,Office Chair,Furniture,West,5499,2,0.0,10998,10998.0
ORD-20260628-0062,2026-06-28,2026-06-28 01:52:00,SKU-1002,Bluetooth Speaker,Electronics,North,1999,2,15.0,3998,3398.3
ORD-20260628-0063,2026-06-28,2026-06-28 00:41:00,SKU-1010,USB-C Cable,Electronics,West,199,1,0.0,199,199.0
ORD-20260628-0064,2026-06-28,2026-06-28 04:50:00,SKU-1007,Water Bottle,Fitness,Central,349,2,5.0,698,663.1
ORD-20260628-0065,2026-06-28,2026-06-28 22:37:00,SKU-1007,Water Bottle,Fitness,North,349,4,10.0,1396,1256.4
ORD-20260628-0066,2026-06-28,2026-06-28 09:44:00,SKU-1004,Office Chair,Furniture,South,5499,1,0.0,5499,5499.0
ORD-20260628-0067,2026-06-28,2026-06-28 18:59:00,SKU-1001,Wireless Mouse,Electronics,West,799,1,0.0,799,799.0
ORD-20260628-0068,2026-06-28,2026-06-28 04:01:00,SKU-1010,USB-C Cable,Electronics,North,199,2,0.0,398,398.0
ORD-20260628-0069,2026-06-28,2026-06-28 16:04:00,SKU-1004,Office Chair,Furniture,Unknown,5499,4,10.0,21996,19796.4
ORD-20260628-0070,2026-06-28,2026-06-28 14:48:00,SKU-1002,Bluetooth Speaker,Electronics,Central,1999,1,15.0,1999,1699.15
ORD-20260628-0071,2026-06-28,2026-06-28 13:44:00,SKU-1009,Phone Case,Accessories,South,299,2,0.0,598,598.0
ORD-20260628-0072,2026-06-28,2026-06-28 09:28:00,SKU-1001,Wireless Mouse,Electronics,South,799,3,5.0,2397,2277.15
ORD-20260628-0073,2026-06-28,2026-06-28 05:43:00,SKU-1009,Phone Case,Accessories,East,299,1,0.0,299,299.0
ORD-20260628-0074,2026-06-28,2026-06-28 22:28:00,SKU-1002,Bluetooth Speaker,Electronics,South,1999,1,0.0,1999,1999.0
ORD-20260628-0075,2026-06-28,2026-06-28 15:01:00,SKU-1007,Water Bottle,Fitness,West,349,1,0.0,349,349.0
ORD-20260628-0076,2026-06-28,2026-06-28 06:58:00,SKU-1002,Bluetooth Speaker,Electronics,Unknown,1999,1,0.0,1999,1999.0
ORD-20260628-0077,2026-06-28,2026-06-28 11:22:00,SKU-1004,Office Chair,Furniture,East,5499,1,0.0,5499,5499.0
ORD-20260628-0078,2026-06-28,2026-06-28 17:40:00,SKU-1008,Backpack,Accessories,East,1499,1,15.0,1499,1274.15
ORD-20260628-0079,2026-06-28,2026-06-28 23:50:00,SKU-1001,Wireless Mouse,Electronics,West,799,1,0.0,799,799.0
ORD-20260628-0080,2026-06-28,2026-06-28 17:10:00,SKU-1005,LED Desk Lamp,Furniture,South,899,1,0.0,899,899.0
ORD-20260628-0081,2026-06-28,2026-06-28 01:12:00,SKU-1006,Yoga Mat,Fitness,North,599,1,5.0,599,569.05
ORD-20260628-0082,2026-06-28,2026-06-28 06:30:00,SKU-1004,Office Chair,Furniture,North,5499,1,0.0,5499,5499.0
ORD-20260628-0083,2026-06-28,2026-06-28 19:41:00,SKU-1007,Water Bottle,Fitness,East,349,1,15.0,349,296.65
ORD-20260628-0084,2026-06-28,2026-06-28 17:11:00,SKU-1003,Notebook Set,Stationery,East,249,2,5.0,498,473.1
ORD-20260628-0085,2026-06-28,2026-06-28 06:53:00,SKU-1009,Phone Case,Accessories,East,299,2,0.0,598,598.0
ORD-20260628-0086,2026-06-28,2026-06-28 02:52:00,SKU-1003,Notebook Set,Stationery,North,249,2,0.0,498,498.0
ORD-20260628-0087,2026-06-28,2026-06-28 10:26:00,SKU-1008,Backpack,Accessories,East,1499,2,0.0,2998,2998.0
ORD-20260628-0088,2026-06-28,2026-06-28 02:18:00,SKU-1001,Wireless Mouse,Electronics,East,799,1,5.0,799,759.05
ORD-20260628-0089,2026-06-28,2026-06-28 02:31:00,SKU-1005,LED Desk Lamp,Furniture,East,899,1,5.0,899,854.05
ORD-20260628-0090,2026-06-28,2026-06-28 07:09:00,SKU-1001,Wireless Mouse,Electronics,Unknown,799,1,5.0,799,759.05
ORD-20260628-0091,2026-06-28,2026-06-28 13:24:00,SKU-1002,Bluetooth Speaker,Electronics,Unknown,1999,1,0.0,1999,1999.0
ORD-20260628-0092,2026-06-28,2026-06-28 06:17:00,SKU-1006,Yoga Mat,Fitness,North,599,2,0.0,1198,1198.0
ORD-20260628-0093,2026-06-28,2026-06-28 00:50:00,SKU-1007,Water Bottle,Fitness,West,349,1,0.0,349,349.0
ORD-20260628-0094,2026-06-28,2026-06-28 07:31:00,SKU-1008,Backpack,Accessories,East,1499,1,0.0,1499,1499.0
ORD-20260628-0095,2026-06-28,2026-06-28 19:54:00,SKU-1003,Notebook Set,Stationery,Central,249,1,10.0,249,224.1
ORD-20260628-0096,2026-06-28,2026-06-28 16:11:00,SKU-1005,LED Desk Lamp,Furniture,North,899,3,0.0,2697,2697.0
ORD-20260628-0097,2026-06-28,2026-06-28 19:17:00,SKU-1004,Office Chair,Furniture,North,5499,4,0.0,21996,21996.0
ORD-20260628-0098,2026-06-28,2026-06-28 19:57:00,SKU-1001,Wireless Mouse,Electronics,Unknown,799,2,0.0,1598,1598.0
ORD-20260628-0099,2026-06-28,2026-06-28 04:47:00,SKU-1009,Phone Case,Accessories,East,299,1,0.0,299,299.0
ORD-20260628-0100,2026-06-28,2026-06-28 23:00:00,SKU-1006,Yoga Mat,Fitness,East,599,1,15.0,599,509.15
ORD-20260628-0101,2026-06-28,2026-06-28 03:28:00,SKU-1007,Water Bottle,Fitness,West,349,2,0.0,698,698.0
ORD-20260628-0102,2026-06-28,2026-06-28 07:57:00,SKU-1004,Office Chair,Furniture,West,5499,1,5.0,5499,5224.05
ORD-20260628-0103,2026-06-28,2026-06-28 04:27:00,SKU-1007,Water Bottle,Fitness,North,349,1,0.0,349,349.0
ORD-20260628-0104,2026-06-28,2026-06-28 17:29:00,SKU-1001,Wireless Mouse,Electronics,West,799,2,0.0,1598,1598.0
ORD-20260628-0105,2026-06-28,2026-06-28 04:26:00,SKU-1010,USB-C Cable,Electronics,East,199,1,0.0,199,199.0
ORD-20260628-0106,2026-06-28,2026-06-28 10:17:00,SKU-1003,Notebook Set,Stationery,South,249,1,15.0,249,211.65
ORD-20260628-0107,2026-06-28,2026-06-28 13:02:00,SKU-1007,Water Bottle,Fitness,North,349,1,0.0,349,349.0
ORD-20260628-0108,2026-06-28,2026-06-28 19:02:00,SKU-1010,USB-C Cable,Electronics,South,199,2,5.0,398,378.1
ORD-20260628-0109,2026-06-28,2026-06-28 15:58:00,SKU-1005,LED Desk Lamp,Furniture,Central,899,4,5.0,3596,3416.2
ORD-20260628-0110,2026-06-28,2026-06-28 02:45:00,SKU-1008,Backpack,Accessories,East,1499,2,15.0,2998,2548.3
ORD-20260628-0111,2026-06-28,2026-06-28 08:27:00,SKU-1007,Water Bottle,Fitness,East,349,3,0.0,1047,1047.0
ORD-20260628-0112,2026-06-28,2026-06-28 03:05:00,SKU-1008,Backpack,Accessories,West,1499,2,0.0,2998,2998.0
ORD-20260628-0113,2026-06-28,2026-06-28 05:27:00,SKU-1001,Wireless Mouse,Electronics,East,799,1,0.0,799,799.0
ORD-20260628-0114,2026-06-28,2026-06-28 17:14:00,SKU-1010,USB-C Cable,Electronics,East,199,2,5.0,398,378.1
ORD-20260628-0115,2026-06-28,2026-06-28 21:30:00,SKU-1004,Office Chair,Furniture,Unknown,5499,1,5.0,5499,5224.05
ORD-20260628-0116,2026-06-28,2026-06-28 16:23:00,SKU-1003,Notebook Set,Stationery,North,249,1,5.0,249,236.55
ORD-20260628-0117,2026-06-28,2026-06-28 06:09:00,SKU-1004,Office Chair,Furniture,North,5499,3,10.0,16497,14847.3
ORD-20260629-0000,2026-06-29,2026-06-29 14:10:00,SKU-1010,USB-C Cable,Electronics,East,199,2,15.0,398,338.3
ORD-20260629-0001,2026-06-29,2026-06-29 20:18:00,SKU-1003,Notebook Set,Stationery,West,249,1,0.0,249,249.0
ORD-20260629-0002,2026-06-29,2026-06-29 22:09:00,SKU-1007,Water Bottle,Fitness,West,349,2,15.0,698,593.3
ORD-20260629-0003,2026-06-29,2026-06-29 06:03:00,SKU-1008,Backpack,Accessories,West,1499,4,0.0,5996,5996.0
ORD-20260629-0004,2026-06-29,2026-06-29 09:04:00,SKU-1003,Notebook Set,Stationery,South,249,1,0.0,249,249.0
ORD-20260629-0005,2026-06-29,2026-06-29 10:23:00,SKU-1007,Water Bottle,Fitness,West,349,1,15.0,349,296.65
ORD-20260629-0006,2026-06-29,2026-06-29 20:19:00,SKU-1007,Water Bottle,Fitness,South,349,2,0.0,698,698.0
ORD-20260629-0007,2026-06-29,2026-06-29 09:47:00,SKU-1010,USB-C Cable,Electronics,Unknown,199,1,0.0,199,199.0
ORD-20260629-0008,2026-06-29,2026-06-29 20:42:00,SKU-1002,Bluetooth Speaker,Electronics,North,1999,1,15.0,1999,1699.15
ORD-20260629-0009,2026-06-29,2026-06-29 15:48:00,SKU-1009,Phone Case,Accessories,Unknown,299,3,5.0,897,852.15
ORD-20260629-0010,2026-06-29,2026-06-29 19:12:00,SKU-1005,LED Desk Lamp,Furniture,North,899,2,0.0,1798,1798.0
ORD-20260629-0011,2026-06-29,2026-06-29 13:37:00,SKU-1008,Backpack,Accessories,West,1499,1,5.0,1499,1424.05
ORD-20260629-0012,2026-06-29,2026-06-29 05:19:00,SKU-1010,USB-C Cable,Electronics,North,199,2,0.0,398,398.0
ORD-20260629-0013,2026-06-29,2026-06-29 20:19:00,SKU-1005,LED Desk Lamp,Furniture,Central,899,4,0.0,3596,3596.0
ORD-20260629-0014,2026-06-29,2026-06-29 05:38:00,SKU-1010,USB-C Cable,Electronics,Unknown,199,1,0.0,199,199.0
ORD-20260629-0015,2026-06-29,2026-06-29 20:56:00,SKU-1003,Notebook Set,Stationery,Central,249,1,0.0,249,249.0
ORD-20260629-0016,2026-06-29,2026-06-29 12:59:00,SKU-1003,Notebook Set,Stationery,South,249,1,0.0,249,249.0
ORD-20260629-0017,2026-06-29,2026-06-29 21:14:00,SKU-1010,USB-C Cable,Electronics,North,199,1,5.0,199,189.05
ORD-20260629-0018,2026-06-29,2026-06-29 12:56:00,SKU-1009,Phone Case,Accessories,South,299,2,5.0,598,568.1
ORD-20260629-0019,2026-06-29,2026-06-29 11:06:00,SKU-1007,Water Bottle,Fitness,East,349,1,0.0,349,349.0
ORD-20260629-0020,2026-06-29,2026-06-29 09:01:00,SKU-1008,Backpack,Accessories,Central,1499,2,0.0,2998,2998.0
ORD-20260629-0021,2026-06-29,2026-06-29 10:01:00,SKU-1001,Wireless Mouse,Electronics,Central,799,2,0.0,1598,1598.0
ORD-20260629-0022,2026-06-29,2026-06-29 19:13:00,SKU-1002,Bluetooth Speaker,Electronics,West,1999,1,0.0,1999,1999.0
ORD-20260629-0023,2026-06-29,2026-06-29 21:48:00,SKU-1007,Water Bottle,Fitness,West,349,1,15.0,349,296.65
ORD-20260629-0024,2026-06-29,2026-06-29 06:12:00,SKU-1006,Yoga Mat,Fitness,South,599,4,0.0,2396,2396.0
ORD-20260629-0025,2026-06-29,2026-06-29 00:37:00,SKU-1002,Bluetooth Speaker,Electronics,East,1999,2,0.0,3998,3998.0
ORD-20260629-0026,2026-06-29,2026-06-29 01:27:00,SKU-1001,Wireless Mouse,Electronics,South,799,1,15.0,799,679.15
ORD-20260629-0027,2026-06-29,2026-06-29 22:29:00,SKU-1008,Backpack,Accessories,Central,1499,3,10.0,4497,4047.3
ORD-20260629-0028,2026-06-29,2026-06-29 18:17:00,SKU-1006,Yoga Mat,Fitness,Unknown,599,1,0.0,599,599.0
ORD-20260629-0029,2026-06-29,2026-06-29 12:05:00,SKU-1009,Phone Case,Accessories,Central,299,1,10.0,299,269.1
ORD-20260629-0030,2026-06-29,2026-06-29 15:28:00,SKU-1006,Yoga Mat,Fitness,East,599,3,5.0,1797,1707.15
ORD-20260629-0031,2026-06-29,2026-06-29 21:18:00,SKU-1003,Notebook Set,Stationery,South,249,2,15.0,498,423.3
ORD-20260629-0032,2026-06-29,2026-06-29 01:55:00,SKU-1006,Yoga Mat,Fitness,West,599,2,0.0,1198,1198.0
ORD-20260629-0033,2026-06-29,2026-06-29 08:05:00,SKU-1008,Backpack,Accessories,West,1499,1,0.0,1499,1499.0
ORD-20260629-0034,2026-06-29,2026-06-29 06:14:00,SKU-1001,Wireless Mouse,Electronics,South,799,1,0.0,799,799.0
ORD-20260629-0035,2026-06-29,2026-06-29 10:38:00,SKU-1009,Phone Case,Accessories,Unknown,299,4,15.0,1196,1016.6
ORD-20260629-0036,2026-06-29,2026-06-29 13:13:00,SKU-1008,Backpack,Accessories,South,1499,4,0.0,5996,5996.0
ORD-20260629-0037,2026-06-29,2026-06-29 10:12:00,SKU-1006,Yoga Mat,Fitness,South,599,4,5.0,2396,2276.2
ORD-20260629-0038,2026-06-29,2026-06-29 11:36:00,SKU-1008,Backpack,Accessories,South,1499,1,0.0,1499,1499.0
ORD-20260629-0039,2026-06-29,2026-06-29 13:52:00,SKU-1007,Water Bottle,Fitness,West,349,2,0.0,698,698.0
ORD-20260629-0040,2026-06-29,2026-06-29 17:57:00,SKU-1006,Yoga Mat,Fitness,Central,599,1,5.0,599,569.05
ORD-20260629-0041,2026-06-29,2026-06-29 18:07:00,SKU-1007,Water Bottle,Fitness,West,349,4,0.0,1396,1396.0
ORD-20260629-0042,2026-06-29,2026-06-29 05:31:00,SKU-1005,LED Desk Lamp,Furniture,East,899,1,0.0,899,899.0
ORD-20260629-0043,2026-06-29,2026-06-29 17:56:00,SKU-1004,Office Chair,Furniture,Unknown,5499,1,0.0,5499,5499.0
ORD-20260629-0044,2026-06-29,2026-06-29 12:16:00,SKU-1009,Phone Case,Accessories,South,299,2,10.0,598,538.2
ORD-20260629-0045,2026-06-29,2026-06-29 19:30:00,SKU-1008,Backpack,Accessories,West,1499,1,0.0,1499,1499.0
ORD-20260629-0046,2026-06-29,2026-06-29 06:51:00,SKU-1007,Water Bottle,Fitness,North,349,1,0.0,349,349.0
ORD-20260629-0047,2026-06-29,2026-06-29 01:53:00,SKU-1005,LED Desk Lamp,Furniture,South,899,2,5.0,1798,1708.1
ORD-20260629-0048,2026-06-29,2026-06-29 23:54:00,SKU-1009,Phone Case,Accessories,East,299,1,15.0,299,254.15
ORD-20260629-0049,2026-06-29,2026-06-29 10:26:00,SKU-1001,Wireless Mouse,Electronics,Unknown,799,1,0.0,799,799.0
ORD-20260629-0050,2026-06-29,2026-06-29 20:10:00,SKU-1001,Wireless Mouse,Electronics,Central,799,4,0.0,3196,3196.0
ORD-20260629-0051,2026-06-29,2026-06-29 17:32:00,SKU-1009,Phone Case,Accessories,Unknown,299,1,0.0,299,299.0
ORD-20260629-0052,2026-06-29,2026-06-29 08:52:00,SKU-1005,LED Desk Lamp,Furniture,North,899,1,0.0,899,899.0
ORD-20260629-0053,2026-06-29,2026-06-29 17:09:00,SKU-1004,Office Chair,Furniture,South,5499,1,10.0,5499,4949.1
ORD-20260629-0054,2026-06-29,2026-06-29 23:38:00,SKU-1009,Phone Case,Accessories,East,299,2,0.0,598,598.0
ORD-20260629-0055,2026-06-29,2026-06-29 11:15:00,SKU-1008,Backpack,Accessories,Central,1499,1,0.0,1499,1499.0
ORD-20260629-0056,2026-06-29,2026-06-29 14:49:00,SKU-1008,Backpack,Accessories,East,1499,1,0.0,1499,1499.0
ORD-20260629-0057,2026-06-29,2026-06-29 14:15:00,SKU-1007,Water Bottle,Fitness,Central,349,1,5.0,349,331.55
ORD-20260629-0058,2026-06-29,2026-06-29 10:36:00,SKU-1009,Phone Case,Accessories,Unknown,299,4,0.0,1196,1196.0
ORD-20260629-0059,2026-06-29,2026-06-29 23:02:00,SKU-1007,Water Bottle,Fitness,West,349,1,0.0,349,349.0
ORD-20260629-0060,2026-06-29,2026-06-29 14:07:00,SKU-1010,USB-C Cable,Electronics,North,199,1,0.0,199,199.0
ORD-20260629-0061,2026-06-29,2026-06-29 03:26:00,SKU-1008,Backpack,Accessories,North,1499,3,10.0,4497,4047.3
ORD-20260629-0062,2026-06-29,2026-06-29 10:09:00,SKU-1001,Wireless Mouse,Electronics,Central,799,3,10.0,2397,2157.3
ORD-20260629-0063,2026-06-29,2026-06-29 12:34:00,SKU-1009,Phone Case,Accessories,Central,299,1,0.0,299,299.0
ORD-20260630-0000,2026-06-30,2026-06-30 17:10:00,SKU-1010,USB-C Cable,Electronics,South,199,2,5.0,398,378.1
ORD-20260630-0001,2026-06-30,2026-06-30 23:43:00,SKU-1003,Notebook Set,Stationery,East,249,2,0.0,498,498.0
ORD-20260630-0002,2026-06-30,2026-06-30 04:29:00,SKU-1009,Phone Case,Accessories,South,299,2,5.0,598,568.1
ORD-20260630-0003,2026-06-30,2026-06-30 14:29:00,SKU-1009,Phone Case,Accessories,South,299,2,15.0,598,508.3
ORD-20260630-0004,2026-06-30,2026-06-30 14:53:00,SKU-1005,LED Desk Lamp,Furniture,Central,899,2,15.0,1798,1528.3
ORD-20260630-0005,2026-06-30,2026-06-30 17:54:00,SKU-1008,Backpack,Accessories,South,1499,2,0.0,2998,2998.0
ORD-20260630-0006,2026-06-30,2026-06-30 20:18:00,SKU-1002,Bluetooth Speaker,Electronics,Central,1999,1,10.0,1999,1799.1
ORD-20260630-0007,2026-06-30,2026-06-30 21:40:00,SKU-1008,Backpack,Accessories,West,1499,3,5.0,4497,4272.15
ORD-20260630-0008,2026-06-30,2026-06-30 21:48:00,SKU-1004,Office Chair,Furniture,South,5499,1,0.0,5499,5499.0
ORD-20260630-0009,2026-06-30,2026-06-30 12:04:00,SKU-1001,Wireless Mouse,Electronics,North,799,1,0.0,799,799.0
ORD-20260630-0010,2026-06-30,2026-06-30 23:43:00,SKU-1008,Backpack,Accessories,East,1499,4,0.0,5996,5996.0
ORD-20260630-0011,2026-06-30,2026-06-30 17:35:00,SKU-1001,Wireless Mouse,Electronics,Unknown,799,1,0.0,799,799.0
ORD-20260630-0012,2026-06-30,2026-06-30 22:33:00,SKU-1004,Office Chair,Furniture,East,5499,2,0.0,10998,10998.0
ORD-20260630-0013,2026-06-30,2026-06-30 21:24:00,SKU-1005,LED Desk Lamp,Furniture,West,899,1,0.0,899,899.0
ORD-20260630-0014,2026-06-30,2026-06-30 21:15:00,SKU-1008,Backpack,Accessories,North,1499,1,0.0,1499,1499.0
ORD-20260630-0015,2026-06-30,2026-06-30 21:18:00,SKU-1008,Backpack,Accessories,West,1499,1,5.0,1499,1424.05
ORD-20260630-0016,2026-06-30,2026-06-30 19:18:00,SKU-1008,Backpack,Accessories,North,1499,2,15.0,2998,2548.3
ORD-20260630-0017,2026-06-30,2026-06-30 05:04:00,SKU-1009,Phone Case,Accessories,North,299,2,0.0,598,598.0
ORD-20260630-0018,2026-06-30,2026-06-30 21:44:00,SKU-1003,Notebook Set,Stationery,Unknown,249,1,15.0,249,211.65
ORD-20260630-0019,2026-06-30,2026-06-30 11:26:00,SKU-1005,LED Desk Lamp,Furniture,West,899,2,5.0,1798,1708.1
ORD-20260630-0020,2026-06-30,2026-06-30 05:54:00,SKU-1002,Bluetooth Speaker,Electronics,South,1999,1,15.0,1999,1699.15
ORD-20260630-0021,2026-06-30,2026-06-30 18:48:00,SKU-1006,Yoga Mat,Fitness,Central,599,1,0.0,599,599.0
ORD-20260630-0022,2026-06-30,2026-06-30 13:18:00,SKU-1007,Water Bottle,Fitness,Central,349,1,0.0,349,349.0
ORD-20260630-0023,2026-06-30,2026-06-30 03:56:00,SKU-1010,USB-C Cable,Electronics,South,199,1,10.0,199,179.1
ORD-20260630-0024,2026-06-30,2026-06-30 23:18:00,SKU-1001,Wireless Mouse,Electronics,Unknown,799,1,10.0,799,719.1
ORD-20260630-0025,2026-06-30,2026-06-30 22:31:00,SKU-1006,Yoga Mat,Fitness,North,599,1,5.0,599,569.05
ORD-20260630-0026,2026-06-30,2026-06-30 23:06:00,SKU-1010,USB-C Cable,Electronics,East,199,3,10.0,597,537.3
ORD-20260630-0027,2026-06-30,2026-06-30 23:00:00,SKU-1004,Office Chair,Furniture,South,5499,1,10.0,5499,4949.1
ORD-20260630-0028,2026-06-30,2026-06-30 17:47:00,SKU-1001,Wireless Mouse,Electronics,Central,799,1,0.0,799,799.0
ORD-20260630-0029,2026-06-30,2026-06-30 17:55:00,SKU-1005,LED Desk Lamp,Furniture,East,899,1,0.0,899,899.0
ORD-20260630-0030,2026-06-30,2026-06-30 02:12:00,SKU-1003,Notebook Set,Stationery,West,249,3,0.0,747,747.0
ORD-20260630-0031,2026-06-30,2026-06-30 21:21:00,SKU-1006,Yoga Mat,Fitness,Unknown,599,4,5.0,2396,2276.2
ORD-20260630-0032,2026-06-30,2026-06-30 03:05:00,SKU-1002,Bluetooth Speaker,Electronics,North,1999,1,10.0,1999,1799.1
ORD-20260630-0033,2026-06-30,2026-06-30 08:09:00,SKU-1006,Yoga Mat,Fitness,Central,599,2,0.0,1198,1198.0
ORD-20260630-0034,2026-06-30,2026-06-30 03:02:00,SKU-1006,Yoga Mat,Fitness,South,599,2,5.0,1198,1138.1
ORD-20260630-0035,2026-06-30,2026-06-30 18:02:00,SKU-1006,Yoga Mat,Fitness,North,599,1,5.0,599,569.05
ORD-20260630-0036,2026-06-30,2026-06-30 04:37:00,SKU-1005,LED Desk Lamp,Furniture,Unknown,899,1,0.0,899,899.0
ORD-20260630-0037,2026-06-30,2026-06-30 17:23:00,SKU-1010,USB-C Cable,Electronics,East,199,1,10.0,199,179.1
ORD-20260630-0038,2026-06-30,2026-06-30 12:06:00,SKU-1009,Phone Case,Accessories,West,299,1,15.0,299,254.15
ORD-20260630-0039,2026-06-30,2026-06-30 13:10:00,SKU-1006,Yoga Mat,Fitness,East,599,1,5.0,599,569.05
ORD-20260630-0040,2026-06-30,2026-06-30 12:10:00,SKU-1008,Backpack,Accessories,North,1499,3,0.0,4497,4497.0
ORD-20260630-0041,2026-06-30,2026-06-30 17:25:00,SKU-1006,Yoga Mat,Fitness,North,599,4,0.0,2396,2396.0
ORD-20260630-0042,2026-06-30,2026-06-30 04:22:00,SKU-1003,Notebook Set,Stationery,Unknown,249,1,5.0,249,236.55
ORD-20260630-0043,2026-06-30,2026-06-30 08:00:00,SKU-1004,Office Chair,Furniture,Unknown,5499,2,0.0,10998,10998.0
ORD-20260630-0044,2026-06-30,2026-06-30 03:56:00,SKU-1007,Water Bottle,Fitness,East,349,4,15.0,1396,1186.6
ORD-20260630-0045,2026-06-30,2026-06-30 17:06:00,SKU-1008,Backpack,Accessories,North,1499,4,15.0,5996,5096.6
ORD-20260630-0046,2026-06-30,2026-06-30 07:51:00,SKU-1010,USB-C Cable,Electronics,West,199,1,5.0,199,189.05
ORD-20260630-0047,2026-06-30,2026-06-30 00:41:00,SKU-1003,Notebook Set,Stationery,South,249,1,5.0,249,236.55
ORD-20260630-0048,2026-06-30,2026-06-30 03:06:00,SKU-1003,Notebook Set,Stationery,South,249,1,0.0,249,249.0
ORD-20260630-0049,2026-06-30,2026-06-30 08:33:00,SKU-1001,Wireless Mouse,Electronics,South,799,1,10.0,799,719.1
ORD-20260630-0050,2026-06-30,2026-06-30 16:27:00,SKU-1010,USB-C Cable,Electronics,Central,199,2,0.0,398,398.0
ORD-20260630-0051,2026-06-30,2026-06-30 21:26:00,SKU-1001,Wireless Mouse,Electronics,West,799,2,0.0,1598,1598.0
ORD-20260630-0052,2026-06-30,2026-06-30 06:46:00,SKU-1008,Backpack,Accessories,South,1499,1,0.0,1499,1499.0
ORD-20260630-0053,2026-06-30,2026-06-30 17:08:00,SKU-1003,Notebook Set,Stationery,South,249,3,0.0,747,747.0
ORD-20260630-0054,2026-06-30,2026-06-30 11:18:00,SKU-1005,LED Desk Lamp,Furniture,Central,899,4,10.0,3596,3236.4
ORD-20260630-0055,2026-06-30,2026-06-30 17:45:00,SKU-1009,Phone Case,Accessories,North,299,2,5.0,598,568.1
ORD-20260630-0056,2026-06-30,2026-06-30 15:12:00,SKU-1001,Wireless Mouse,Electronics,Central,799,2,0.0,1598,1598.0
ORD-20260630-0057,2026-06-30,2026-06-30 14:01:00,SKU-1005,LED Desk Lamp,Furniture,East,899,2,10.0,1798,1618.2
ORD-20260630-0058,2026-06-30,2026-06-30 22:12:00,SKU-1006,Yoga Mat,Fitness,North,599,2,0.0,1198,1198.0
ORD-20260630-0059,2026-06-30,2026-06-30 23:48:00,SKU-1010,USB-C Cable,Electronics,West,199,2,15.0,398,338.3
ORD-20260630-0060,2026-06-30,2026-06-30 11:19:00,SKU-1007,Water Bottle,Fitness,Unknown,349,2,15.0,698,593.3
ORD-20260630-0061,2026-06-30,2026-06-30 07:29:00,SKU-1001,Wireless Mouse,Electronics,Central,799,1,10.0,799,719.1
ORD-20260630-0062,2026-06-30,2026-06-30 04:12:00,SKU-1005,LED Desk Lamp,Furniture,South,899,1,15.0,899,764.15
ORD-20260630-0063,2026-06-30,2026-06-30 02:12:00,SKU-1009,Phone Case,Accessories,South,299,1,10.0,299,269.1
ORD-20260630-0064,2026-06-30,2026-06-30 14:56:00,SKU-1008,Backpack,Accessories,North,1499,4,0.0,5996,5996.0
ORD-20260630-0065,2026-06-30,2026-06-30 15:56:00,SKU-1005,LED Desk Lamp,Furniture,South,899,3,0.0,2697,2697.0
ORD-20260630-0066,2026-06-30,2026-06-30 23:15:00,SKU-1001,Wireless Mouse,Electronics,South,799,2,0.0,1598,1598.0
ORD-20260630-0067,2026-06-30,2026-06-30 06:01:00,SKU-1001,Wireless Mouse,Electronics,North,799,3,0.0,2397,2397.0
ORD-20260630-0068,2026-06-30,2026-06-30 14:45:00,SKU-1010,USB-C Cable,Electronics,Central,199,1,0.0,199,199.0
ORD-20260630-0069,2026-06-30,2026-06-30 15:02:00,SKU-1008,Backpack,Accessories,West,1499,1,5.0,1499,1424.05
ORD-20260630-0070,2026-06-30,2026-06-30 12:05:00,SKU-1004,Office Chair,Furniture,Unknown,5499,2,0.0,10998,10998.0
ORD-20260701-0000,2026-07-01,2026-07-01 21:59:00,SKU-1003,Notebook Set,Stationery,Central,249,3,0.0,747,747.0
ORD-20260701-0001,2026-07-01,2026-07-01 03:27:00,SKU-1008,Backpack,Accessories,West,1499,3,10.0,4497,4047.3
ORD-20260701-0002,2026-07-01,2026-07-01 23:01:00,SKU-1002,Bluetooth Speaker,Electronics,South,1999,1,0.0,1999,1999.0
ORD-20260701-0003,2026-07-01,2026-07-01 05:17:00,SKU-1009,Phone Case,Accessories,North,299,1,15.0,299,254.15
ORD-20260701-0004,2026-07-01,2026-07-01 08:30:00,SKU-1009,Phone Case,Accessories,Central,299,1,0.0,299,299.0
ORD-20260701-0005,2026-07-01,2026-07-01 15:45:00,SKU-1001,Wireless Mouse,Electronics,Central,799,2,15.0,1598,1358.3
ORD-20260701-0006,2026-07-01,2026-07-01 19:57:00,SKU-1003,Notebook Set,Stationery,East,249,2,10.0,498,448.2
ORD-20260701-0007,2026-07-01,2026-07-01 21:11:00,SKU-1004,Office Chair,Furniture,Central,5499,1,15.0,5499,4674.15
ORD-20260701-0008,2026-07-01,2026-07-01 09:39:00,SKU-1005,LED Desk Lamp,Furniture,Unknown,899,1,0.0,899,899.0
ORD-20260701-0009,2026-07-01,2026-07-01 15:25:00,SKU-1008,Backpack,Accessories,North,1499,1,0.0,1499,1499.0
ORD-20260701-0010,2026-07-01,2026-07-01 12:23:00,SKU-1005,LED Desk Lamp,Furniture,South,899,1,0.0,899,899.0
ORD-20260701-0011,2026-07-01,2026-07-01 22:47:00,SKU-1008,Backpack,Accessories,East,1499,1,5.0,1499,1424.05
ORD-20260701-0012,2026-07-01,2026-07-01 04:04:00,SKU-1001,Wireless Mouse,Electronics,West,799,1,15.0,799,679.15
ORD-20260701-0013,2026-07-01,2026-07-01 14:42:00,SKU-1002,Bluetooth Speaker,Electronics,West,1999,1,0.0,1999,1999.0
ORD-20260701-0014,2026-07-01,2026-07-01 06:08:00,SKU-1008,Backpack,Accessories,North,1499,1,15.0,1499,1274.15
ORD-20260701-0015,2026-07-01,2026-07-01 22:08:00,SKU-1007,Water Bottle,Fitness,West,349,1,5.0,349,331.55
ORD-20260701-0016,2026-07-01,2026-07-01 19:54:00,SKU-1005,LED Desk Lamp,Furniture,Unknown,899,1,15.0,899,764.15
ORD-20260701-0017,2026-07-01,2026-07-01 04:39:00,SKU-1002,Bluetooth Speaker,Electronics,East,1999,1,0.0,1999,1999.0
ORD-20260701-0018,2026-07-01,2026-07-01 10:55:00,SKU-1002,Bluetooth Speaker,Electronics,Central,1999,1,5.0,1999,1899.05
ORD-20260701-0019,2026-07-01,2026-07-01 02:42:00,SKU-1009,Phone Case,Accessories,Unknown,299,1,15.0,299,254.15
ORD-20260701-0020,2026-07-01,2026-07-01 16:00:00,SKU-1003,Notebook Set,Stationery,Unknown,249,1,0.0,249,249.0
ORD-20260701-0021,2026-07-01,2026-07-01 17:12:00,SKU-1002,Bluetooth Speaker,Electronics,North,1999,1,0.0,1999,1999.0
ORD-20260701-0022,2026-07-01,2026-07-01 09:41:00,SKU-1009,Phone Case,Accessories,West,299,1,15.0,299,254.15
ORD-20260701-0023,2026-07-01,2026-07-01 11:18:00,SKU-1009,Phone Case,Accessories,Unknown,299,1,5.0,299,284.05
ORD-20260701-0024,2026-07-01,2026-07-01 00:09:00,SKU-1004,Office Chair,Furniture,West,5499,3,5.0,16497,15672.15
ORD-20260701-0025,2026-07-01,2026-07-01 18:41:00,SKU-1008,Backpack,Accessories,North,1499,1,15.0,1499,1274.15
ORD-20260701-0026,2026-07-01,2026-07-01 04:12:00,SKU-1009,Phone Case,Accessories,East,299,1,5.0,299,284.05
ORD-20260701-0027,2026-07-01,2026-07-01 07:34:00,SKU-1002,Bluetooth Speaker,Electronics,Central,1999,3,0.0,5997,5997.0
ORD-20260701-0028,2026-07-01,2026-07-01 00:10:00,SKU-1007,Water Bottle,Fitness,North,349,2,10.0,698,628.2
ORD-20260701-0029,2026-07-01,2026-07-01 08:57:00,SKU-1007,Water Bottle,Fitness,Unknown,349,1,0.0,349,349.0
ORD-20260701-0030,2026-07-01,2026-07-01 05:24:00,SKU-1001,Wireless Mouse,Electronics,East,799,1,0.0,799,799.0
ORD-20260701-0031,2026-07-01,2026-07-01 10:09:00,SKU-1007,Water Bottle,Fitness,Unknown,349,1,15.0,349,296.65
ORD-20260701-0032,2026-07-01,2026-07-01 07:23:00,SKU-1006,Yoga Mat,Fitness,Central,599,1,5.0,599,569.05
ORD-20260701-0033,2026-07-01,2026-07-01 04:27:00,SKU-1005,LED Desk Lamp,Furniture,East,899,1,10.0,899,809.1
ORD-20260701-0034,2026-07-01,2026-07-01 11:12:00,SKU-1008,Backpack,Accessories,South,1499,2,5.0,2998,2848.1
ORD-20260701-0035,2026-07-01,2026-07-01 02:56:00,SKU-1007,Water Bottle,Fitness,North,349,3,0.0,1047,1047.0
ORD-20260701-0036,2026-07-01,2026-07-01 23:35:00,SKU-1004,Office Chair,Furniture,East,5499,1,0.0,5499,5499.0
ORD-20260701-0037,2026-07-01,2026-07-01 07:28:00,SKU-1003,Notebook Set,Stationery,North,249,2,0.0,498,498.0
ORD-20260701-0038,2026-07-01,2026-07-01 10:31:00,SKU-1009,Phone Case,Accessories,South,299,2,0.0,598,598.0
ORD-20260701-0039,2026-07-01,2026-07-01 14:37:00,SKU-1010,USB-C Cable,Electronics,Central,199,2,0.0,398,398.0
ORD-20260701-0040,2026-07-01,2026-07-01 13:58:00,SKU-1003,Notebook Set,Stationery,East,249,1,5.0,249,236.55
ORD-20260701-0041,2026-07-01,2026-07-01 09:52:00,SKU-1005,LED Desk Lamp,Furniture,East,899,2,0.0,1798,1798.0
ORD-20260701-0042,2026-07-01,2026-07-01 14:00:00,SKU-1004,Office Chair,Furniture,South,5499,1,0.0,5499,5499.0
ORD-20260701-0043,2026-07-01,2026-07-01 10:11:00,SKU-1004,Office Chair,Furniture,Unknown,5499,1,15.0,5499,4674.15
ORD-20260701-0044,2026-07-01,2026-07-01 10:21:00,SKU-1010,USB-C Cable,Electronics,East,199,1,0.0,199,199.0
ORD-20260701-0045,2026-07-01,2026-07-01 22:44:00,SKU-1010,USB-C Cable,Electronics,South,199,2,0.0,398,398.0
ORD-20260701-0046,2026-07-01,2026-07-01 00:41:00,SKU-1007,Water Bottle,Fitness,East,349,1,5.0,349,331.55
ORD-20260701-0047,2026-07-01,2026-07-01 19:49:00,SKU-1003,Notebook Set,Stationery,Central,249,1,15.0,249,211.65
ORD-20260701-0048,2026-07-01,2026-07-01 02:13:00,SKU-1001,Wireless Mouse,Electronics,East,799,1,0.0,799,799.0
ORD-20260701-0049,2026-07-01,2026-07-01 10:56:00,SKU-1008,Backpack,Accessories,North,1499,4,0.0,5996,5996.0
ORD-20260701-0050,2026-07-01,2026-07-01 10:15:00,SKU-1008,Backpack,Accessories,Central,1499,1,10.0,1499,1349.1
ORD-20260701-0051,2026-07-01,2026-07-01 22:17:00,SKU-1004,Office Chair,Furniture,North,5499,1,15.0,5499,4674.15
ORD-20260702-0000,2026-07-02,2026-07-02 16:24:00,SKU-1010,USB-C Cable,Electronics,Central,199,1,10.0,199,179.1
ORD-20260702-0001,2026-07-02,2026-07-02 10:14:00,SKU-1002,Bluetooth Speaker,Electronics,Unknown,1999,1,15.0,1999,1699.15
ORD-20260702-0002,2026-07-02,2026-07-02 15:34:00,SKU-1004,Office Chair,Furniture,Unknown,5499,1,5.0,5499,5224.05
ORD-20260702-0003,2026-07-02,2026-07-02 16:17:00,SKU-1003,Notebook Set,Stationery,Unknown,249,1,10.0,249,224.1
ORD-20260702-0004,2026-07-02,2026-07-02 18:50:00,SKU-1005,LED Desk Lamp,Furniture,Unknown,899,1,15.0,899,764.15
ORD-20260702-0005,2026-07-02,2026-07-02 11:00:00,SKU-1003,Notebook Set,Stationery,North,249,1,0.0,249,249.0
ORD-20260702-0006,2026-07-02,2026-07-02 20:50:00,SKU-1006,Yoga Mat,Fitness,Unknown,599,4,0.0,2396,2396.0
ORD-20260702-0007,2026-07-02,2026-07-02 16:59:00,SKU-1004,Office Chair,Furniture,West,5499,1,0.0,5499,5499.0
ORD-20260702-0008,2026-07-02,2026-07-02 04:57:00,SKU-1010,USB-C Cable,Electronics,East,199,2,0.0,398,398.0
ORD-20260702-0009,2026-07-02,2026-07-02 16:32:00,SKU-1008,Backpack,Accessories,South,1499,1,5.0,1499,1424.05
ORD-20260702-0010,2026-07-02,2026-07-02 00:57:00,SKU-1001,Wireless Mouse,Electronics,West,799,2,15.0,1598,1358.3
ORD-20260702-0011,2026-07-02,2026-07-02 05:38:00,SKU-1006,Yoga Mat,Fitness,West,599,1,5.0,599,569.05
ORD-20260702-0012,2026-07-02,2026-07-02 06:39:00,SKU-1005,LED Desk Lamp,Furniture,Central,899,1,0.0,899,899.0
ORD-20260702-0013,2026-07-02,2026-07-02 05:28:00,SKU-1004,Office Chair,Furniture,South,5499,1,15.0,5499,4674.15
ORD-20260702-0014,2026-07-02,2026-07-02 09:52:00,SKU-1007,Water Bottle,Fitness,East,349,3,10.0,1047,942.3
ORD-20260702-0015,2026-07-02,2026-07-02 05:24:00,SKU-1004,Office Chair,Furniture,East,5499,2,10.0,10998,9898.2
ORD-20260702-0016,2026-07-02,2026-07-02 10:01:00,SKU-1005,LED Desk Lamp,Furniture,Central,899,2,5.0,1798,1708.1
ORD-20260702-0017,2026-07-02,2026-07-02 01:21:00,SKU-1002,Bluetooth Speaker,Electronics,South,1999,2,10.0,3998,3598.2
ORD-20260702-0018,2026-07-02,2026-07-02 07:46:00,SKU-1009,Phone Case,Accessories,West,299,4,5.0,1196,1136.2
ORD-20260702-0019,2026-07-02,2026-07-02 20:47:00,SKU-1002,Bluetooth Speaker,Electronics,Unknown,1999,1,10.0,1999,1799.1
ORD-20260702-0020,2026-07-02,2026-07-02 19:37:00,SKU-1001,Wireless Mouse,Electronics,Central,799,1,0.0,799,799.0
ORD-20260702-0021,2026-07-02,2026-07-02 06:11:00,SKU-1009,Phone Case,Accessories,North,299,1,5.0,299,284.05
ORD-20260702-0022,2026-07-02,2026-07-02 13:22:00,SKU-1006,Yoga Mat,Fitness,South,599,1,15.0,599,509.15
ORD-20260702-0023,2026-07-02,2026-07-02 17:46:00,SKU-1007,Water Bottle,Fitness,West,349,1,0.0,349,349.0
ORD-20260702-0024,2026-07-02,2026-07-02 09:26:00,SKU-1004,Office Chair,Furniture,East,5499,1,5.0,5499,5224.05
ORD-20260702-0025,2026-07-02,2026-07-02 00:40:00,SKU-1001,Wireless Mouse,Electronics,East,799,2,0.0,1598,1598.0
ORD-20260702-0026,2026-07-02,2026-07-02 00:20:00,SKU-1006,Yoga Mat,Fitness,South,599,2,0.0,1198,1198.0
ORD-20260702-0027,2026-07-02,2026-07-02 07:17:00,SKU-1009,Phone Case,Accessories,East,299,1,15.0,299,254.15
ORD-20260702-0028,2026-07-02,2026-07-02 14:00:00,SKU-1005,LED Desk Lamp,Furniture,Unknown,899,1,0.0,899,899.0
ORD-20260702-0029,2026-07-02,2026-07-02 20:18:00,SKU-1007,Water Bottle,Fitness,East,349,1,15.0,349,296.65
ORD-20260702-0030,2026-07-02,2026-07-02 15:20:00,SKU-1008,Backpack,Accessories,North,1499,1,0.0,1499,1499.0
ORD-20260702-0031,2026-07-02,2026-07-02 16:30:00,SKU-1008,Backpack,Accessories,North,1499,1,0.0,1499,1499.0
ORD-20260702-0032,2026-07-02,2026-07-02 06:52:00,SKU-1007,Water Bottle,Fitness,Central,349,2,0.0,698,698.0
ORD-20260702-0033,2026-07-02,2026-07-02 16:00:00,SKU-1009,Phone Case,Accessories,Unknown,299,2,5.0,598,568.1
ORD-20260702-0034,2026-07-02,2026-07-02 18:52:00,SKU-1003,Notebook Set,Stationery,Unknown,249,2,0.0,498,498.0
ORD-20260702-0035,2026-07-02,2026-07-02 20:50:00,SKU-1004,Office Chair,Furniture,West,5499,1,0.0,5499,5499.0
ORD-20260702-0036,2026-07-02,2026-07-02 11:22:00,SKU-1009,Phone Case,Accessories,Unknown,299,1,15.0,299,254.15
ORD-20260702-0037,2026-07-02,2026-07-02 07:51:00,SKU-1010,USB-C Cable,Electronics,South,199,1,0.0,199,199.0
ORD-20260702-0038,2026-07-02,2026-07-02 02:35:00,SKU-1010,USB-C Cable,Electronics,East,199,1,0.0,199,199.0
ORD-20260702-0039,2026-07-02,2026-07-02 12:53:00,SKU-1005,LED Desk Lamp,Furniture,North,899,2,0.0,1798,1798.0
ORD-20260702-0040,2026-07-02,2026-07-02 22:35:00,SKU-1010,USB-C Cable,Electronics,South,199,2,0.0,398,398.0
ORD-20260702-0041,2026-07-02,2026-07-02 21:22:00,SKU-1010,USB-C Cable,Electronics,South,199,1,0.0,199,199.0
ORD-20260702-0042,2026-07-02,2026-07-02 18:50:00,SKU-1009,Phone Case,Accessories,South,299,1,0.0,299,299.0
ORD-20260702-0043,2026-07-02,2026-07-02 04:45:00,SKU-1004,Office Chair,Furniture,West,5499,1,10.0,5499,4949.1
ORD-20260702-0044,2026-07-02,2026-07-02 22:43:00,SKU-1003,Notebook Set,Stationery,Central,249,4,5.0,996,946.2
ORD-20260702-0045,2026-07-02,2026-07-02 20:03:00,SKU-1004,Office Chair,Furniture,South,5499,2,0.0,10998,10998.0
ORD-20260702-0046,2026-07-02,2026-07-02 20:35:00,SKU-1009,Phone Case,Accessories,East,299,1,0.0,299,299.0
ORD-20260702-0047,2026-07-02,2026-07-02 17:11:00,SKU-1003,Notebook Set,Stationery,Central,249,1,0.0,249,249.0
ORD-20260702-0048,2026-07-02,2026-07-02 18:15:00,SKU-1005,LED Desk Lamp,Furniture,Central,899,1,5.0,899,854.05
ORD-20260702-0049,2026-07-02,2026-07-02 21:12:00,SKU-1008,Backpack,Accessories,South,1499,1,0.0,1499,1499.0
ORD-20260702-0050,2026-07-02,2026-07-02 14:18:00,SKU-1002,Bluetooth Speaker,Electronics,West,1999,1,0.0,1999,1999.0
ORD-20260702-0051,2026-07-02,2026-07-02 03:03:00,SKU-1009,Phone Case,Accessories,South,299,1,15.0,299,254.15
ORD-20260702-0052,2026-07-02,2026-07-02 03:43:00,SKU-1004,Office Chair,Furniture,East,5499,1,5.0,5499,5224.05
ORD-20260702-0053,2026-07-02,2026-07-02 07:42:00,SKU-1002,Bluetooth Speaker,Electronics,West,1999,1,5.0,1999,1899.05
ORD-20260702-0054,2026-07-02,2026-07-02 12:19:00,SKU-1003,Notebook Set,Stationery,South,249,1,0.0,249,249.0
ORD-20260702-0055,2026-07-02,2026-07-02 06:44:00,SKU-1008,Backpack,Accessories,Unknown,1499,1,0.0,1499,1499.0
ORD-20260702-0056,2026-07-02,2026-07-02 13:14:00,SKU-1005,LED Desk Lamp,Furniture,South,899,1,5.0,899,854.05
ORD-20260702-0057,2026-07-02,2026-07-02 18:46:00,SKU-1004,Office Chair,Furniture,South,5499,3,15.0,16497,14022.45
ORD-20260702-0058,2026-07-02,2026-07-02 17:58:00,SKU-1001,Wireless Mouse,Electronics,North,799,1,10.0,799,719.1
ORD-20260702-0059,2026-07-02,2026-07-02 05:10:00,SKU-1006,Yoga Mat,Fitness,Unknown,599,3,0.0,1797,1797.0
ORD-20260702-0060,2026-07-02,2026-07-02 05:36:00,SKU-1006,Yoga Mat,Fitness,North,599,1,0.0,599,599.0
ORD-20260702-0061,2026-07-02,2026-07-02 13:15:00,SKU-1004,Office Chair,Furniture,East,5499,1,5.0,5499,5224.05
ORD-20260702-0062,2026-07-02,2026-07-02 23:25:00,SKU-1009,Phone Case,Accessories,West,299,1,0.0,299,299.0
ORD-20260702-0063,2026-07-02,2026-07-02 10:31:00,SKU-1004,Office Chair,Furniture,West,5499,4,0.0,21996,21996.0
ORD-20260702-0064,2026-07-02,2026-07-02 06:12:00,SKU-1010,USB-C Cable,Electronics,Unknown,199,1,5.0,199,189.05
ORD-20260702-0065,2026-07-02,2026-07-02 10:03:00,SKU-1010,USB-C Cable,Electronics,West,199,1,0.0,199,199.0
ORD-20260702-0066,2026-07-02,2026-07-02 09:15:00,SKU-1001,Wireless Mouse,Electronics,Unknown,799,2,0.0,1598,1598.0
ORD-20260702-0067,2026-07-02,2026-07-02 10:59:00,SKU-1009,Phone Case,Accessories,North,299,2,0.0,598,598.0
ORD-20260702-0068,2026-07-02,2026-07-02 20:15:00,SKU-1005,LED Desk Lamp,Furniture,West,899,1,5.0,899,854.05
ORD-20260702-0069,2026-07-02,2026-07-02 05:58:00,SKU-1006,Yoga Mat,Fitness,Unknown,599,1,0.0,599,599.0
ORD-20260702-0070,2026-07-02,2026-07-02 11:59:00,SKU-1001,Wireless Mouse,Electronics,Unknown,799,1,0.0,799,799.0
ORD-20260702-0071,2026-07-02,2026-07-02 01:32:00,SKU-1010,USB-C Cable,Electronics,West,199,1,0.0,199,199.0
ORD-20260702-0072,2026-07-02,2026-07-02 10:58:00,SKU-1009,Phone Case,Accessories,East,299,2,0.0,598,598.0
ORD-20260702-0073,2026-07-02,2026-07-02 05:56:00,SKU-1004,Office Chair,Furniture,South,5499,1,0.0,5499,5499.0
ORD-20260702-0074,2026-07-02,2026-07-02 16:09:00,SKU-1010,USB-C Cable,Electronics,North,199,1,10.0,199,179.1
ORD-20260702-0075,2026-07-02,2026-07-02 20:33:00,SKU-1005,LED Desk Lamp,Furniture,West,899,4,5.0,3596,3416.2
ORD-20260702-0076,2026-07-02,2026-07-02 16:31:00,SKU-1003,Notebook Set,Stationery,Unknown,249,4,15.0,996,846.6
ORD-20260702-0077,2026-07-02,2026-07-02 21:41:00,SKU-1007,Water Bottle,Fitness,Central,349,2,0.0,698,698.0
ORD-20260702-0078,2026-07-02,2026-07-02 06:17:00,SKU-1003,Notebook Set,Stationery,East,249,1,5.0,249,236.55
ORD-20260702-0079,2026-07-02,2026-07-02 08:58:00,SKU-1006,Yoga Mat,Fitness,North,599,4,0.0,2396,2396.0
ORD-20260702-0080,2026-07-02,2026-07-02 07:16:00,SKU-1010,USB-C Cable,Electronics,North,199,3,5.0,597,567.15
ORD-20260702-0081,2026-07-02,2026-07-02 19:55:00,SKU-1004,Office Chair,Furniture,North,5499,2,10.0,10998,9898.2
ORD-20260702-0082,2026-07-02,2026-07-02 06:00:00,SKU-1003,Notebook Set,Stationery,Central,249,1,0.0,249,249.0
ORD-20260702-0083,2026-07-02,2026-07-02 23:07:00,SKU-1007,Water Bottle,Fitness,Unknown,349,1,0.0,349,349.0
ORD-20260702-0084,2026-07-02,2026-07-02 20:24:00,SKU-1009,Phone Case,Accessories,South,299,2,15.0,598,508.3
ORD-20260702-0085,2026-07-02,2026-07-02 22:22:00,SKU-1005,LED Desk Lamp,Furniture,Unknown,899,2,5.0,1798,1708.1
ORD-20260702-0086,2026-07-02,2026-07-02 23:23:00,SKU-1002,Bluetooth Speaker,Electronics,Central,1999,3,0.0,5997,5997.0
ORD-20260702-0087,2026-07-02,2026-07-02 14:53:00,SKU-1008,Backpack,Accessories,Central,1499,1,15.0,1499,1274.15
ORD-20260702-0088,2026-07-02,2026-07-02 13:50:00,SKU-1002,Bluetooth Speaker,Electronics,Central,1999,1,0.0,1999,1999.0
ORD-20260702-0089,2026-07-02,2026-07-02 21:14:00,SKU-1007,Water Bottle,Fitness,South,349,2,15.0,698,593.3
ORD-20260702-0090,2026-07-02,2026-07-02 04:40:00,SKU-1009,Phone Case,Accessories,South,299,1,5.0,299,284.05
ORD-20260702-0091,2026-07-02,2026-07-02 07:41:00,SKU-1002,Bluetooth Speaker,Electronics,Unknown,1999,1,15.0,1999,1699.15
ORD-20260702-0092,2026-07-02,2026-07-02 18:30:00,SKU-1001,Wireless Mouse,Electronics,North,799,1,0.0,799,799.0
ORD-20260702-0093,2026-07-02,2026-07-02 11:15:00,SKU-1008,Backpack,Accessories,Central,1499,1,0.0,1499,1499.0
ORD-20260702-0094,2026-07-02,2026-07-02 15:22:00,SKU-1004,Office Chair,Furniture,South,5499,1,15.0,5499,4674.15
ORD-20260702-0095,2026-07-02,2026-07-02 20:05:00,SKU-1001,Wireless Mouse,Electronics,Central,799,4,0.0,3196,3196.0
ORD-20260702-0096,2026-07-02,2026-07-02 06:58:00,SKU-1001,Wireless Mouse,Electronics,West,799,1,15.0,799,679.15
ORD-20260702-0097,2026-07-02,2026-07-02 04:02:00,SKU-1003,Notebook Set,Stationery,Unknown,249,2,5.0,498,473.1
ORD-20260702-0098,2026-07-02,2026-07-02 16:51:00,SKU-1007,Water Bottle,Fitness,South,349,1,0.0,349,349.0
ORD-20260702-0099,2026-07-02,2026-07-02 20:56:00,SKU-1002,Bluetooth Speaker,Electronics,North,1999,1,10.0,1999,1799.1
ORD-20260702-0100,2026-07-02,2026-07-02 13:34:00,SKU-1001,Wireless Mouse,Electronics,Unknown,799,1,0.0,799,799.0
ORD-20260702-0101,2026-07-02,2026-07-02 16:51:00,SKU-1001,Wireless Mouse,Electronics,East,799,3,0.0,2397,2397.0
ORD-20260702-0102,2026-07-02,2026-07-02 11:59:00,SKU-1001,Wireless Mouse,Electronics,East,799,2,0.0,1598,1598.0
ORD-20260702-0103,2026-07-02,2026-07-02 00:09:00,SKU-1006,Yoga Mat,Fitness,Unknown,599,1,0.0,599,599.0
ORD-20260702-0104,2026-07-02,2026-07-02 20:41:00,SKU-1001,Wireless Mouse,Electronics,North,799,1,5.0,799,759.05
ORD-20260702-0105,2026-07-02,2026-07-02 20:36:00,SKU-1010,USB-C Cable,Electronics,South,199,3,5.0,597,567.15
ORD-20260702-0106,2026-07-02,2026-07-02 05:17:00,SKU-1002,Bluetooth Speaker,Electronics,Unknown,1999,1,15.0,1999,1699.15
ORD-20260702-0107,2026-07-02,2026-07-02 22:57:00,SKU-1006,Yoga Mat,Fitness,South,599,1,0.0,599,599.0
ORD-20260702-0108,2026-07-02,2026-07-02 11:24:00,SKU-1004,Office Chair,Furniture,Central,5499,1,5.0,5499,5224.05
ORD-20260702-0109,2026-07-02,2026-07-02 16:23:00,SKU-1006,Yoga Mat,Fitness,Unknown,599,2,0.0,1198,1198.0
ORD-20260702-0110,2026-07-02,2026-07-02 11:48:00,SKU-1004,Office Chair,Furniture,Unknown,5499,1,5.0,5499,5224.05
ORD-20260702-0111,2026-07-02,2026-07-02 16:08:00,SKU-1010,USB-C Cable,Electronics,South,199,4,0.0,796,796.0
ORD-20260702-0112,2026-07-02,2026-07-02 21:33:00,SKU-1001,Wireless Mouse,Electronics,Unknown,799,2,0.0,1598,1598.0
ORD-20260702-0113,2026-07-02,2026-07-02 02:34:00,SKU-1009,Phone Case,Accessories,South,299,3,0.0,897,897.0
ORD-20260702-0114,2026-07-02,2026-07-02 04:24:00,SKU-1005,LED Desk Lamp,Furniture,South,899,1,5.0,899,854.05
ORD-20260702-0115,2026-07-02,2026-07-02 18:02:00,SKU-1007,Water Bottle,Fitness,East,349,1,0.0,349,349.0
ORD-20260703-0000,2026-07-03,2026-07-03 01:41:00,SKU-1003,Notebook Set,Stationery,Unknown,249,4,10.0,996,896.4
ORD-20260703-0001,2026-07-03,2026-07-03 20:55:00,SKU-1003,Notebook Set,Stationery,West,249,1,10.0,249,224.1
ORD-20260703-0002,2026-07-03,2026-07-03 10:52:00,SKU-1009,Phone Case,Accessories,North,299,2,5.0,598,568.1
ORD-20260703-0003,2026-07-03,2026-07-03 11:13:00,SKU-1006,Yoga Mat,Fitness,East,599,1,0.0,599,599.0
ORD-20260703-0004,2026-07-03,2026-07-03 15:59:00,SKU-1004,Office Chair,Furniture,West,5499,1,15.0,5499,4674.15
ORD-20260703-0005,2026-07-03,2026-07-03 06:30:00,SKU-1001,Wireless Mouse,Electronics,West,799,1,0.0,799,799.0
ORD-20260703-0006,2026-07-03,2026-07-03 22:41:00,SKU-1008,Backpack,Accessories,South,1499,1,15.0,1499,1274.15
ORD-20260703-0007,2026-07-03,2026-07-03 06:42:00,SKU-1007,Water Bottle,Fitness,Unknown,349,3,0.0,1047,1047.0
ORD-20260703-0008,2026-07-03,2026-07-03 23:03:00,SKU-1003,Notebook Set,Stationery,North,249,1,0.0,249,249.0
ORD-20260703-0009,2026-07-03,2026-07-03 01:32:00,SKU-1010,USB-C Cable,Electronics,Unknown,199,1,0.0,199,199.0
ORD-20260703-0010,2026-07-03,2026-07-03 12:46:00,SKU-1009,Phone Case,Accessories,South,299,1,0.0,299,299.0
ORD-20260703-0011,2026-07-03,2026-07-03 21:15:00,SKU-1005,LED Desk Lamp,Furniture,South,899,2,0.0,1798,1798.0
ORD-20260703-0012,2026-07-03,2026-07-03 13:03:00,SKU-1003,Notebook Set,Stationery,West,249,1,0.0,249,249.0
ORD-20260703-0013,2026-07-03,2026-07-03 12:23:00,SKU-1008,Backpack,Accessories,Unknown,1499,1,5.0,1499,1424.05
ORD-20260703-0014,2026-07-03,2026-07-03 07:14:00,SKU-1010,USB-C Cable,Electronics,South,199,1,5.0,199,189.05
ORD-20260703-0015,2026-07-03,2026-07-03 11:09:00,SKU-1002,Bluetooth Speaker,Electronics,Unknown,1999,3,0.0,5997,5997.0
ORD-20260703-0016,2026-07-03,2026-07-03 22:44:00,SKU-1004,Office Chair,Furniture,South,5499,1,5.0,5499,5224.05
ORD-20260703-0017,2026-07-03,2026-07-03 22:31:00,SKU-1002,Bluetooth Speaker,Electronics,East,1999,1,0.0,1999,1999.0
ORD-20260703-0018,2026-07-03,2026-07-03 15:07:00,SKU-1010,USB-C Cable,Electronics,South,199,1,0.0,199,199.0
ORD-20260703-0019,2026-07-03,2026-07-03 10:38:00,SKU-1009,Phone Case,Accessories,South,299,3,0.0,897,897.0
ORD-20260703-0020,2026-07-03,2026-07-03 18:52:00,SKU-1009,Phone Case,Accessories,East,299,1,0.0,299,299.0
ORD-20260703-0021,2026-07-03,2026-07-03 14:23:00,SKU-1008,Backpack,Accessories,West,1499,3,0.0,4497,4497.0
ORD-20260703-0022,2026-07-03,2026-07-03 20:46:00,SKU-1008,Backpack,Accessories,South,1499,2,0.0,2998,2998.0
ORD-20260703-0023,2026-07-03,2026-07-03 16:37:00,SKU-1007,Water Bottle,Fitness,West,349,1,15.0,349,296.65
ORD-20260703-0024,2026-07-03,2026-07-03 12:38:00,SKU-1007,Water Bottle,Fitness,East,349,1,10.0,349,314.1
ORD-20260703-0025,2026-07-03,2026-07-03 01:00:00,SKU-1004,Office Chair,Furniture,East,5499,1,0.0,5499,5499.0
ORD-20260703-0026,2026-07-03,2026-07-03 02:57:00,SKU-1002,Bluetooth Speaker,Electronics,East,1999,2,5.0,3998,3798.1
ORD-20260703-0027,2026-07-03,2026-07-03 02:40:00,SKU-1005,LED Desk Lamp,Furniture,South,899,1,0.0,899,899.0
ORD-20260703-0028,2026-07-03,2026-07-03 02:00:00,SKU-1010,USB-C Cable,Electronics,North,199,2,0.0,398,398.0
ORD-20260703-0029,2026-07-03,2026-07-03 06:35:00,SKU-1002,Bluetooth Speaker,Electronics,Unknown,1999,2,0.0,3998,3998.0
ORD-20260703-0030,2026-07-03,2026-07-03 08:00:00,SKU-1001,Wireless Mouse,Electronics,Unknown,799,1,0.0,799,799.0
ORD-20260703-0031,2026-07-03,2026-07-03 08:07:00,SKU-1001,Wireless Mouse,Electronics,Central,799,1,0.0,799,799.0
ORD-20260703-0032,2026-07-03,2026-07-03 06:58:00,SKU-1007,Water Bottle,Fitness,East,349,1,5.0,349,331.55
ORD-20260703-0033,2026-07-03,2026-07-03 00:18:00,SKU-1003,Notebook Set,Stationery,North,249,1,0.0,249,249.0
ORD-20260703-0034,2026-07-03,2026-07-03 04:18:00,SKU-1007,Water Bottle,Fitness,East,349,1,5.0,349,331.55
ORD-20260703-0035,2026-07-03,2026-07-03 21:24:00,SKU-1008,Backpack,Accessories,North,1499,1,5.0,1499,1424.05
ORD-20260703-0036,2026-07-03,2026-07-03 11:57:00,SKU-1003,Notebook Set,Stationery,South,249,1,10.0,249,224.1
ORD-20260703-0037,2026-07-03,2026-07-03 23:58:00,SKU-1003,Notebook Set,Stationery,Central,249,1,0.0,249,249.0
ORD-20260703-0038,2026-07-03,2026-07-03 04:53:00,SKU-1001,Wireless Mouse,Electronics,East,799,2,5.0,1598,1518.1
ORD-20260703-0039,2026-07-03,2026-07-03 00:59:00,SKU-1004,Office Chair,Furniture,North,5499,1,0.0,5499,5499.0
ORD-20260703-0040,2026-07-03,2026-07-03 22:51:00,SKU-1004,Office Chair,Furniture,West,5499,1,5.0,5499,5224.05
ORD-20260703-0041,2026-07-03,2026-07-03 22:04:00,SKU-1003,Notebook Set,Stationery,East,249,1,0.0,249,249.0
ORD-20260703-0042,2026-07-03,2026-07-03 01:57:00,SKU-1005,LED Desk Lamp,Furniture,Central,899,1,0.0,899,899.0
ORD-20260704-0000,2026-07-04,2026-07-04 17:30:00,SKU-1007,Water Bottle,Fitness,Central,349,1,15.0,349,296.65
ORD-20260704-0001,2026-07-04,2026-07-04 01:07:00,SKU-1005,LED Desk Lamp,Furniture,East,899,3,10.0,2697,2427.3
ORD-20260704-0002,2026-07-04,2026-07-04 01:26:00,SKU-1004,Office Chair,Furniture,Unknown,5499,2,0.0,10998,10998.0
ORD-20260704-0003,2026-07-04,2026-07-04 20:37:00,SKU-1001,Wireless Mouse,Electronics,East,799,1,5.0,799,759.05
ORD-20260704-0004,2026-07-04,2026-07-04 20:34:00,SKU-1003,Notebook Set,Stationery,Unknown,249,2,0.0,498,498.0
ORD-20260704-0005,2026-07-04,2026-07-04 10:30:00,SKU-1002,Bluetooth Speaker,Electronics,Central,1999,1,0.0,1999,1999.0
ORD-20260704-0006,2026-07-04,2026-07-04 23:51:00,SKU-1002,Bluetooth Speaker,Electronics,North,1999,4,5.0,7996,7596.2
ORD-20260704-0007,2026-07-04,2026-07-04 01:18:00,SKU-1010,USB-C Cable,Electronics,West,199,1,15.0,199,169.15
ORD-20260704-0008,2026-07-04,2026-07-04 03:50:00,SKU-1005,LED Desk Lamp,Furniture,South,899,1,5.0,899,854.05
ORD-20260704-0009,2026-07-04,2026-07-04 00:20:00,SKU-1006,Yoga Mat,Fitness,Unknown,599,3,0.0,1797,1797.0
ORD-20260704-0010,2026-07-04,2026-07-04 02:10:00,SKU-1001,Wireless Mouse,Electronics,North,799,1,0.0,799,799.0
ORD-20260704-0011,2026-07-04,2026-07-04 14:26:00,SKU-1002,Bluetooth Speaker,Electronics,South,1999,1,0.0,1999,1999.0
ORD-20260704-0012,2026-07-04,2026-07-04 23:30:00,SKU-1001,Wireless Mouse,Electronics,Unknown,799,4,10.0,3196,2876.4
ORD-20260704-0013,2026-07-04,2026-07-04 01:50:00,SKU-1008,Backpack,Accessories,South,1499,1,10.0,1499,1349.1
ORD-20260704-0014,2026-07-04,2026-07-04 05:42:00,SKU-1008,Backpack,Accessories,South,1499,1,5.0,1499,1424.05
ORD-20260704-0015,2026-07-04,2026-07-04 05:54:00,SKU-1010,USB-C Cable,Electronics,Unknown,199,1,0.0,199,199.0
ORD-20260704-0016,2026-07-04,2026-07-04 23:43:00,SKU-1007,Water Bottle,Fitness,Unknown,349,2,0.0,698,698.0
ORD-20260704-0017,2026-07-04,2026-07-04 03:09:00,SKU-1003,Notebook Set,Stationery,West,249,2,0.0,498,498.0
ORD-20260704-0018,2026-07-04,2026-07-04 21:26:00,SKU-1009,Phone Case,Accessories,Central,299,2,0.0,598,598.0
ORD-20260704-0019,2026-07-04,2026-07-04 02:58:00,SKU-1002,Bluetooth Speaker,Electronics,West,1999,1,0.0,1999,1999.0
ORD-20260704-0020,2026-07-04,2026-07-04 21:55:00,SKU-1003,Notebook Set,Stationery,East,249,1,0.0,249,249.0
ORD-20260704-0021,2026-07-04,2026-07-04 14:59:00,SKU-1001,Wireless Mouse,Electronics,Unknown,799,2,0.0,1598,1598.0
ORD-20260704-0022,2026-07-04,2026-07-04 04:21:00,SKU-1008,Backpack,Accessories,East,1499,2,10.0,2998,2698.2
ORD-20260704-0023,2026-07-04,2026-07-04 09:58:00,SKU-1008,Backpack,Accessories,West,1499,1,0.0,1499,1499.0
ORD-20260704-0024,2026-07-04,2026-07-04 15:23:00,SKU-1002,Bluetooth Speaker,Electronics,Central,1999,1,0.0,1999,1999.0
ORD-20260704-0025,2026-07-04,2026-07-04 10:10:00,SKU-1004,Office Chair,Furniture,West,5499,1,0.0,5499,5499.0
ORD-20260704-0026,2026-07-04,2026-07-04 05:58:00,SKU-1002,Bluetooth Speaker,Electronics,East,1999,1,0.0,1999,1999.0
ORD-20260704-0027,2026-07-04,2026-07-04 13:57:00,SKU-1007,Water Bottle,Fitness,North,349,2,5.0,698,663.1
ORD-20260704-0028,2026-07-04,2026-07-04 21:21:00,SKU-1007,Water Bottle,Fitness,Unknown,349,2,0.0,698,698.0
ORD-20260704-0029,2026-07-04,2026-07-04 20:15:00,SKU-1005,LED Desk Lamp,Furniture,Central,899,1,0.0,899,899.0
ORD-20260704-0030,2026-07-04,2026-07-04 02:06:00,SKU-1002,Bluetooth Speaker,Electronics,Central,1999,1,5.0,1999,1899.05
ORD-20260704-0031,2026-07-04,2026-07-04 14:50:00,SKU-1008,Backpack,Accessories,West,1499,2,0.0,2998,2998.0
ORD-20260704-0032,2026-07-04,2026-07-04 10:07:00,SKU-1003,Notebook Set,Stationery,South,249,1,10.0,249,224.1
ORD-20260704-0033,2026-07-04,2026-07-04 03:00:00,SKU-1008,Backpack,Accessories,East,1499,1,15.0,1499,1274.15
ORD-20260704-0034,2026-07-04,2026-07-04 20:12:00,SKU-1010,USB-C Cable,Electronics,East,199,1,0.0,199,199.0
ORD-20260704-0035,2026-07-04,2026-07-04 12:47:00,SKU-1005,LED Desk Lamp,Furniture,Central,899,3,0.0,2697,2697.0
ORD-20260704-0036,2026-07-04,2026-07-04 04:47:00,SKU-1004,Office Chair,Furniture,South,5499,2,0.0,10998,10998.0
ORD-20260704-0037,2026-07-04,2026-07-04 04:30:00,SKU-1001,Wireless Mouse,Electronics,East,799,3,0.0,2397,2397.0
ORD-20260704-0038,2026-07-04,2026-07-04 15:26:00,SKU-1003,Notebook Set,Stationery,West,249,2,15.0,498,423.3
ORD-20260704-0039,2026-07-04,2026-07-04 22:07:00,SKU-1010,USB-C Cable,Electronics,Central,199,3,0.0,597,597.0
ORD-20260704-0040,2026-07-04,2026-07-04 05:37:00,SKU-1008,Backpack,Accessories,East,1499,1,10.0,1499,1349.1
ORD-20260704-0041,2026-07-04,2026-07-04 19:32:00,SKU-1001,Wireless Mouse,Electronics,Central,799,1,10.0,799,719.1
ORD-20260704-0042,2026-07-04,2026-07-04 15:52:00,SKU-1009,Phone Case,Accessories,West,299,2,10.0,598,538.2
ORD-20260704-0043,2026-07-04,2026-07-04 17:52:00,SKU-1010,USB-C Cable,Electronics,Central,199,2,0.0,398,398.0
ORD-20260704-0044,2026-07-04,2026-07-04 21:32:00,SKU-1001,Wireless Mouse,Electronics,Central,799,1,0.0,799,799.0
ORD-20260704-0045,2026-07-04,2026-07-04 09:23:00,SKU-1007,Water Bottle,Fitness,Central,349,1,10.0,349,314.1
ORD-20260704-0046,2026-07-04,2026-07-04 21:05:00,SKU-1001,Wireless Mouse,Electronics,East,799,2,5.0,1598,1518.1
ORD-20260704-0047,2026-07-04,2026-07-04 11:23:00,SKU-1001,Wireless Mouse,Electronics,South,799,1,0.0,799,799.0
ORD-20260704-0048,2026-07-04,2026-07-04 20:25:00,SKU-1003,Notebook Set,Stationery,East,249,2,0.0,498,498.0
ORD-20260704-0049,2026-07-04,2026-07-04 04:36:00,SKU-1006,Yoga Mat,Fitness,Unknown,599,3,5.0,1797,1707.15
ORD-20260704-0050,2026-07-04,2026-07-04 02:29:00,SKU-1001,Wireless Mouse,Electronics,South,799,3,0.0,2397,2397.0
ORD-20260704-0051,2026-07-04,2026-07-04 12:41:00,SKU-1002,Bluetooth Speaker,Electronics,West,1999,1,0.0,1999,1999.0
ORD-20260704-0052,2026-07-04,2026-07-04 13:31:00,SKU-1007,Water Bottle,Fitness,Central,349,3,5.0,1047,994.65
ORD-20260704-0053,2026-07-04,2026-07-04 00:42:00,SKU-1004,Office Chair,Furniture,West,5499,2,5.0,10998,10448.1
ORD-20260704-0054,2026-07-04,2026-07-04 23:37:00,SKU-1009,Phone Case,Accessories,Central,299,1,15.0,299,254.15
ORD-20260704-0055,2026-07-04,2026-07-04 18:57:00,SKU-1001,Wireless Mouse,Electronics,North,799,3,0.0,2397,2397.0
ORD-20260704-0056,2026-07-04,2026-07-04 02:43:00,SKU-1004,Office Chair,Furniture,East,5499,1,0.0,5499,5499.0
ORD-20260704-0057,2026-07-04,2026-07-04 06:31:00,SKU-1005,LED Desk Lamp,Furniture,Central,899,1,0.0,899,899.0
ORD-20260704-0058,2026-07-04,2026-07-04 11:56:00,SKU-1010,USB-C Cable,Electronics,Central,199,1,0.0,199,199.0
ORD-20260704-0059,2026-07-04,2026-07-04 22:01:00,SKU-1004,Office Chair,Furniture,Unknown,5499,2,15.0,10998,9348.3
ORD-20260704-0060,2026-07-04,2026-07-04 12:07:00,SKU-1004,Office Chair,Furniture,South,5499,1,10.0,5499,4949.1
ORD-20260704-0061,2026-07-04,2026-07-04 05:10:00,SKU-1008,Backpack,Accessories,South,1499,1,0.0,1499,1499.0
ORD-20260704-0062,2026-07-04,2026-07-04 12:48:00,SKU-1001,Wireless Mouse,Electronics,Central,799,1,0.0,799,799.0
ORD-20260704-0063,2026-07-04,2026-07-04 07:45:00,SKU-1004,Office Chair,Furniture,Unknown,5499,3,0.0,16497,16497.0
ORD-20260704-0064,2026-07-04,2026-07-04 13:12:00,SKU-1007,Water Bottle,Fitness,Central,349,1,5.0,349,331.55
ORD-20260704-0065,2026-07-04,2026-07-04 13:43:00,SKU-1003,Notebook Set,Stationery,North,249,1,5.0,249,236.55
ORD-20260704-0066,2026-07-04,2026-07-04 09:47:00,SKU-1004,Office Chair,Furniture,Central,5499,1,10.0,5499,4949.1
ORD-20260704-0067,2026-07-04,2026-07-04 09:48:00,SKU-1009,Phone Case,Accessories,West,299,1,0.0,299,299.0
ORD-20260704-0068,2026-07-04,2026-07-04 03:57:00,SKU-1009,Phone Case,Accessories,East,299,3,0.0,897,897.0
ORD-20260704-0069,2026-07-04,2026-07-04 01:04:00,SKU-1001,Wireless Mouse,Electronics,West,799,1,15.0,799,679.15
ORD-20260704-0070,2026-07-04,2026-07-04 00:10:00,SKU-1001,Wireless Mouse,Electronics,West,799,1,5.0,799,759.05
ORD-20260704-0071,2026-07-04,2026-07-04 06:33:00,SKU-1004,Office Chair,Furniture,East,5499,2,5.0,10998,10448.1
ORD-20260704-0072,2026-07-04,2026-07-04 06:05:00,SKU-1009,Phone Case,Accessories,Central,299,3,10.0,897,807.3
ORD-20260704-0073,2026-07-04,2026-07-04 17:28:00,SKU-1001,Wireless Mouse,Electronics,South,799,1,0.0,799,799.0
ORD-20260704-0074,2026-07-04,2026-07-04 03:38:00,SKU-1006,Yoga Mat,Fitness,Central,599,1,10.0,599,539.1
ORD-20260704-0075,2026-07-04,2026-07-04 07:26:00,SKU-1005,LED Desk Lamp,Furniture,East,899,1,10.0,899,809.1
ORD-20260704-0076,2026-07-04,2026-07-04 06:09:00,SKU-1006,Yoga Mat,Fitness,South,599,3,0.0,1797,1797.0
ORD-20260704-0077,2026-07-04,2026-07-04 04:19:00,SKU-1004,Office Chair,Furniture,Central,5499,1,5.0,5499,5224.05
ORD-20260704-0078,2026-07-04,2026-07-04 03:16:00,SKU-1009,Phone Case,Accessories,West,299,1,10.0,299,269.1
ORD-20260704-0079,2026-07-04,2026-07-04 09:14:00,SKU-1001,Wireless Mouse,Electronics,Unknown,799,1,15.0,799,679.15
ORD-20260704-0080,2026-07-04,2026-07-04 21:48:00,SKU-1001,Wireless Mouse,Electronics,Central,799,2,0.0,1598,1598.0
ORD-20260704-0081,2026-07-04,2026-07-04 16:11:00,SKU-1004,Office Chair,Furniture,Unknown,5499,1,0.0,5499,5499.0
ORD-20260704-0082,2026-07-04,2026-07-04 07:45:00,SKU-1004,Office Chair,Furniture,South,5499,1,0.0,5499,5499.0
ORD-20260704-0083,2026-07-04,2026-07-04 22:11:00,SKU-1008,Backpack,Accessories,West,1499,2,0.0,2998,2998.0
ORD-20260704-0084,2026-07-04,2026-07-04 08:03:00,SKU-1009,Phone Case,Accessories,Unknown,299,3,5.0,897,852.15
ORD-20260704-0085,2026-07-04,2026-07-04 16:14:00,SKU-1008,Backpack,Accessories,Unknown,1499,1,5.0,1499,1424.05
ORD-20260704-0086,2026-07-04,2026-07-04 05:38:00,SKU-1002,Bluetooth Speaker,Electronics,East,1999,1,0.0,1999,1999.0
ORD-20260704-0087,2026-07-04,2026-07-04 17:14:00,SKU-1002,Bluetooth Speaker,Electronics,East,1999,3,5.0,5997,5697.15
ORD-20260704-0088,2026-07-04,2026-07-04 14:14:00,SKU-1003,Notebook Set,Stationery,North,249,3,0.0,747,747.0
ORD-20260704-0089,2026-07-04,2026-07-04 19:27:00,SKU-1003,Notebook Set,Stationery,Unknown,249,4,0.0,996,996.0
ORD-20260704-0090,2026-07-04,2026-07-04 15:46:00,SKU-1006,Yoga Mat,Fitness,Central,599,2,0.0,1198,1198.0
ORD-20260704-0091,2026-07-04,2026-07-04 11:06:00,SKU-1001,Wireless Mouse,Electronics,Unknown,799,1,10.0,799,719.1
ORD-20260704-0092,2026-07-04,2026-07-04 18:10:00,SKU-1002,Bluetooth Speaker,Electronics,Central,1999,1,0.0,1999,1999.0
ORD-20260704-0093,2026-07-04,2026-07-04 21:32:00,SKU-1006,Yoga Mat,Fitness,South,599,4,10.0,2396,2156.4
ORD-20260704-0094,2026-07-04,2026-07-04 20:34:00,SKU-1004,Office Chair,Furniture,North,5499,1,10.0,5499,4949.1
ORD-20260704-0095,2026-07-04,2026-07-04 23:51:00,SKU-1001,Wireless Mouse,Electronics,South,799,1,15.0,799,679.15
ORD-20260704-0096,2026-07-04,2026-07-04 12:06:00,SKU-1005,LED Desk Lamp,Furniture,North,899,1,10.0,899,809.1
ORD-20260704-0097,2026-07-04,2026-07-04 07:44:00,SKU-1006,Yoga Mat,Fitness,Unknown,599,2,0.0,1198,1198.0
ORD-20260704-0098,2026-07-04,2026-07-04 19:27:00,SKU-1010,USB-C Cable,Electronics,North,199,1,0.0,199,199.0
ORD-20260704-0099,2026-07-04,2026-07-04 23:24:00,SKU-1008,Backpack,Accessories,South,1499,1,0.0,1499,1499.0
ORD-20260704-0100,2026-07-04,2026-07-04 04:38:00,SKU-1010,USB-C Cable,Electronics,South,199,2,0.0,398,398.0
ORD-20260704-0101,2026-07-04,2026-07-04 14:08:00,SKU-1007,Water Bottle,Fitness,North,349,1,15.0,349,296.65
ORD-20260704-0102,2026-07-04,2026-07-04 02:52:00,SKU-1003,Notebook Set,Stationery,East,249,1,0.0,249,249.0
ORD-20260704-0103,2026-07-04,2026-07-04 14:32:00,SKU-1006,Yoga Mat,Fitness,North,599,2,5.0,1198,1138.1
ORD-20260704-0104,2026-07-04,2026-07-04 12:07:00,SKU-1007,Water Bottle,Fitness,East,349,1,15.0,349,296.65
ORD-20260704-0105,2026-07-04,2026-07-04 10:05:00,SKU-1007,Water Bottle,Fitness,South,349,1,0.0,349,349.0
ORD-20260704-0106,2026-07-04,2026-07-04 01:16:00,SKU-1003,Notebook Set,Stationery,West,249,1,0.0,249,249.0
ORD-20260704-0107,2026-07-04,2026-07-04 19:46:00,SKU-1007,Water Bottle,Fitness,Central,349,2,10.0,698,628.2
ORD-20260704-0108,2026-07-04,2026-07-04 05:22:00,SKU-1001,Wireless Mouse,Electronics,Unknown,799,1,0.0,799,799.0
ORD-20260705-0000,2026-07-05,2026-07-05 21:07:00,SKU-1001,Wireless Mouse,Electronics,Unknown,799,1,5.0,799,759.05
ORD-20260705-0001,2026-07-05,2026-07-05 22:03:00,SKU-1002,Bluetooth Speaker,Electronics,Central,1999,2,0.0,3998,3998.0
ORD-20260705-0002,2026-07-05,2026-07-05 16:58:00,SKU-1001,Wireless Mouse,Electronics,North,799,1,0.0,799,799.0
ORD-20260705-0003,2026-07-05,2026-07-05 14:12:00,SKU-1004,Office Chair,Furniture,East,5499,4,0.0,21996,21996.0
ORD-20260705-0004,2026-07-05,2026-07-05 02:17:00,SKU-1001,Wireless Mouse,Electronics,South,799,2,0.0,1598,1598.0
ORD-20260705-0005,2026-07-05,2026-07-05 07:34:00,SKU-1002,Bluetooth Speaker,Electronics,West,1999,2,0.0,3998,3998.0
ORD-20260705-0006,2026-07-05,2026-07-05 06:54:00,SKU-1006,Yoga Mat,Fitness,Unknown,599,1,15.0,599,509.15
ORD-20260705-0007,2026-07-05,2026-07-05 18:09:00,SKU-1004,Office Chair,Furniture,South,5499,4,15.0,21996,18696.6
ORD-20260705-0008,2026-07-05,2026-07-05 09:09:00,SKU-1009,Phone Case,Accessories,East,299,1,0.0,299,299.0
ORD-20260705-0009,2026-07-05,2026-07-05 21:46:00,SKU-1006,Yoga Mat,Fitness,Central,599,1,15.0,599,509.15
ORD-20260705-0010,2026-07-05,2026-07-05 03:55:00,SKU-1001,Wireless Mouse,Electronics,East,799,1,0.0,799,799.0
ORD-20260705-0011,2026-07-05,2026-07-05 00:04:00,SKU-1001,Wireless Mouse,Electronics,West,799,2,10.0,1598,1438.2
ORD-20260705-0012,2026-07-05,2026-07-05 00:40:00,SKU-1001,Wireless Mouse,Electronics,South,799,2,0.0,1598,1598.0
ORD-20260705-0013,2026-07-05,2026-07-05 08:48:00,SKU-1003,Notebook Set,Stationery,North,249,1,5.0,249,236.55
ORD-20260705-0014,2026-07-05,2026-07-05 06:18:00,SKU-1005,LED Desk Lamp,Furniture,West,899,2,5.0,1798,1708.1
ORD-20260705-0015,2026-07-05,2026-07-05 18:42:00,SKU-1009,Phone Case,Accessories,South,299,1,0.0,299,299.0
ORD-20260705-0016,2026-07-05,2026-07-05 08:51:00,SKU-1010,USB-C Cable,Electronics,South,199,2,0.0,398,398.0
ORD-20260705-0017,2026-07-05,2026-07-05 20:07:00,SKU-1008,Backpack,Accessories,East,1499,2,0.0,2998,2998.0
ORD-20260705-0018,2026-07-05,2026-07-05 22:55:00,SKU-1004,Office Chair,Furniture,Unknown,5499,1,5.0,5499,5224.05
ORD-20260705-0019,2026-07-05,2026-07-05 04:14:00,SKU-1009,Phone Case,Accessories,East,299,2,5.0,598,568.1
ORD-20260705-0020,2026-07-05,2026-07-05 06:17:00,SKU-1004,Office Chair,Furniture,North,5499,1,10.0,5499,4949.1
ORD-20260705-0021,2026-07-05,2026-07-05 11:16:00,SKU-1005,LED Desk Lamp,Furniture,Central,899,1,5.0,899,854.05
ORD-20260705-0022,2026-07-05,2026-07-05 20:26:00,SKU-1005,LED Desk Lamp,Furniture,Unknown,899,1,0.0,899,899.0
ORD-20260705-0023,2026-07-05,2026-07-05 10:34:00,SKU-1010,USB-C Cable,Electronics,West,199,3,10.0,597,537.3
ORD-20260705-0024,2026-07-05,2026-07-05 09:44:00,SKU-1002,Bluetooth Speaker,Electronics,Unknown,1999,1,0.0,1999,1999.0
ORD-20260705-0025,2026-07-05,2026-07-05 09:18:00,SKU-1004,Office Chair,Furniture,East,5499,2,10.0,10998,9898.2
ORD-20260705-0026,2026-07-05,2026-07-05 18:48:00,SKU-1009,Phone Case,Accessories,North,299,2,15.0,598,508.3
ORD-20260705-0027,2026-07-05,2026-07-05 03:47:00,SKU-1002,Bluetooth Speaker,Electronics,Unknown,1999,4,0.0,7996,7996.0
ORD-20260705-0028,2026-07-05,2026-07-05 10:01:00,SKU-1005,LED Desk Lamp,Furniture,North,899,1,0.0,899,899.0
ORD-20260705-0029,2026-07-05,2026-07-05 23:54:00,SKU-1010,USB-C Cable,Electronics,West,199,1,5.0,199,189.05
ORD-20260705-0030,2026-07-05,2026-07-05 23:18:00,SKU-1004,Office Chair,Furniture,East,5499,1,10.0,5499,4949.1
ORD-20260705-0031,2026-07-05,2026-07-05 15:26:00,SKU-1005,LED Desk Lamp,Furniture,Central,899,2,5.0,1798,1708.1
ORD-20260705-0032,2026-07-05,2026-07-05 12:01:00,SKU-1006,Yoga Mat,Fitness,Central,599,1,15.0,599,509.15
ORD-20260705-0033,2026-07-05,2026-07-05 10:55:00,SKU-1010,USB-C Cable,Electronics,West,199,1,0.0,199,199.0
ORD-20260705-0034,2026-07-05,2026-07-05 11:25:00,SKU-1006,Yoga Mat,Fitness,Central,599,3,15.0,1797,1527.45
ORD-20260705-0035,2026-07-05,2026-07-05 03:08:00,SKU-1004,Office Chair,Furniture,Central,5499,2,10.0,10998,9898.2
ORD-20260705-0036,2026-07-05,2026-07-05 17:31:00,SKU-1002,Bluetooth Speaker,Electronics,Unknown,1999,1,10.0,1999,1799.1
ORD-20260705-0037,2026-07-05,2026-07-05 10:47:00,SKU-1004,Office Chair,Furniture,Central,5499,1,5.0,5499,5224.05
ORD-20260705-0038,2026-07-05,2026-07-05 04:25:00,SKU-1007,Water Bottle,Fitness,Unknown,349,1,0.0,349,349.0
ORD-20260705-0039,2026-07-05,2026-07-05 06:32:00,SKU-1009,Phone Case,Accessories,Central,299,1,10.0,299,269.1
ORD-20260705-0040,2026-07-05,2026-07-05 01:33:00,SKU-1009,Phone Case,Accessories,East,299,1,15.0,299,254.15
ORD-20260705-0041,2026-07-05,2026-07-05 22:31:00,SKU-1008,Backpack,Accessories,Unknown,1499,1,15.0,1499,1274.15
ORD-20260705-0042,2026-07-05,2026-07-05 21:47:00,SKU-1001,Wireless Mouse,Electronics,Unknown,799,1,0.0,799,799.0
ORD-20260705-0043,2026-07-05,2026-07-05 13:07:00,SKU-1009,Phone Case,Accessories,Unknown,299,2,0.0,598,598.0
ORD-20260705-0044,2026-07-05,2026-07-05 01:50:00,SKU-1001,Wireless Mouse,Electronics,East,799,1,0.0,799,799.0
ORD-20260705-0045,2026-07-05,2026-07-05 01:34:00,SKU-1009,Phone Case,Accessories,East,299,1,0.0,299,299.0
ORD-20260705-0046,2026-07-05,2026-07-05 07:49:00,SKU-1010,USB-C Cable,Electronics,Central,199,3,0.0,597,597.0
ORD-20260705-0047,2026-07-05,2026-07-05 10:03:00,SKU-1001,Wireless Mouse,Electronics,Unknown,799,3,0.0,2397,2397.0
ORD-20260705-0048,2026-07-05,2026-07-05 23:33:00,SKU-1005,LED Desk Lamp,Furniture,West,899,1,0.0,899,899.0
ORD-20260705-0049,2026-07-05,2026-07-05 05:06:00,SKU-1001,Wireless Mouse,Electronics,West,799,2,0.0,1598,1598.0
ORD-20260705-0050,2026-07-05,2026-07-05 14:58:00,SKU-1001,Wireless Mouse,Electronics,West,799,1,0.0,799,799.0
ORD-20260705-0051,2026-07-05,2026-07-05 15:50:00,SKU-1010,USB-C Cable,Electronics,Central,199,1,0.0,199,199.0
ORD-20260706-0000,2026-07-06,2026-07-06 21:29:00,SKU-1008,Backpack,Accessories,West,1499,1,15.0,1499,1274.15
ORD-20260706-0001,2026-07-06,2026-07-06 00:09:00,SKU-1010,USB-C Cable,Electronics,West,199,1,0.0,199,199.0
ORD-20260706-0002,2026-07-06,2026-07-06 03:46:00,SKU-1009,Phone Case,Accessories,Unknown,299,1,0.0,299,299.0
ORD-20260706-0003,2026-07-06,2026-07-06 04:52:00,SKU-1001,Wireless Mouse,Electronics,Unknown,799,1,0.0,799,799.0
ORD-20260706-0004,2026-07-06,2026-07-06 20:13:00,SKU-1003,Notebook Set,Stationery,North,249,2,0.0,498,498.0
ORD-20260706-0005,2026-07-06,2026-07-06 10:40:00,SKU-1005,LED Desk Lamp,Furniture,South,899,1,0.0,899,899.0
ORD-20260706-0006,2026-07-06,2026-07-06 21:38:00,SKU-1003,Notebook Set,Stationery,South,249,1,0.0,249,249.0
ORD-20260706-0007,2026-07-06,2026-07-06 23:35:00,SKU-1005,LED Desk Lamp,Furniture,South,899,4,0.0,3596,3596.0
ORD-20260706-0008,2026-07-06,2026-07-06 13:45:00,SKU-1003,Notebook Set,Stationery,East,249,1,0.0,249,249.0
ORD-20260706-0009,2026-07-06,2026-07-06 18:52:00,SKU-1003,Notebook Set,Stationery,North,249,3,5.0,747,709.65
ORD-20260706-0010,2026-07-06,2026-07-06 00:02:00,SKU-1009,Phone Case,Accessories,Central,299,1,0.0,299,299.0
ORD-20260706-0011,2026-07-06,2026-07-06 09:25:00,SKU-1001,Wireless Mouse,Electronics,Unknown,799,2,0.0,1598,1598.0
ORD-20260706-0012,2026-07-06,2026-07-06 08:43:00,SKU-1004,Office Chair,Furniture,East,5499,1,10.0,5499,4949.1
ORD-20260706-0013,2026-07-06,2026-07-06 09:32:00,SKU-1007,Water Bottle,Fitness,West,349,1,15.0,349,296.65
ORD-20260706-0014,2026-07-06,2026-07-06 06:44:00,SKU-1001,Wireless Mouse,Electronics,Central,799,1,0.0,799,799.0
ORD-20260706-0015,2026-07-06,2026-07-06 15:38:00,SKU-1008,Backpack,Accessories,East,1499,2,0.0,2998,2998.0
ORD-20260706-0016,2026-07-06,2026-07-06 08:29:00,SKU-1005,LED Desk Lamp,Furniture,South,899,2,0.0,1798,1798.0
ORD-20260706-0017,2026-07-06,2026-07-06 06:15:00,SKU-1002,Bluetooth Speaker,Electronics,East,1999,3,0.0,5997,5997.0
ORD-20260706-0018,2026-07-06,2026-07-06 02:51:00,SKU-1010,USB-C Cable,Electronics,Central,199,1,15.0,199,169.15
ORD-20260706-0019,2026-07-06,2026-07-06 12:05:00,SKU-1003,Notebook Set,Stationery,North,249,1,15.0,249,211.65
ORD-20260706-0020,2026-07-06,2026-07-06 06:03:00,SKU-1005,LED Desk Lamp,Furniture,North,899,1,10.0,899,809.1
ORD-20260706-0021,2026-07-06,2026-07-06 04:28:00,SKU-1009,Phone Case,Accessories,Central,299,3,15.0,897,762.45
ORD-20260706-0022,2026-07-06,2026-07-06 02:09:00,SKU-1006,Yoga Mat,Fitness,North,599,2,5.0,1198,1138.1
ORD-20260706-0023,2026-07-06,2026-07-06 16:44:00,SKU-1005,LED Desk Lamp,Furniture,South,899,1,5.0,899,854.05
ORD-20260706-0024,2026-07-06,2026-07-06 08:11:00,SKU-1007,Water Bottle,Fitness,Unknown,349,1,0.0,349,349.0
ORD-20260706-0025,2026-07-06,2026-07-06 16:47:00,SKU-1002,Bluetooth Speaker,Electronics,South,1999,2,15.0,3998,3398.3
ORD-20260706-0026,2026-07-06,2026-07-06 11:38:00,SKU-1007,Water Bottle,Fitness,East,349,2,0.0,698,698.0
ORD-20260706-0027,2026-07-06,2026-07-06 07:54:00,SKU-1004,Office Chair,Furniture,East,5499,1,5.0,5499,5224.05
ORD-20260706-0028,2026-07-06,2026-07-06 07:05:00,SKU-1007,Water Bottle,Fitness,West,349,4,0.0,1396,1396.0
ORD-20260706-0029,2026-07-06,2026-07-06 19:35:00,SKU-1009,Phone Case,Accessories,Central,299,1,10.0,299,269.1
ORD-20260706-0030,2026-07-06,2026-07-06 23:06:00,SKU-1006,Yoga Mat,Fitness,Unknown,599,1,15.0,599,509.15
ORD-20260706-0031,2026-07-06,2026-07-06 09:14:00,SKU-1004,Office Chair,Furniture,Central,5499,2,0.0,10998,10998.0
ORD-20260706-0032,2026-07-06,2026-07-06 08:38:00,SKU-1008,Backpack,Accessories,Unknown,1499,1,0.0,1499,1499.0
ORD-20260706-0033,2026-07-06,2026-07-06 10:29:00,SKU-1001,Wireless Mouse,Electronics,Unknown,799,1,0.0,799,799.0
ORD-20260706-0034,2026-07-06,2026-07-06 18:33:00,SKU-1007,Water Bottle,Fitness,South,349,1,5.0,349,331.55
ORD-20260706-0035,2026-07-06,2026-07-06 23:01:00,SKU-1007,Water Bottle,Fitness,South,349,1,5.0,349,331.55
ORD-20260706-0036,2026-07-06,2026-07-06 18:25:00,SKU-1003,Notebook Set,Stationery,Unknown,249,4,0.0,996,996.0
ORD-20260706-0037,2026-07-06,2026-07-06 22:17:00,SKU-1008,Backpack,Accessories,Central,1499,2,0.0,2998,2998.0
ORD-20260706-0038,2026-07-06,2026-07-06 20:19:00,SKU-1010,USB-C Cable,Electronics,West,199,2,10.0,398,358.2
ORD-20260706-0039,2026-07-06,2026-07-06 06:05:00,SKU-1008,Backpack,Accessories,North,1499,1,10.0,1499,1349.1
ORD-20260706-0040,2026-07-06,2026-07-06 15:13:00,SKU-1008,Backpack,Accessories,East,1499,1,0.0,1499,1499.0
ORD-20260706-0041,2026-07-06,2026-07-06 05:33:00,SKU-1007,Water Bottle,Fitness,East,349,1,0.0,349,349.0
ORD-20260706-0042,2026-07-06,2026-07-06 23:57:00,SKU-1003,Notebook Set,Stationery,East,249,1,0.0,249,249.0
ORD-20260706-0043,2026-07-06,2026-07-06 07:54:00,SKU-1010,USB-C Cable,Electronics,Unknown,199,4,0.0,796,796.0
ORD-20260706-0044,2026-07-06,2026-07-06 19:46:00,SKU-1005,LED Desk Lamp,Furniture,East,899,1,15.0,899,764.15
ORD-20260706-0045,2026-07-06,2026-07-06 17:47:00,SKU-1004,Office Chair,Furniture,Central,5499,1,0.0,5499,5499.0
ORD-20260706-0046,2026-07-06,2026-07-06 16:33:00,SKU-1007,Water Bottle,Fitness,West,349,1,15.0,349,296.65
ORD-20260706-0047,2026-07-06,2026-07-06 12:47:00,SKU-1009,Phone Case,Accessories,East,299,1,0.0,299,299.0
ORD-20260706-0048,2026-07-06,2026-07-06 11:25:00,SKU-1001,Wireless Mouse,Electronics,Central,799,1,15.0,799,679.15
ORD-20260706-0049,2026-07-06,2026-07-06 09:34:00,SKU-1010,USB-C Cable,Electronics,Central,199,4,0.0,796,796.0
ORD-20260706-0050,2026-07-06,2026-07-06 08:51:00,SKU-1008,Backpack,Accessories,Central,1499,1,0.0,1499,1499.0
ORD-20260706-0051,2026-07-06,2026-07-06 08:09:00,SKU-1002,Bluetooth Speaker,Electronics,North,1999,1,0.0,1999,1999.0
ORD-20260706-0052,2026-07-06,2026-07-06 16:16:00,SKU-1010,USB-C Cable,Electronics,Unknown,199,1,15.0,199,169.15
ORD-20260706-0053,2026-07-06,2026-07-06 11:44:00,SKU-1002,Bluetooth Speaker,Electronics,North,1999,1,0.0,1999,1999.0
ORD-20260706-0054,2026-07-06,2026-07-06 04:54:00,SKU-1001,Wireless Mouse,Electronics,South,799,3,10.0,2397,2157.3
ORD-20260706-0055,2026-07-06,2026-07-06 09:23:00,SKU-1010,USB-C Cable,Electronics,North,199,1,0.0,199,199.0
ORD-20260706-0056,2026-07-06,2026-07-06 09:40:00,SKU-1004,Office Chair,Furniture,Unknown,5499,1,15.0,5499,4674.15
ORD-20260706-0057,2026-07-06,2026-07-06 02:51:00,SKU-1008,Backpack,Accessories,South,1499,2,5.0,2998,2848.1
ORD-20260706-0058,2026-07-06,2026-07-06 23:29:00,SKU-1008,Backpack,Accessories,Unknown,1499,2,0.0,2998,2998.0
ORD-20260706-0059,2026-07-06,2026-07-06 20:06:00,SKU-1001,Wireless Mouse,Electronics,West,799,1,10.0,799,719.1
ORD-20260706-0060,2026-07-06,2026-07-06 22:10:00,SKU-1005,LED Desk Lamp,Furniture,South,899,1,0.0,899,899.0
ORD-20260706-0061,2026-07-06,2026-07-06 08:33:00,SKU-1003,Notebook Set,Stationery,East,249,1,10.0,249,224.1
ORD-20260706-0062,2026-07-06,2026-07-06 20:21:00,SKU-1005,LED Desk Lamp,Furniture,East,899,2,0.0,1798,1798.0
ORD-20260706-0063,2026-07-06,2026-07-06 11:37:00,SKU-1005,LED Desk Lamp,Furniture,Central,899,1,15.0,899,764.15
ORD-20260706-0064,2026-07-06,2026-07-06 19:32:00,SKU-1001,Wireless Mouse,Electronics,South,799,1,0.0,799,799.0
ORD-20260706-0065,2026-07-06,2026-07-06 18:45:00,SKU-1010,USB-C Cable,Electronics,Central,199,1,0.0,199,199.0
ORD-20260706-0066,2026-07-06,2026-07-06 15:23:00,SKU-1002,Bluetooth Speaker,Electronics,South,1999,3,0.0,5997,5997.0
ORD-20260706-0067,2026-07-06,2026-07-06 12:28:00,SKU-1002,Bluetooth Speaker,Electronics,South,1999,1,0.0,1999,1999.0
ORD-20260706-0068,2026-07-06,2026-07-06 05:36:00,SKU-1009,Phone Case,Accessories,West,299,1,5.0,299,284.05
ORD-20260706-0069,2026-07-06,2026-07-06 04:13:00,SKU-1009,Phone Case,Accessories,South,299,1,15.0,299,254.15
ORD-20260706-0070,2026-07-06,2026-07-06 04:39:00,SKU-1008,Backpack,Accessories,West,1499,1,0.0,1499,1499.0
ORD-20260706-0071,2026-07-06,2026-07-06 08:22:00,SKU-1010,USB-C Cable,Electronics,North,199,1,0.0,199,199.0
ORD-20260706-0072,2026-07-06,2026-07-06 17:19:00,SKU-1008,Backpack,Accessories,West,1499,2,0.0,2998,2998.0
ORD-20260706-0073,2026-07-06,2026-07-06 08:46:00,SKU-1003,Notebook Set,Stationery,South,249,1,0.0,249,249.0
ORD-20260706-0074,2026-07-06,2026-07-06 16:49:00,SKU-1004,Office Chair,Furniture,North,5499,1,0.0,5499,5499.0
ORD-20260706-0075,2026-07-06,2026-07-06 04:26:00,SKU-1010,USB-C Cable,Electronics,North,199,3,0.0,597,597.0
ORD-20260706-0076,2026-07-06,2026-07-06 03:29:00,SKU-1009,Phone Case,Accessories,Unknown,299,1,0.0,299,299.0
ORD-20260706-0077,2026-07-06,2026-07-06 13:22:00,SKU-1010,USB-C Cable,Electronics,North,199,1,15.0,199,169.15
ORD-20260706-0078,2026-07-06,2026-07-06 06:37:00,SKU-1009,Phone Case,Accessories,East,299,1,0.0,299,299.0
ORD-20260706-0079,2026-07-06,2026-07-06 01:55:00,SKU-1006,Yoga Mat,Fitness,Central,599,1,10.0,599,539.1
ORD-20260706-0080,2026-07-06,2026-07-06 02:26:00,SKU-1007,Water Bottle,Fitness,West,349,2,10.0,698,628.2
ORD-20260707-0000,2026-07-07,2026-07-07 10:37:00,SKU-1002,Bluetooth Speaker,Electronics,West,1999,2,0.0,3998,3998.0
ORD-20260707-0001,2026-07-07,2026-07-07 05:59:00,SKU-1004,Office Chair,Furniture,Unknown,5499,1,10.0,5499,4949.1
ORD-20260707-0002,2026-07-07,2026-07-07 16:42:00,SKU-1005,LED Desk Lamp,Furniture,North,899,4,5.0,3596,3416.2
ORD-20260707-0003,2026-07-07,2026-07-07 05:14:00,SKU-1003,Notebook Set,Stationery,West,249,2,0.0,498,498.0
ORD-20260707-0004,2026-07-07,2026-07-07 18:37:00,SKU-1002,Bluetooth Speaker,Electronics,North,1999,1,10.0,1999,1799.1
ORD-20260707-0005,2026-07-07,2026-07-07 18:09:00,SKU-1003,Notebook Set,Stationery,Unknown,249,2,10.0,498,448.2
ORD-20260707-0006,2026-07-07,2026-07-07 19:54:00,SKU-1004,Office Chair,Furniture,East,5499,1,0.0,5499,5499.0
ORD-20260707-0007,2026-07-07,2026-07-07 20:20:00,SKU-1001,Wireless Mouse,Electronics,West,799,1,0.0,799,799.0
ORD-20260707-0008,2026-07-07,2026-07-07 17:00:00,SKU-1002,Bluetooth Speaker,Electronics,Unknown,1999,1,0.0,1999,1999.0
ORD-20260707-0009,2026-07-07,2026-07-07 04:45:00,SKU-1010,USB-C Cable,Electronics,East,199,4,0.0,796,796.0
ORD-20260707-0010,2026-07-07,2026-07-07 19:52:00,SKU-1009,Phone Case,Accessories,Unknown,299,1,15.0,299,254.15
ORD-20260707-0011,2026-07-07,2026-07-07 06:57:00,SKU-1009,Phone Case,Accessories,South,299,1,0.0,299,299.0
ORD-20260707-0012,2026-07-07,2026-07-07 06:04:00,SKU-1004,Office Chair,Furniture,West,5499,2,5.0,10998,10448.1
ORD-20260707-0013,2026-07-07,2026-07-07 10:34:00,SKU-1006,Yoga Mat,Fitness,East,599,1,0.0,599,599.0
ORD-20260707-0014,2026-07-07,2026-07-07 06:20:00,SKU-1010,USB-C Cable,Electronics,North,199,1,15.0,199,169.15
ORD-20260707-0015,2026-07-07,2026-07-07 13:20:00,SKU-1007,Water Bottle,Fitness,East,349,1,5.0,349,331.55
ORD-20260707-0016,2026-07-07,2026-07-07 03:13:00,SKU-1010,USB-C Cable,Electronics,North,199,1,0.0,199,199.0
ORD-20260707-0017,2026-07-07,2026-07-07 08:30:00,SKU-1010,USB-C Cable,Electronics,Unknown,199,1,0.0,199,199.0
ORD-20260707-0018,2026-07-07,2026-07-07 15:46:00,SKU-1006,Yoga Mat,Fitness,West,599,1,0.0,599,599.0
ORD-20260707-0019,2026-07-07,2026-07-07 00:32:00,SKU-1001,Wireless Mouse,Electronics,Unknown,799,1,10.0,799,719.1
ORD-20260707-0020,2026-07-07,2026-07-07 21:04:00,SKU-1008,Backpack,Accessories,West,1499,1,0.0,1499,1499.0
ORD-20260707-0021,2026-07-07,2026-07-07 11:39:00,SKU-1008,Backpack,Accessories,West,1499,1,0.0,1499,1499.0
ORD-20260707-0022,2026-07-07,2026-07-07 19:20:00,SKU-1010,USB-C Cable,Electronics,North,199,1,0.0,199,199.0
ORD-20260707-0023,2026-07-07,2026-07-07 17:42:00,SKU-1003,Notebook Set,Stationery,North,249,1,10.0,249,224.1
ORD-20260707-0024,2026-07-07,2026-07-07 00:40:00,SKU-1006,Yoga Mat,Fitness,Unknown,599,3,0.0,1797,1797.0
ORD-20260707-0025,2026-07-07,2026-07-07 14:42:00,SKU-1010,USB-C Cable,Electronics,South,199,1,10.0,199,179.1
ORD-20260707-0026,2026-07-07,2026-07-07 17:42:00,SKU-1010,USB-C Cable,Electronics,East,199,1,0.0,199,199.0
ORD-20260707-0027,2026-07-07,2026-07-07 23:02:00,SKU-1006,Yoga Mat,Fitness,Unknown,599,1,15.0,599,509.15
ORD-20260707-0028,2026-07-07,2026-07-07 03:28:00,SKU-1004,Office Chair,Furniture,Central,5499,1,5.0,5499,5224.05
ORD-20260707-0029,2026-07-07,2026-07-07 07:21:00,SKU-1001,Wireless Mouse,Electronics,Unknown,799,1,0.0,799,799.0
ORD-20260707-0030,2026-07-07,2026-07-07 04:24:00,SKU-1004,Office Chair,Furniture,North,5499,1,0.0,5499,5499.0
ORD-20260707-0031,2026-07-07,2026-07-07 04:53:00,SKU-1004,Office Chair,Furniture,South,5499,3,10.0,16497,14847.3
ORD-20260707-0032,2026-07-07,2026-07-07 10:09:00,SKU-1009,Phone Case,Accessories,Central,299,3,0.0,897,897.0
ORD-20260707-0033,2026-07-07,2026-07-07 17:52:00,SKU-1010,USB-C Cable,Electronics,Central,199,3,0.0,597,597.0
ORD-20260707-0034,2026-07-07,2026-07-07 10:35:00,SKU-1001,Wireless Mouse,Electronics,South,799,1,0.0,799,799.0
ORD-20260707-0035,2026-07-07,2026-07-07 03:13:00,SKU-1004,Office Chair,Furniture,South,5499,1,0.0,5499,5499.0
ORD-20260707-0036,2026-07-07,2026-07-07 19:51:00,SKU-1007,Water Bottle,Fitness,North,349,1,15.0,349,296.65
ORD-20260707-0037,2026-07-07,2026-07-07 09:56:00,SKU-1010,USB-C Cable,Electronics,South,199,2,0.0,398,398.0
ORD-20260707-0038,2026-07-07,2026-07-07 03:19:00,SKU-1008,Backpack,Accessories,Unknown,1499,2,0.0,2998,2998.0
ORD-20260707-0039,2026-07-07,2026-07-07 01:30:00,SKU-1010,USB-C Cable,Electronics,Unknown,199,1,15.0,199,169.15
ORD-20260707-0040,2026-07-07,2026-07-07 20:51:00,SKU-1009,Phone Case,Accessories,East,299,1,0.0,299,299.0
ORD-20260708-0000,2026-07-08,2026-07-08 15:38:00,SKU-1005,LED Desk Lamp,Furniture,East,899,1,0.0,899,899.0
ORD-20260708-0001,2026-07-08,2026-07-08 03:08:00,SKU-1005,LED Desk Lamp,Furniture,South,899,2,0.0,1798,1798.0
ORD-20260708-0002,2026-07-08,2026-07-08 05:35:00,SKU-1001,Wireless Mouse,Electronics,North,799,1,0.0,799,799.0
ORD-20260708-0003,2026-07-08,2026-07-08 10:55:00,SKU-1004,Office Chair,Furniture,Central,5499,3,10.0,16497,14847.3
ORD-20260708-0004,2026-07-08,2026-07-08 05:28:00,SKU-1008,Backpack,Accessories,Unknown,1499,1,0.0,1499,1499.0
ORD-20260708-0005,2026-07-08,2026-07-08 11:18:00,SKU-1006,Yoga Mat,Fitness,East,599,1,0.0,599,599.0
ORD-20260708-0006,2026-07-08,2026-07-08 21:51:00,SKU-1003,Notebook Set,Stationery,East,249,4,0.0,996,996.0
ORD-20260708-0007,2026-07-08,2026-07-08 13:28:00,SKU-1005,LED Desk Lamp,Furniture,North,899,1,0.0,899,899.0
ORD-20260708-0008,2026-07-08,2026-07-08 20:46:00,SKU-1008,Backpack,Accessories,Unknown,1499,2,0.0,2998,2998.0
ORD-20260708-0009,2026-07-08,2026-07-08 04:58:00,SKU-1004,Office Chair,Furniture,Unknown,5499,3,0.0,16497,16497.0
ORD-20260708-0010,2026-07-08,2026-07-08 19:38:00,SKU-1004,Office Chair,Furniture,Central,5499,1,0.0,5499,5499.0
ORD-20260708-0011,2026-07-08,2026-07-08 20:27:00,SKU-1001,Wireless Mouse,Electronics,North,799,1,5.0,799,759.05
ORD-20260708-0012,2026-07-08,2026-07-08 01:28:00,SKU-1002,Bluetooth Speaker,Electronics,East,1999,1,0.0,1999,1999.0
ORD-20260708-0013,2026-07-08,2026-07-08 08:25:00,SKU-1002,Bluetooth Speaker,Electronics,East,1999,2,0.0,3998,3998.0
ORD-20260708-0014,2026-07-08,2026-07-08 05:39:00,SKU-1006,Yoga Mat,Fitness,North,599,1,15.0,599,509.15
ORD-20260708-0015,2026-07-08,2026-07-08 08:39:00,SKU-1001,Wireless Mouse,Electronics,West,799,3,0.0,2397,2397.0
ORD-20260708-0016,2026-07-08,2026-07-08 13:34:00,SKU-1008,Backpack,Accessories,Central,1499,1,10.0,1499,1349.1
ORD-20260708-0017,2026-07-08,2026-07-08 10:52:00,SKU-1003,Notebook Set,Stationery,North,249,2,0.0,498,498.0
ORD-20260708-0018,2026-07-08,2026-07-08 11:11:00,SKU-1009,Phone Case,Accessories,North,299,1,0.0,299,299.0
ORD-20260708-0019,2026-07-08,2026-07-08 19:35:00,SKU-1003,Notebook Set,Stationery,Central,249,1,5.0,249,236.55
ORD-20260708-0020,2026-07-08,2026-07-08 22:59:00,SKU-1001,Wireless Mouse,Electronics,South,799,1,0.0,799,799.0
ORD-20260708-0021,2026-07-08,2026-07-08 14:54:00,SKU-1005,LED Desk Lamp,Furniture,West,899,2,0.0,1798,1798.0
ORD-20260708-0022,2026-07-08,2026-07-08 14:06:00,SKU-1002,Bluetooth Speaker,Electronics,East,1999,1,0.0,1999,1999.0
ORD-20260708-0023,2026-07-08,2026-07-08 14:43:00,SKU-1007,Water Bottle,Fitness,Unknown,349,1,10.0,349,314.1
ORD-20260708-0024,2026-07-08,2026-07-08 21:35:00,SKU-1002,Bluetooth Speaker,Electronics,South,1999,1,5.0,1999,1899.05
ORD-20260708-0025,2026-07-08,2026-07-08 04:51:00,SKU-1004,Office Chair,Furniture,South,5499,1,5.0,5499,5224.05
ORD-20260708-0026,2026-07-08,2026-07-08 12:48:00,SKU-1006,Yoga Mat,Fitness,West,599,1,5.0,599,569.05
ORD-20260708-0027,2026-07-08,2026-07-08 05:34:00,SKU-1003,Notebook Set,Stationery,Central,249,2,0.0,498,498.0
ORD-20260708-0028,2026-07-08,2026-07-08 15:26:00,SKU-1001,Wireless Mouse,Electronics,North,799,1,15.0,799,679.15
ORD-20260708-0029,2026-07-08,2026-07-08 10:50:00,SKU-1004,Office Chair,Furniture,North,5499,1,0.0,5499,5499.0
ORD-20260708-0030,2026-07-08,2026-07-08 06:46:00,SKU-1005,LED Desk Lamp,Furniture,North,899,1,0.0,899,899.0
ORD-20260708-0031,2026-07-08,2026-07-08 06:01:00,SKU-1008,Backpack,Accessories,Unknown,1499,1,0.0,1499,1499.0
ORD-20260708-0032,2026-07-08,2026-07-08 02:49:00,SKU-1006,Yoga Mat,Fitness,Unknown,599,3,15.0,1797,1527.45
ORD-20260708-0033,2026-07-08,2026-07-08 14:20:00,SKU-1010,USB-C Cable,Electronics,West,199,1,0.0,199,199.0
ORD-20260708-0034,2026-07-08,2026-07-08 01:30:00,SKU-1010,USB-C Cable,Electronics,North,199,1,0.0,199,199.0
ORD-20260708-0035,2026-07-08,2026-07-08 20:47:00,SKU-1007,Water Bottle,Fitness,East,349,1,0.0,349,349.0
ORD-20260708-0036,2026-07-08,2026-07-08 10:00:00,SKU-1002,Bluetooth Speaker,Electronics,West,1999,1,0.0,1999,1999.0
ORD-20260708-0037,2026-07-08,2026-07-08 20:56:00,SKU-1005,LED Desk Lamp,Furniture,Unknown,899,1,15.0,899,764.15
ORD-20260708-0038,2026-07-08,2026-07-08 08:01:00,SKU-1001,Wireless Mouse,Electronics,East,799,1,0.0,799,799.0
ORD-20260708-0039,2026-07-08,2026-07-08 00:34:00,SKU-1007,Water Bottle,Fitness,South,349,1,0.0,349,349.0
ORD-20260708-0040,2026-07-08,2026-07-08 13:34:00,SKU-1001,Wireless Mouse,Electronics,East,799,1,0.0,799,799.0
ORD-20260708-0041,2026-07-08,2026-07-08 19:35:00,SKU-1007,Water Bottle,Fitness,South,349,1,0.0,349,349.0
ORD-20260708-0042,2026-07-08,2026-07-08 00:20:00,SKU-1003,Notebook Set,Stationery,North,249,1,0.0,249,249.0
ORD-20260708-0043,2026-07-08,2026-07-08 07:10:00,SKU-1002,Bluetooth Speaker,Electronics,West,1999,1,10.0,1999,1799.1
ORD-20260708-0044,2026-07-08,2026-07-08 07:22:00,SKU-1008,Backpack,Accessories,West,1499,1,5.0,1499,1424.05
ORD-20260708-0045,2026-07-08,2026-07-08 07:57:00,SKU-1005,LED Desk Lamp,Furniture,Central,899,1,0.0,899,899.0
ORD-20260708-0046,2026-07-08,2026-07-08 19:56:00,SKU-1010,USB-C Cable,Electronics,South,199,2,0.0,398,398.0
ORD-20260708-0047,2026-07-08,2026-07-08 22:47:00,SKU-1009,Phone Case,Accessories,West,299,2,0.0,598,598.0
ORD-20260708-0048,2026-07-08,2026-07-08 11:59:00,SKU-1001,Wireless Mouse,Electronics,Central,799,1,5.0,799,759.05
ORD-20260708-0049,2026-07-08,2026-07-08 10:01:00,SKU-1010,USB-C Cable,Electronics,South,199,1,5.0,199,189.05
ORD-20260708-0050,2026-07-08,2026-07-08 21:24:00,SKU-1003,Notebook Set,Stationery,South,249,1,10.0,249,224.1
ORD-20260708-0051,2026-07-08,2026-07-08 01:11:00,SKU-1009,Phone Case,Accessories,West,299,2,0.0,598,598.0
ORD-20260708-0052,2026-07-08,2026-07-08 00:29:00,SKU-1009,Phone Case,Accessories,East,299,1,0.0,299,299.0
ORD-20260709-0000,2026-07-09,2026-07-09 08:46:00,SKU-1001,Wireless Mouse,Electronics,North,799,1,0.0,799,799.0
ORD-20260709-0001,2026-07-09,2026-07-09 15:33:00,SKU-1005,LED Desk Lamp,Furniture,South,899,2,10.0,1798,1618.2
ORD-20260709-0002,2026-07-09,2026-07-09 21:22:00,SKU-1008,Backpack,Accessories,South,1499,1,0.0,1499,1499.0
ORD-20260709-0003,2026-07-09,2026-07-09 06:04:00,SKU-1005,LED Desk Lamp,Furniture,Central,899,3,15.0,2697,2292.45
ORD-20260709-0004,2026-07-09,2026-07-09 17:08:00,SKU-1003,Notebook Set,Stationery,East,249,1,0.0,249,249.0
ORD-20260709-0005,2026-07-09,2026-07-09 18:47:00,SKU-1008,Backpack,Accessories,North,1499,1,15.0,1499,1274.15
ORD-20260709-0006,2026-07-09,2026-07-09 11:01:00,SKU-1009,Phone Case,Accessories,South,299,2,0.0,598,598.0
ORD-20260709-0007,2026-07-09,2026-07-09 14:54:00,SKU-1004,Office Chair,Furniture,East,5499,1,5.0,5499,5224.05
ORD-20260709-0008,2026-07-09,2026-07-09 12:27:00,SKU-1002,Bluetooth Speaker,Electronics,Central,1999,1,0.0,1999,1999.0
ORD-20260709-0009,2026-07-09,2026-07-09 13:34:00,SKU-1001,Wireless Mouse,Electronics,South,799,1,10.0,799,719.1
ORD-20260709-0010,2026-07-09,2026-07-09 22:11:00,SKU-1007,Water Bottle,Fitness,North,349,2,10.0,698,628.2
ORD-20260709-0011,2026-07-09,2026-07-09 12:41:00,SKU-1002,Bluetooth Speaker,Electronics,West,1999,2,0.0,3998,3998.0
ORD-20260709-0012,2026-07-09,2026-07-09 10:00:00,SKU-1002,Bluetooth Speaker,Electronics,South,1999,2,15.0,3998,3398.3
ORD-20260709-0013,2026-07-09,2026-07-09 22:49:00,SKU-1002,Bluetooth Speaker,Electronics,Unknown,1999,3,0.0,5997,5997.0
ORD-20260709-0014,2026-07-09,2026-07-09 08:11:00,SKU-1009,Phone Case,Accessories,South,299,1,0.0,299,299.0
ORD-20260709-0015,2026-07-09,2026-07-09 01:48:00,SKU-1009,Phone Case,Accessories,West,299,2,0.0,598,598.0
ORD-20260709-0016,2026-07-09,2026-07-09 03:17:00,SKU-1002,Bluetooth Speaker,Electronics,Central,1999,1,15.0,1999,1699.15
ORD-20260709-0017,2026-07-09,2026-07-09 18:58:00,SKU-1010,USB-C Cable,Electronics,Central,199,3,0.0,597,597.0
ORD-20260709-0018,2026-07-09,2026-07-09 22:58:00,SKU-1001,Wireless Mouse,Electronics,Unknown,799,1,0.0,799,799.0
ORD-20260709-0019,2026-07-09,2026-07-09 04:44:00,SKU-1009,Phone Case,Accessories,Central,299,2,0.0,598,598.0
ORD-20260709-0020,2026-07-09,2026-07-09 15:57:00,SKU-1010,USB-C Cable,Electronics,West,199,1,0.0,199,199.0
ORD-20260709-0021,2026-07-09,2026-07-09 04:03:00,SKU-1004,Office Chair,Furniture,Central,5499,1,10.0,5499,4949.1
ORD-20260709-0022,2026-07-09,2026-07-09 13:41:00,SKU-1002,Bluetooth Speaker,Electronics,East,1999,2,0.0,3998,3998.0
ORD-20260709-0023,2026-07-09,2026-07-09 10:15:00,SKU-1004,Office Chair,Furniture,East,5499,1,0.0,5499,5499.0
ORD-20260709-0024,2026-07-09,2026-07-09 08:59:00,SKU-1010,USB-C Cable,Electronics,Central,199,1,5.0,199,189.05
ORD-20260709-0025,2026-07-09,2026-07-09 11:43:00,SKU-1004,Office Chair,Furniture,Unknown,5499,2,5.0,10998,10448.1
ORD-20260709-0026,2026-07-09,2026-07-09 16:18:00,SKU-1003,Notebook Set,Stationery,Central,249,3,15.0,747,634.95
ORD-20260709-0027,2026-07-09,2026-07-09 05:52:00,SKU-1002,Bluetooth Speaker,Electronics,East,1999,1,0.0,1999,1999.0
ORD-20260709-0028,2026-07-09,2026-07-09 12:09:00,SKU-1006,Yoga Mat,Fitness,Unknown,599,3,0.0,1797,1797.0
ORD-20260709-0029,2026-07-09,2026-07-09 02:13:00,SKU-1008,Backpack,Accessories,North,1499,1,10.0,1499,1349.1
ORD-20260709-0030,2026-07-09,2026-07-09 18:13:00,SKU-1002,Bluetooth Speaker,Electronics,South,1999,1,0.0,1999,1999.0
ORD-20260709-0031,2026-07-09,2026-07-09 09:20:00,SKU-1010,USB-C Cable,Electronics,North,199,1,10.0,199,179.1
ORD-20260709-0032,2026-07-09,2026-07-09 22:10:00,SKU-1003,Notebook Set,Stationery,South,249,1,5.0,249,236.55
ORD-20260709-0033,2026-07-09,2026-07-09 14:56:00,SKU-1005,LED Desk Lamp,Furniture,East,899,1,5.0,899,854.05
ORD-20260709-0034,2026-07-09,2026-07-09 06:23:00,SKU-1010,USB-C Cable,Electronics,East,199,1,15.0,199,169.15
ORD-20260709-0035,2026-07-09,2026-07-09 23:09:00,SKU-1004,Office Chair,Furniture,West,5499,2,15.0,10998,9348.3
ORD-20260709-0036,2026-07-09,2026-07-09 01:31:00,SKU-1003,Notebook Set,Stationery,Unknown,249,2,0.0,498,498.0
ORD-20260709-0037,2026-07-09,2026-07-09 06:36:00,SKU-1010,USB-C Cable,Electronics,South,199,3,0.0,597,597.0
ORD-20260709-0038,2026-07-09,2026-07-09 02:01:00,SKU-1001,Wireless Mouse,Electronics,North,799,1,0.0,799,799.0
ORD-20260709-0039,2026-07-09,2026-07-09 04:35:00,SKU-1008,Backpack,Accessories,North,1499,1,10.0,1499,1349.1
ORD-20260709-0040,2026-07-09,2026-07-09 21:44:00,SKU-1009,Phone Case,Accessories,North,299,1,0.0,299,299.0
ORD-20260709-0041,2026-07-09,2026-07-09 21:00:00,SKU-1008,Backpack,Accessories,Unknown,1499,1,0.0,1499,1499.0
ORD-20260709-0042,2026-07-09,2026-07-09 04:13:00,SKU-1002,Bluetooth Speaker,Electronics,East,1999,2,15.0,3998,3398.3
ORD-20260709-0043,2026-07-09,2026-07-09 06:17:00,SKU-1006,Yoga Mat,Fitness,West,599,1,5.0,599,569.05
ORD-20260709-0044,2026-07-09,2026-07-09 13:39:00,SKU-1005,LED Desk Lamp,Furniture,South,899,2,0.0,1798,1798.0
ORD-20260709-0045,2026-07-09,2026-07-09 05:39:00,SKU-1002,Bluetooth Speaker,Electronics,Unknown,1999,1,0.0,1999,1999.0
ORD-20260709-0046,2026-07-09,2026-07-09 19:06:00,SKU-1007,Water Bottle,Fitness,East,349,1,0.0,349,349.0
ORD-20260709-0047,2026-07-09,2026-07-09 01:15:00,SKU-1007,Water Bottle,Fitness,Central,349,1,0.0,349,349.0
ORD-20260709-0048,2026-07-09,2026-07-09 09:41:00,SKU-1003,Notebook Set,Stationery,Unknown,249,1,5.0,249,236.55
ORD-20260709-0049,2026-07-09,2026-07-09 07:21:00,SKU-1009,Phone Case,Accessories,South,299,1,0.0,299,299.0
ORD-20260709-0050,2026-07-09,2026-07-09 13:05:00,SKU-1009,Phone Case,Accessories,North,299,2,0.0,598,598.0
ORD-20260709-0051,2026-07-09,2026-07-09 19:11:00,SKU-1010,USB-C Cable,Electronics,North,199,1,15.0,199,169.15
ORD-20260709-0052,2026-07-09,2026-07-09 18:50:00,SKU-1007,Water Bottle,Fitness,South,349,1,0.0,349,349.0
ORD-20260709-0053,2026-07-09,2026-07-09 13:23:00,SKU-1002,Bluetooth Speaker,Electronics,Unknown,1999,2,0.0,3998,3998.0
ORD-20260709-0054,2026-07-09,2026-07-09 02:01:00,SKU-1002,Bluetooth Speaker,Electronics,Central,1999,2,0.0,3998,3998.0
ORD-20260709-0055,2026-07-09,2026-07-09 02:08:00,SKU-1006,Yoga Mat,Fitness,Unknown,599,1,10.0,599,539.1
ORD-20260709-0056,2026-07-09,2026-07-09 19:08:00,SKU-1006,Yoga Mat,Fitness,Unknown,599,1,15.0,599,509.15
ORD-20260709-0057,2026-07-09,2026-07-09 03:00:00,SKU-1007,Water Bottle,Fitness,South,349,1,0.0,349,349.0
ORD-20260709-0058,2026-07-09,2026-07-09 00:03:00,SKU-1002,Bluetooth Speaker,Electronics,East,1999,1,15.0,1999,1699.15
ORD-20260709-0059,2026-07-09,2026-07-09 11:09:00,SKU-1006,Yoga Mat,Fitness,North,599,1,0.0,599,599.0
ORD-20260709-0060,2026-07-09,2026-07-09 08:39:00,SKU-1003,Notebook Set,Stationery,West,249,4,15.0,996,846.6
ORD-20260709-0061,2026-07-09,2026-07-09 06:41:00,SKU-1002,Bluetooth Speaker,Electronics,Central,1999,1,10.0,1999,1799.1
ORD-20260709-0062,2026-07-09,2026-07-09 11:04:00,SKU-1004,Office Chair,Furniture,North,5499,1,0.0,5499,5499.0
ORD-20260709-0063,2026-07-09,2026-07-09 21:04:00,SKU-1001,Wireless Mouse,Electronics,South,799,2,0.0,1598,1598.0
ORD-20260709-0064,2026-07-09,2026-07-09 11:29:00,SKU-1002,Bluetooth Speaker,Electronics,North,1999,4,0.0,7996,7996.0
ORD-20260709-0065,2026-07-09,2026-07-09 21:33:00,SKU-1002,Bluetooth Speaker,Electronics,North,1999,1,10.0,1999,1799.1
ORD-20260709-0066,2026-07-09,2026-07-09 15:02:00,SKU-1004,Office Chair,Furniture,West,5499,1,0.0,5499,5499.0
ORD-20260709-0067,2026-07-09,2026-07-09 11:57:00,SKU-1002,Bluetooth Speaker,Electronics,North,1999,1,0.0,1999,1999.0
ORD-20260709-0068,2026-07-09,2026-07-09 12:38:00,SKU-1005,LED Desk Lamp,Furniture,Central,899,2,10.0,1798,1618.2
ORD-20260709-0069,2026-07-09,2026-07-09 13:30:00,SKU-1003,Notebook Set,Stationery,Central,249,1,10.0,249,224.1
ORD-20260709-0070,2026-07-09,2026-07-09 05:32:00,SKU-1004,Office Chair,Furniture,Unknown,5499,1,10.0,5499,4949.1
ORD-20260709-0071,2026-07-09,2026-07-09 11:50:00,SKU-1006,Yoga Mat,Fitness,South,599,4,0.0,2396,2396.0
ORD-20260709-0072,2026-07-09,2026-07-09 09:45:00,SKU-1001,Wireless Mouse,Electronics,North,799,3,0.0,2397,2397.0
ORD-20260709-0073,2026-07-09,2026-07-09 13:45:00,SKU-1005,LED Desk Lamp,Furniture,Central,899,1,0.0,899,899.0
ORD-20260709-0074,2026-07-09,2026-07-09 16:39:00,SKU-1007,Water Bottle,Fitness,East,349,1,0.0,349,349.0
ORD-20260709-0075,2026-07-09,2026-07-09 10:31:00,SKU-1002,Bluetooth Speaker,Electronics,Unknown,1999,1,0.0,1999,1999.0
ORD-20260709-0076,2026-07-09,2026-07-09 18:58:00,SKU-1002,Bluetooth Speaker,Electronics,Unknown,1999,1,0.0,1999,1999.0
ORD-20260709-0077,2026-07-09,2026-07-09 11:47:00,SKU-1003,Notebook Set,Stationery,Unknown,249,1,5.0,249,236.55
ORD-20260709-0078,2026-07-09,2026-07-09 06:44:00,SKU-1004,Office Chair,Furniture,South,5499,3,5.0,16497,15672.15
ORD-20260709-0079,2026-07-09,2026-07-09 18:21:00,SKU-1001,Wireless Mouse,Electronics,Central,799,4,5.0,3196,3036.2
ORD-20260709-0080,2026-07-09,2026-07-09 01:21:00,SKU-1006,Yoga Mat,Fitness,Unknown,599,4,15.0,2396,2036.6
ORD-20260709-0081,2026-07-09,2026-07-09 23:49:00,SKU-1001,Wireless Mouse,Electronics,North,799,1,0.0,799,799.0
ORD-20260709-0082,2026-07-09,2026-07-09 22:09:00,SKU-1002,Bluetooth Speaker,Electronics,East,1999,1,0.0,1999,1999.0
ORD-20260709-0083,2026-07-09,2026-07-09 03:59:00,SKU-1003,Notebook Set,Stationery,East,249,1,0.0,249,249.0
ORD-20260709-0084,2026-07-09,2026-07-09 12:23:00,SKU-1008,Backpack,Accessories,North,1499,1,10.0,1499,1349.1
ORD-20260709-0085,2026-07-09,2026-07-09 14:07:00,SKU-1010,USB-C Cable,Electronics,North,199,2,0.0,398,398.0
ORD-20260709-0086,2026-07-09,2026-07-09 13:17:00,SKU-1003,Notebook Set,Stationery,Central,249,2,0.0,498,498.0
ORD-20260709-0087,2026-07-09,2026-07-09 00:15:00,SKU-1002,Bluetooth Speaker,Electronics,Central,1999,1,0.0,1999,1999.0
ORD-20260709-0088,2026-07-09,2026-07-09 01:28:00,SKU-1007,Water Bottle,Fitness,North,349,2,0.0,698,698.0
ORD-20260709-0089,2026-07-09,2026-07-09 19:43:00,SKU-1009,Phone Case,Accessories,West,299,2,15.0,598,508.3
ORD-20260709-0090,2026-07-09,2026-07-09 16:13:00,SKU-1007,Water Bottle,Fitness,North,349,1,0.0,349,349.0
ORD-20260709-0091,2026-07-09,2026-07-09 13:02:00,SKU-1004,Office Chair,Furniture,South,5499,3,10.0,16497,14847.3
ORD-20260709-0092,2026-07-09,2026-07-09 03:56:00,SKU-1005,LED Desk Lamp,Furniture,East,899,1,0.0,899,899.0
ORD-20260709-0093,2026-07-09,2026-07-09 00:02:00,SKU-1008,Backpack,Accessories,Unknown,1499,2,5.0,2998,2848.1
ORD-20260709-0094,2026-07-09,2026-07-09 05:38:00,SKU-1010,USB-C Cable,Electronics,East,199,1,0.0,199,199.0
ORD-20260709-0095,2026-07-09,2026-07-09 13:13:00,SKU-1003,Notebook Set,Stationery,Central,249,1,0.0,249,249.0
ORD-20260709-0096,2026-07-09,2026-07-09 04:28:00,SKU-1001,Wireless Mouse,Electronics,West,799,2,0.0,1598,1598.0
ORD-20260709-0097,2026-07-09,2026-07-09 02:44:00,SKU-1009,Phone Case,Accessories,East,299,1,15.0,299,254.15
ORD-20260709-0098,2026-07-09,2026-07-09 20:17:00,SKU-1010,USB-C Cable,Electronics,Central,199,1,0.0,199,199.0
ORD-20260709-0099,2026-07-09,2026-07-09 08:58:00,SKU-1003,Notebook Set,Stationery,Central,249,2,10.0,498,448.2
ORD-20260709-0100,2026-07-09,2026-07-09 09:44:00,SKU-1009,Phone Case,Accessories,South,299,1,0.0,299,299.0
ORD-20260709-0101,2026-07-09,2026-07-09 16:24:00,SKU-1004,Office Chair,Furniture,Unknown,5499,1,5.0,5499,5224.05
ORD-20260709-0102,2026-07-09,2026-07-09 05:54:00,SKU-1001,Wireless Mouse,Electronics,South,799,3,0.0,2397,2397.0
ORD-20260709-0103,2026-07-09,2026-07-09 18:31:00,SKU-1007,Water Bottle,Fitness,Central,349,1,0.0,349,349.0
ORD-20260709-0104,2026-07-09,2026-07-09 21:41:00,SKU-1008,Backpack,Accessories,South,1499,4,5.0,5996,5696.2
ORD-20260709-0105,2026-07-09,2026-07-09 22:35:00,SKU-1004,Office Chair,Furniture,Unknown,5499,1,0.0,5499,5499.0
ORD-20260709-0106,2026-07-09,2026-07-09 14:49:00,SKU-1006,Yoga Mat,Fitness,South,599,1,0.0,599,599.0
ORD-20260709-0107,2026-07-09,2026-07-09 17:36:00,SKU-1002,Bluetooth Speaker,Electronics,South,1999,1,0.0,1999,1999.0
ORD-20260709-0108,2026-07-09,2026-07-09 05:13:00,SKU-1006,Yoga Mat,Fitness,South,599,1,0.0,599,599.0
ORD-20260709-0109,2026-07-09,2026-07-09 23:19:00,SKU-1008,Backpack,Accessories,South,1499,2,0.0,2998,2998.0
ORD-20260709-0110,2026-07-09,2026-07-09 07:52:00,SKU-1001,Wireless Mouse,Electronics,North,799,1,10.0,799,719.1
ORD-20260709-0111,2026-07-09,2026-07-09 02:00:00,SKU-1002,Bluetooth Speaker,Electronics,North,1999,1,0.0,1999,1999.0
ORD-20260709-0112,2026-07-09,2026-07-09 11:23:00,SKU-1010,USB-C Cable,Electronics,South,199,1,0.0,199,199.0
ORD-20260709-0113,2026-07-09,2026-07-09 07:15:00,SKU-1001,Wireless Mouse,Electronics,West,799,1,5.0,799,759.05
ORD-20260709-0114,2026-07-09,2026-07-09 23:00:00,SKU-1010,USB-C Cable,Electronics,South,199,1,15.0,199,169.15
ORD-20260709-0115,2026-07-09,2026-07-09 00:05:00,SKU-1007,Water Bottle,Fitness,North,349,1,10.0,349,314.1
ORD-20260709-0116,2026-07-09,2026-07-09 08:23:00,SKU-1005,LED Desk Lamp,Furniture,Unknown,899,1,0.0,899,899.0
ORD-20260709-0117,2026-07-09,2026-07-09 21:05:00,SKU-1008,Backpack,Accessories,West,1499,2,15.0,2998,2548.3
ORD-20260709-0118,2026-07-09,2026-07-09 11:56:00,SKU-1001,Wireless Mouse,Electronics,Central,799,4,0.0,3196,3196.0
ORD-20260710-0000,2026-07-10,2026-07-10 05:41:00,SKU-1004,Office Chair,Furniture,North,5499,2,0.0,10998,10998.0
ORD-20260710-0001,2026-07-10,2026-07-10 11:40:00,SKU-1004,Office Chair,Furniture,East,5499,1,5.0,5499,5224.05
ORD-20260710-0002,2026-07-10,2026-07-10 04:21:00,SKU-1005,LED Desk Lamp,Furniture,North,899,1,0.0,899,899.0
ORD-20260710-0003,2026-07-10,2026-07-10 13:10:00,SKU-1007,Water Bottle,Fitness,South,349,1,0.0,349,349.0
ORD-20260710-0004,2026-07-10,2026-07-10 10:26:00,SKU-1004,Office Chair,Furniture,South,5499,2,0.0,10998,10998.0
ORD-20260710-0005,2026-07-10,2026-07-10 08:14:00,SKU-1003,Notebook Set,Stationery,West,249,2,0.0,498,498.0
ORD-20260710-0006,2026-07-10,2026-07-10 00:39:00,SKU-1004,Office Chair,Furniture,South,5499,1,0.0,5499,5499.0
ORD-20260710-0007,2026-07-10,2026-07-10 06:29:00,SKU-1002,Bluetooth Speaker,Electronics,West,1999,1,10.0,1999,1799.1
ORD-20260710-0008,2026-07-10,2026-07-10 09:00:00,SKU-1005,LED Desk Lamp,Furniture,East,899,1,0.0,899,899.0
ORD-20260710-0009,2026-07-10,2026-07-10 02:13:00,SKU-1004,Office Chair,Furniture,South,5499,1,0.0,5499,5499.0
ORD-20260710-0010,2026-07-10,2026-07-10 17:05:00,SKU-1008,Backpack,Accessories,Unknown,1499,3,5.0,4497,4272.15
ORD-20260710-0011,2026-07-10,2026-07-10 21:28:00,SKU-1004,Office Chair,Furniture,East,5499,1,0.0,5499,5499.0
ORD-20260710-0012,2026-07-10,2026-07-10 16:13:00,SKU-1002,Bluetooth Speaker,Electronics,Unknown,1999,1,5.0,1999,1899.05
ORD-20260710-0013,2026-07-10,2026-07-10 02:10:00,SKU-1003,Notebook Set,Stationery,West,249,1,0.0,249,249.0
ORD-20260710-0014,2026-07-10,2026-07-10 11:16:00,SKU-1008,Backpack,Accessories,North,1499,1,10.0,1499,1349.1
ORD-20260710-0015,2026-07-10,2026-07-10 02:21:00,SKU-1001,Wireless Mouse,Electronics,Central,799,2,0.0,1598,1598.0
ORD-20260710-0016,2026-07-10,2026-07-10 08:12:00,SKU-1008,Backpack,Accessories,West,1499,3,0.0,4497,4497.0
ORD-20260710-0017,2026-07-10,2026-07-10 04:32:00,SKU-1004,Office Chair,Furniture,South,5499,2,15.0,10998,9348.3
ORD-20260710-0018,2026-07-10,2026-07-10 18:05:00,SKU-1010,USB-C Cable,Electronics,West,199,1,5.0,199,189.05
ORD-20260710-0019,2026-07-10,2026-07-10 14:52:00,SKU-1001,Wireless Mouse,Electronics,North,799,2,5.0,1598,1518.1
ORD-20260710-0020,2026-07-10,2026-07-10 07:09:00,SKU-1010,USB-C Cable,Electronics,Central,199,1,0.0,199,199.0
ORD-20260710-0021,2026-07-10,2026-07-10 15:21:00,SKU-1002,Bluetooth Speaker,Electronics,West,1999,1,0.0,1999,1999.0
ORD-20260710-0022,2026-07-10,2026-07-10 11:30:00,SKU-1009,Phone Case,Accessories,East,299,2,0.0,598,598.0
ORD-20260710-0023,2026-07-10,2026-07-10 08:31:00,SKU-1001,Wireless Mouse,Electronics,Central,799,1,0.0,799,799.0
ORD-20260710-0024,2026-07-10,2026-07-10 14:39:00,SKU-1009,Phone Case,Accessories,North,299,1,10.0,299,269.1
ORD-20260710-0025,2026-07-10,2026-07-10 09:05:00,SKU-1003,Notebook Set,Stationery,South,249,1,0.0,249,249.0
ORD-20260710-0026,2026-07-10,2026-07-10 00:58:00,SKU-1005,LED Desk Lamp,Furniture,South,899,3,10.0,2697,2427.3
ORD-20260710-0027,2026-07-10,2026-07-10 21:03:00,SKU-1005,LED Desk Lamp,Furniture,East,899,4,15.0,3596,3056.6
ORD-20260710-0028,2026-07-10,2026-07-10 08:10:00,SKU-1004,Office Chair,Furniture,South,5499,1,0.0,5499,5499.0
ORD-20260710-0029,2026-07-10,2026-07-10 18:03:00,SKU-1008,Backpack,Accessories,Unknown,1499,3,15.0,4497,3822.45
ORD-20260710-0030,2026-07-10,2026-07-10 02:45:00,SKU-1004,Office Chair,Furniture,South,5499,1,0.0,5499,5499.0
ORD-20260710-0031,2026-07-10,2026-07-10 19:28:00,SKU-1007,Water Bottle,Fitness,Unknown,349,3,0.0,1047,1047.0
ORD-20260710-0032,2026-07-10,2026-07-10 08:00:00,SKU-1009,Phone Case,Accessories,South,299,1,15.0,299,254.15
ORD-20260710-0033,2026-07-10,2026-07-10 05:06:00,SKU-1004,Office Chair,Furniture,West,5499,1,0.0,5499,5499.0
ORD-20260710-0034,2026-07-10,2026-07-10 16:24:00,SKU-1001,Wireless Mouse,Electronics,Central,799,3,0.0,2397,2397.0
ORD-20260710-0035,2026-07-10,2026-07-10 12:01:00,SKU-1002,Bluetooth Speaker,Electronics,South,1999,1,10.0,1999,1799.1
ORD-20260710-0036,2026-07-10,2026-07-10 03:23:00,SKU-1003,Notebook Set,Stationery,West,249,1,0.0,249,249.0
ORD-20260710-0037,2026-07-10,2026-07-10 21:45:00,SKU-1002,Bluetooth Speaker,Electronics,East,1999,1,0.0,1999,1999.0
ORD-20260710-0038,2026-07-10,2026-07-10 20:33:00,SKU-1005,LED Desk Lamp,Furniture,Central,899,2,0.0,1798,1798.0
ORD-20260710-0039,2026-07-10,2026-07-10 23:17:00,SKU-1005,LED Desk Lamp,Furniture,South,899,2,0.0,1798,1798.0
ORD-20260710-0040,2026-07-10,2026-07-10 06:34:00,SKU-1008,Backpack,Accessories,Unknown,1499,3,15.0,4497,3822.45
ORD-20260710-0041,2026-07-10,2026-07-10 14:45:00,SKU-1001,Wireless Mouse,Electronics,East,799,3,0.0,2397,2397.0
ORD-20260710-0042,2026-07-10,2026-07-10 02:37:00,SKU-1003,Notebook Set,Stationery,North,249,1,0.0,249,249.0
ORD-20260710-0043,2026-07-10,2026-07-10 17:22:00,SKU-1009,Phone Case,Accessories,Unknown,299,1,0.0,299,299.0
ORD-20260710-0044,2026-07-10,2026-07-10 22:20:00,SKU-1005,LED Desk Lamp,Furniture,South,899,4,5.0,3596,3416.2
ORD-20260710-0045,2026-07-10,2026-07-10 13:09:00,SKU-1002,Bluetooth Speaker,Electronics,Central,1999,2,0.0,3998,3998.0
ORD-20260710-0046,2026-07-10,2026-07-10 21:48:00,SKU-1009,Phone Case,Accessories,Central,299,3,0.0,897,897.0
ORD-20260710-0047,2026-07-10,2026-07-10 02:49:00,SKU-1001,Wireless Mouse,Electronics,West,799,1,15.0,799,679.15
ORD-20260710-0048,2026-07-10,2026-07-10 01:24:00,SKU-1003,Notebook Set,Stationery,North,249,1,0.0,249,249.0
ORD-20260710-0049,2026-07-10,2026-07-10 14:04:00,SKU-1006,Yoga Mat,Fitness,North,599,1,5.0,599,569.05
ORD-20260710-0050,2026-07-10,2026-07-10 00:02:00,SKU-1004,Office Chair,Furniture,West,5499,1,5.0,5499,5224.05
ORD-20260710-0051,2026-07-10,2026-07-10 05:59:00,SKU-1006,Yoga Mat,Fitness,Central,599,2,5.0,1198,1138.1
ORD-20260710-0052,2026-07-10,2026-07-10 15:13:00,SKU-1008,Backpack,Accessories,Unknown,1499,1,15.0,1499,1274.15
ORD-20260710-0053,2026-07-10,2026-07-10 11:14:00,SKU-1010,USB-C Cable,Electronics,East,199,3,0.0,597,597.0
ORD-20260710-0054,2026-07-10,2026-07-10 08:48:00,SKU-1004,Office Chair,Furniture,North,5499,1,0.0,5499,5499.0
ORD-20260710-0055,2026-07-10,2026-07-10 18:55:00,SKU-1003,Notebook Set,Stationery,Central,249,1,0.0,249,249.0
ORD-20260710-0056,2026-07-10,2026-07-10 00:29:00,SKU-1002,Bluetooth Speaker,Electronics,East,1999,1,5.0,1999,1899.05
ORD-20260710-0057,2026-07-10,2026-07-10 23:36:00,SKU-1004,Office Chair,Furniture,East,5499,1,5.0,5499,5224.05
ORD-20260710-0058,2026-07-10,2026-07-10 11:30:00,SKU-1007,Water Bottle,Fitness,North,349,1,0.0,349,349.0
ORD-20260710-0059,2026-07-10,2026-07-10 03:24:00,SKU-1010,USB-C Cable,Electronics,Unknown,199,1,0.0,199,199.0
ORD-20260710-0060,2026-07-10,2026-07-10 10:06:00,SKU-1009,Phone Case,Accessories,South,299,1,0.0,299,299.0
ORD-20260710-0061,2026-07-10,2026-07-10 09:15:00,SKU-1010,USB-C Cable,Electronics,North,199,1,10.0,199,179.1
ORD-20260710-0062,2026-07-10,2026-07-10 20:07:00,SKU-1010,USB-C Cable,Electronics,Unknown,199,1,0.0,199,199.0
ORD-20260710-0063,2026-07-10,2026-07-10 13:55:00,SKU-1001,Wireless Mouse,Electronics,Unknown,799,1,15.0,799,679.15
ORD-20260710-0064,2026-07-10,2026-07-10 07:31:00,SKU-1007,Water Bottle,Fitness,East,349,2,0.0,698,698.0
ORD-20260710-0065,2026-07-10,2026-07-10 07:09:00,SKU-1009,Phone Case,Accessories,West,299,1,0.0,299,299.0
ORD-20260710-0066,2026-07-10,2026-07-10 08:50:00,SKU-1006,Yoga Mat,Fitness,East,599,2,5.0,1198,1138.1
ORD-20260710-0067,2026-07-10,2026-07-10 16:51:00,SKU-1009,Phone Case,Accessories,West,299,1,0.0,299,299.0
ORD-20260710-0068,2026-07-10,2026-07-10 05:26:00,SKU-1002,Bluetooth Speaker,Electronics,Unknown,1999,1,0.0,1999,1999.0
ORD-20260710-0069,2026-07-10,2026-07-10 16:18:00,SKU-1003,Notebook Set,Stationery,South,249,4,10.0,996,896.4
ORD-20260710-0070,2026-07-10,2026-07-10 04:33:00,SKU-1008,Backpack,Accessories,Unknown,1499,1,0.0,1499,1499.0
ORD-20260710-0071,2026-07-10,2026-07-10 04:47:00,SKU-1009,Phone Case,Accessories,North,299,3,5.0,897,852.15
ORD-20260710-0072,2026-07-10,2026-07-10 14:36:00,SKU-1007,Water Bottle,Fitness,North,349,4,0.0,1396,1396.0
ORD-20260710-0073,2026-07-10,2026-07-10 07:12:00,SKU-1006,Yoga Mat,Fitness,East,599,1,5.0,599,569.05
ORD-20260710-0074,2026-07-10,2026-07-10 01:32:00,SKU-1001,Wireless Mouse,Electronics,Unknown,799,1,15.0,799,679.15
ORD-20260710-0075,2026-07-10,2026-07-10 15:37:00,SKU-1002,Bluetooth Speaker,Electronics,Unknown,1999,1,15.0,1999,1699.15
ORD-20260710-0076,2026-07-10,2026-07-10 15:01:00,SKU-1001,Wireless Mouse,Electronics,Unknown,799,1,5.0,799,759.05
ORD-20260710-0077,2026-07-10,2026-07-10 19:23:00,SKU-1006,Yoga Mat,Fitness,South,599,3,5.0,1797,1707.15
ORD-20260710-0078,2026-07-10,2026-07-10 20:21:00,SKU-1008,Backpack,Accessories,Unknown,1499,1,0.0,1499,1499.0
ORD-20260710-0079,2026-07-10,2026-07-10 08:50:00,SKU-1010,USB-C Cable,Electronics,South,199,2,5.0,398,378.1
ORD-20260710-0080,2026-07-10,2026-07-10 08:51:00,SKU-1002,Bluetooth Speaker,Electronics,Central,1999,2,0.0,3998,3998.0
ORD-20260710-0081,2026-07-10,2026-07-10 23:51:00,SKU-1008,Backpack,Accessories,East,1499,2,0.0,2998,2998.0
ORD-20260710-0082,2026-07-10,2026-07-10 05:27:00,SKU-1006,Yoga Mat,Fitness,South,599,3,0.0,1797,1797.0
ORD-20260710-0083,2026-07-10,2026-07-10 04:54:00,SKU-1001,Wireless Mouse,Electronics,South,799,1,0.0,799,799.0
ORD-20260710-0084,2026-07-10,2026-07-10 19:30:00,SKU-1002,Bluetooth Speaker,Electronics,North,1999,3,0.0,5997,5997.0
ORD-20260710-0085,2026-07-10,2026-07-10 21:10:00,SKU-1009,Phone Case,Accessories,South,299,1,10.0,299,269.1
ORD-20260710-0086,2026-07-10,2026-07-10 20:45:00,SKU-1004,Office Chair,Furniture,East,5499,1,5.0,5499,5224.05
ORD-20260710-0087,2026-07-10,2026-07-10 03:46:00,SKU-1002,Bluetooth Speaker,Electronics,North,1999,3,0.0,5997,5997.0
ORD-20260710-0088,2026-07-10,2026-07-10 09:42:00,SKU-1007,Water Bottle,Fitness,West,349,1,5.0,349,331.55
ORD-20260710-0089,2026-07-10,2026-07-10 22:43:00,SKU-1004,Office Chair,Furniture,South,5499,3,0.0,16497,16497.0
ORD-20260710-0090,2026-07-10,2026-07-10 00:40:00,SKU-1010,USB-C Cable,Electronics,North,199,1,5.0,199,189.05
ORD-20260710-0091,2026-07-10,2026-07-10 12:20:00,SKU-1010,USB-C Cable,Electronics,Central,199,2,5.0,398,378.1
ORD-20260710-0092,2026-07-10,2026-07-10 23:06:00,SKU-1007,Water Bottle,Fitness,North,349,1,0.0,349,349.0
ORD-20260710-0093,2026-07-10,2026-07-10 03:29:00,SKU-1008,Backpack,Accessories,North,1499,2,0.0,2998,2998.0
ORD-20260710-0094,2026-07-10,2026-07-10 03:42:00,SKU-1009,Phone Case,Accessories,Unknown,299,1,5.0,299,284.05
ORD-20260710-0095,2026-07-10,2026-07-10 00:41:00,SKU-1006,Yoga Mat,Fitness,East,599,2,0.0,1198,1198.0
ORD-20260710-0096,2026-07-10,2026-07-10 19:23:00,SKU-1007,Water Bottle,Fitness,South,349,1,5.0,349,331.55
ORD-20260710-0097,2026-07-10,2026-07-10 21:43:00,SKU-1002,Bluetooth Speaker,Electronics,Unknown,1999,3,0.0,5997,5997.0
ORD-20260710-0098,2026-07-10,2026-07-10 04:42:00,SKU-1009,Phone Case,Accessories,East,299,1,0.0,299,299.0
ORD-20260710-0099,2026-07-10,2026-07-10 00:03:00,SKU-1010,USB-C Cable,Electronics,Unknown,199,2,0.0,398,398.0
ORD-20260710-0100,2026-07-10,2026-07-10 13:28:00,SKU-1009,Phone Case,Accessories,North,299,4,0.0,1196,1196.0
ORD-20260710-0101,2026-07-10,2026-07-10 09:17:00,SKU-1006,Yoga Mat,Fitness,West,599,3,15.0,1797,1527.45
ORD-20260710-0102,2026-07-10,2026-07-10 17:53:00,SKU-1005,LED Desk Lamp,Furniture,Central,899,1,15.0,899,764.15
ORD-20260710-0103,2026-07-10,2026-07-10 14:43:00,SKU-1008,Backpack,Accessories,South,1499,1,0.0,1499,1499.0
ORD-20260710-0104,2026-07-10,2026-07-10 20:52:00,SKU-1008,Backpack,Accessories,East,1499,2,5.0,2998,2848.1
ORD-20260710-0105,2026-07-10,2026-07-10 05:41:00,SKU-1005,LED Desk Lamp,Furniture,North,899,3,0.0,2697,2697.0
ORD-20260710-0106,2026-07-10,2026-07-10 03:37:00,SKU-1002,Bluetooth Speaker,Electronics,West,1999,2,0.0,3998,3998.0
ORD-20260710-0107,2026-07-10,2026-07-10 11:56:00,SKU-1005,LED Desk Lamp,Furniture,Central,899,2,0.0,1798,1798.0
ORD-20260710-0108,2026-07-10,2026-07-10 14:16:00,SKU-1005,LED Desk Lamp,Furniture,West,899,1,15.0,899,764.15
ORD-20260710-0109,2026-07-10,2026-07-10 14:07:00,SKU-1001,Wireless Mouse,Electronics,South,799,3,0.0,2397,2397.0
ORD-20260710-0110,2026-07-10,2026-07-10 20:09:00,SKU-1009,Phone Case,Accessories,East,299,1,0.0,299,299.0
ORD-20260710-0111,2026-07-10,2026-07-10 18:31:00,SKU-1010,USB-C Cable,Electronics,Central,199,3,0.0,597,597.0
ORD-20260710-0112,2026-07-10,2026-07-10 05:22:00,SKU-1002,Bluetooth Speaker,Electronics,Central,1999,2,0.0,3998,3998.0
ORD-20260710-0113,2026-07-10,2026-07-10 08:52:00,SKU-1006,Yoga Mat,Fitness,North,599,2,10.0,1198,1078.2
ORD-20260710-0114,2026-07-10,2026-07-10 19:53:00,SKU-1002,Bluetooth Speaker,Electronics,South,1999,2,10.0,3998,3598.2
ORD-20260710-0115,2026-07-10,2026-07-10 08:00:00,SKU-1004,Office Chair,Furniture,West,5499,2,0.0,10998,10998.0
ORD-20260710-0116,2026-07-10,2026-07-10 14:33:00,SKU-1004,Office Chair,Furniture,East,5499,2,0.0,10998,10998.0
ORD-20260710-0117,2026-07-10,2026-07-10 17:53:00,SKU-1002,Bluetooth Speaker,Electronics,South,1999,1,0.0,1999,1999.0
ORD-20260710-0118,2026-07-10,2026-07-10 06:44:00,SKU-1005,LED Desk Lamp,Furniture,South,899,2,0.0,1798,1798.0
ORD-20260710-0119,2026-07-10,2026-07-10 23:04:00,SKU-1010,USB-C Cable,Electronics,South,199,1,5.0,199,189.05
ORD-20260711-0000,2026-07-11,2026-07-11 22:28:00,SKU-1006,Yoga Mat,Fitness,North,599,2,10.0,1198,1078.2
ORD-20260711-0001,2026-07-11,2026-07-11 06:41:00,SKU-1001,Wireless Mouse,Electronics,East,799,2,0.0,1598,1598.0
ORD-20260711-0002,2026-07-11,2026-07-11 05:10:00,SKU-1006,Yoga Mat,Fitness,East,599,2,10.0,1198,1078.2
ORD-20260711-0003,2026-07-11,2026-07-11 01:24:00,SKU-1003,Notebook Set,Stationery,North,249,1,5.0,249,236.55
ORD-20260711-0004,2026-07-11,2026-07-11 10:53:00,SKU-1008,Backpack,Accessories,South,1499,1,0.0,1499,1499.0
ORD-20260711-0005,2026-07-11,2026-07-11 15:07:00,SKU-1009,Phone Case,Accessories,Central,299,3,0.0,897,897.0
ORD-20260711-0006,2026-07-11,2026-07-11 04:45:00,SKU-1002,Bluetooth Speaker,Electronics,North,1999,1,0.0,1999,1999.0
ORD-20260711-0007,2026-07-11,2026-07-11 21:04:00,SKU-1005,LED Desk Lamp,Furniture,West,899,2,0.0,1798,1798.0
ORD-20260711-0008,2026-07-11,2026-07-11 18:39:00,SKU-1005,LED Desk Lamp,Furniture,East,899,1,10.0,899,809.1
ORD-20260711-0009,2026-07-11,2026-07-11 04:59:00,SKU-1005,LED Desk Lamp,Furniture,North,899,2,0.0,1798,1798.0
ORD-20260711-0010,2026-07-11,2026-07-11 04:53:00,SKU-1002,Bluetooth Speaker,Electronics,East,1999,3,15.0,5997,5097.45
ORD-20260711-0011,2026-07-11,2026-07-11 02:38:00,SKU-1001,Wireless Mouse,Electronics,Central,799,1,0.0,799,799.0
ORD-20260711-0012,2026-07-11,2026-07-11 11:29:00,SKU-1005,LED Desk Lamp,Furniture,South,899,1,0.0,899,899.0
ORD-20260711-0013,2026-07-11,2026-07-11 09:15:00,SKU-1008,Backpack,Accessories,Central,1499,2,15.0,2998,2548.3
ORD-20260711-0014,2026-07-11,2026-07-11 15:39:00,SKU-1002,Bluetooth Speaker,Electronics,Central,1999,3,5.0,5997,5697.15
ORD-20260711-0015,2026-07-11,2026-07-11 10:34:00,SKU-1008,Backpack,Accessories,North,1499,3,15.0,4497,3822.45
ORD-20260711-0016,2026-07-11,2026-07-11 15:20:00,SKU-1001,Wireless Mouse,Electronics,North,799,1,15.0,799,679.15
ORD-20260711-0017,2026-07-11,2026-07-11 14:33:00,SKU-1002,Bluetooth Speaker,Electronics,North,1999,1,15.0,1999,1699.15
ORD-20260711-0018,2026-07-11,2026-07-11 03:17:00,SKU-1003,Notebook Set,Stationery,Unknown,249,1,0.0,249,249.0
ORD-20260711-0019,2026-07-11,2026-07-11 13:23:00,SKU-1009,Phone Case,Accessories,West,299,1,0.0,299,299.0
ORD-20260711-0020,2026-07-11,2026-07-11 19:29:00,SKU-1007,Water Bottle,Fitness,Central,349,3,0.0,1047,1047.0
ORD-20260711-0021,2026-07-11,2026-07-11 03:13:00,SKU-1006,Yoga Mat,Fitness,Unknown,599,2,0.0,1198,1198.0
ORD-20260711-0022,2026-07-11,2026-07-11 03:46:00,SKU-1007,Water Bottle,Fitness,North,349,1,15.0,349,296.65
ORD-20260711-0023,2026-07-11,2026-07-11 23:40:00,SKU-1001,Wireless Mouse,Electronics,West,799,1,5.0,799,759.05
ORD-20260711-0024,2026-07-11,2026-07-11 07:30:00,SKU-1008,Backpack,Accessories,East,1499,1,0.0,1499,1499.0
ORD-20260711-0025,2026-07-11,2026-07-11 02:45:00,SKU-1009,Phone Case,Accessories,Unknown,299,2,15.0,598,508.3
ORD-20260711-0026,2026-07-11,2026-07-11 01:01:00,SKU-1003,Notebook Set,Stationery,Unknown,249,1,0.0,249,249.0
ORD-20260711-0027,2026-07-11,2026-07-11 17:52:00,SKU-1005,LED Desk Lamp,Furniture,North,899,1,10.0,899,809.1
ORD-20260711-0028,2026-07-11,2026-07-11 22:59:00,SKU-1004,Office Chair,Furniture,Unknown,5499,3,0.0,16497,16497.0
ORD-20260711-0029,2026-07-11,2026-07-11 14:16:00,SKU-1008,Backpack,Accessories,North,1499,1,5.0,1499,1424.05
ORD-20260711-0030,2026-07-11,2026-07-11 14:28:00,SKU-1004,Office Chair,Furniture,East,5499,1,0.0,5499,5499.0
ORD-20260711-0031,2026-07-11,2026-07-11 19:19:00,SKU-1005,LED Desk Lamp,Furniture,North,899,1,10.0,899,809.1
ORD-20260711-0032,2026-07-11,2026-07-11 20:08:00,SKU-1007,Water Bottle,Fitness,North,349,2,15.0,698,593.3
ORD-20260711-0033,2026-07-11,2026-07-11 15:36:00,SKU-1001,Wireless Mouse,Electronics,East,799,1,0.0,799,799.0
ORD-20260711-0034,2026-07-11,2026-07-11 11:37:00,SKU-1008,Backpack,Accessories,East,1499,1,0.0,1499,1499.0
ORD-20260711-0035,2026-07-11,2026-07-11 10:10:00,SKU-1010,USB-C Cable,Electronics,West,199,3,0.0,597,597.0
ORD-20260711-0036,2026-07-11,2026-07-11 10:15:00,SKU-1010,USB-C Cable,Electronics,Unknown,199,1,5.0,199,189.05
ORD-20260711-0037,2026-07-11,2026-07-11 18:40:00,SKU-1007,Water Bottle,Fitness,West,349,3,10.0,1047,942.3
ORD-20260711-0038,2026-07-11,2026-07-11 13:53:00,SKU-1010,USB-C Cable,Electronics,Central,199,1,0.0,199,199.0
ORD-20260711-0039,2026-07-11,2026-07-11 02:40:00,SKU-1006,Yoga Mat,Fitness,West,599,1,0.0,599,599.0
ORD-20260711-0040,2026-07-11,2026-07-11 03:36:00,SKU-1003,Notebook Set,Stationery,North,249,2,10.0,498,448.2
ORD-20260711-0041,2026-07-11,2026-07-11 09:47:00,SKU-1008,Backpack,Accessories,Central,1499,1,0.0,1499,1499.0
ORD-20260711-0042,2026-07-11,2026-07-11 00:31:00,SKU-1006,Yoga Mat,Fitness,South,599,2,15.0,1198,1018.3
ORD-20260711-0043,2026-07-11,2026-07-11 14:05:00,SKU-1007,Water Bottle,Fitness,East,349,1,5.0,349,331.55
ORD-20260711-0044,2026-07-11,2026-07-11 13:24:00,SKU-1005,LED Desk Lamp,Furniture,East,899,1,15.0,899,764.15
ORD-20260711-0045,2026-07-11,2026-07-11 22:17:00,SKU-1002,Bluetooth Speaker,Electronics,East,1999,1,0.0,1999,1999.0
ORD-20260711-0046,2026-07-11,2026-07-11 00:06:00,SKU-1006,Yoga Mat,Fitness,West,599,2,15.0,1198,1018.3
ORD-20260711-0047,2026-07-11,2026-07-11 18:17:00,SKU-1004,Office Chair,Furniture,Unknown,5499,1,0.0,5499,5499.0
ORD-20260711-0048,2026-07-11,2026-07-11 23:33:00,SKU-1009,Phone Case,Accessories,Unknown,299,3,15.0,897,762.45
ORD-20260711-0049,2026-07-11,2026-07-11 13:02:00,SKU-1009,Phone Case,Accessories,West,299,2,0.0,598,598.0
ORD-20260711-0050,2026-07-11,2026-07-11 01:55:00,SKU-1007,Water Bottle,Fitness,East,349,3,0.0,1047,1047.0
ORD-20260711-0051,2026-07-11,2026-07-11 18:31:00,SKU-1008,Backpack,Accessories,South,1499,1,0.0,1499,1499.0
ORD-20260711-0052,2026-07-11,2026-07-11 20:15:00,SKU-1010,USB-C Cable,Electronics,West,199,1,5.0,199,189.05
ORD-20260711-0053,2026-07-11,2026-07-11 04:27:00,SKU-1007,Water Bottle,Fitness,East,349,1,15.0,349,296.65
ORD-20260711-0054,2026-07-11,2026-07-11 23:39:00,SKU-1008,Backpack,Accessories,North,1499,1,0.0,1499,1499.0
ORD-20260711-0055,2026-07-11,2026-07-11 14:59:00,SKU-1007,Water Bottle,Fitness,South,349,1,15.0,349,296.65
ORD-20260711-0056,2026-07-11,2026-07-11 17:12:00,SKU-1004,Office Chair,Furniture,North,5499,1,0.0,5499,5499.0
ORD-20260711-0057,2026-07-11,2026-07-11 00:37:00,SKU-1010,USB-C Cable,Electronics,West,199,1,0.0,199,199.0
ORD-20260711-0058,2026-07-11,2026-07-11 22:22:00,SKU-1005,LED Desk Lamp,Furniture,Unknown,899,3,0.0,2697,2697.0
ORD-20260711-0059,2026-07-11,2026-07-11 07:30:00,SKU-1005,LED Desk Lamp,Furniture,West,899,1,0.0,899,899.0
ORD-20260711-0060,2026-07-11,2026-07-11 01:18:00,SKU-1002,Bluetooth Speaker,Electronics,South,1999,1,0.0,1999,1999.0
ORD-20260711-0061,2026-07-11,2026-07-11 06:05:00,SKU-1003,Notebook Set,Stationery,East,249,3,5.0,747,709.65
ORD-20260711-0062,2026-07-11,2026-07-11 09:34:00,SKU-1005,LED Desk Lamp,Furniture,Unknown,899,1,0.0,899,899.0
ORD-20260711-0063,2026-07-11,2026-07-11 10:46:00,SKU-1006,Yoga Mat,Fitness,West,599,1,0.0,599,599.0
ORD-20260711-0064,2026-07-11,2026-07-11 16:09:00,SKU-1001,Wireless Mouse,Electronics,North,799,1,5.0,799,759.05
ORD-20260711-0065,2026-07-11,2026-07-11 04:57:00,SKU-1009,Phone Case,Accessories,South,299,1,0.0,299,299.0
ORD-20260711-0066,2026-07-11,2026-07-11 05:48:00,SKU-1009,Phone Case,Accessories,South,299,1,5.0,299,284.05
ORD-20260711-0067,2026-07-11,2026-07-11 14:26:00,SKU-1009,Phone Case,Accessories,Unknown,299,4,0.0,1196,1196.0
ORD-20260711-0068,2026-07-11,2026-07-11 02:39:00,SKU-1010,USB-C Cable,Electronics,South,199,1,0.0,199,199.0
ORD-20260711-0069,2026-07-11,2026-07-11 15:52:00,SKU-1007,Water Bottle,Fitness,North,349,1,15.0,349,296.65
ORD-20260711-0070,2026-07-11,2026-07-11 01:37:00,SKU-1009,Phone Case,Accessories,Central,299,2,5.0,598,568.1
ORD-20260711-0071,2026-07-11,2026-07-11 16:18:00,SKU-1003,Notebook Set,Stationery,Central,249,1,5.0,249,236.55
ORD-20260711-0072,2026-07-11,2026-07-11 05:10:00,SKU-1003,Notebook Set,Stationery,South,249,1,15.0,249,211.65
ORD-20260711-0073,2026-07-11,2026-07-11 11:35:00,SKU-1001,Wireless Mouse,Electronics,North,799,1,0.0,799,799.0
ORD-20260711-0074,2026-07-11,2026-07-11 13:03:00,SKU-1002,Bluetooth Speaker,Electronics,North,1999,1,0.0,1999,1999.0
ORD-20260711-0075,2026-07-11,2026-07-11 23:20:00,SKU-1004,Office Chair,Furniture,North,5499,1,0.0,5499,5499.0
ORD-20260711-0076,2026-07-11,2026-07-11 04:32:00,SKU-1010,USB-C Cable,Electronics,West,199,3,0.0,597,597.0
ORD-20260711-0077,2026-07-11,2026-07-11 03:33:00,SKU-1009,Phone Case,Accessories,Central,299,2,0.0,598,598.0
ORD-20260711-0078,2026-07-11,2026-07-11 07:59:00,SKU-1004,Office Chair,Furniture,East,5499,2,15.0,10998,9348.3
ORD-20260711-0079,2026-07-11,2026-07-11 02:32:00,SKU-1003,Notebook Set,Stationery,North,249,1,0.0,249,249.0
ORD-20260711-0080,2026-07-11,2026-07-11 03:10:00,SKU-1004,Office Chair,Furniture,Central,5499,1,0.0,5499,5499.0
ORD-20260711-0081,2026-07-11,2026-07-11 02:08:00,SKU-1004,Office Chair,Furniture,Central,5499,2,5.0,10998,10448.1
ORD-20260711-0082,2026-07-11,2026-07-11 09:43:00,SKU-1008,Backpack,Accessories,Central,1499,1,0.0,1499,1499.0
ORD-20260711-0083,2026-07-11,2026-07-11 14:17:00,SKU-1002,Bluetooth Speaker,Electronics,West,1999,1,15.0,1999,1699.15
ORD-20260711-0084,2026-07-11,2026-07-11 06:50:00,SKU-1008,Backpack,Accessories,West,1499,1,0.0,1499,1499.0
ORD-20260711-0085,2026-07-11,2026-07-11 00:16:00,SKU-1008,Backpack,Accessories,West,1499,1,0.0,1499,1499.0
ORD-20260711-0086,2026-07-11,2026-07-11 18:34:00,SKU-1007,Water Bottle,Fitness,South,349,1,0.0,349,349.0
ORD-20260711-0087,2026-07-11,2026-07-11 17:44:00,SKU-1006,Yoga Mat,Fitness,West,599,1,10.0,599,539.1
ORD-20260711-0088,2026-07-11,2026-07-11 16:28:00,SKU-1007,Water Bottle,Fitness,East,349,1,5.0,349,331.55
ORD-20260711-0089,2026-07-11,2026-07-11 03:25:00,SKU-1009,Phone Case,Accessories,West,299,1,0.0,299,299.0
ORD-20260711-0090,2026-07-11,2026-07-11 12:45:00,SKU-1006,Yoga Mat,Fitness,Central,599,4,15.0,2396,2036.6
ORD-20260711-0091,2026-07-11,2026-07-11 10:22:00,SKU-1009,Phone Case,Accessories,West,299,2,15.0,598,508.3
ORD-20260711-0092,2026-07-11,2026-07-11 07:10:00,SKU-1001,Wireless Mouse,Electronics,West,799,1,0.0,799,799.0
ORD-20260711-0093,2026-07-11,2026-07-11 22:35:00,SKU-1001,Wireless Mouse,Electronics,East,799,1,5.0,799,759.05
ORD-20260711-0094,2026-07-11,2026-07-11 09:23:00,SKU-1002,Bluetooth Speaker,Electronics,East,1999,1,0.0,1999,1999.0
ORD-20260711-0095,2026-07-11,2026-07-11 23:11:00,SKU-1005,LED Desk Lamp,Furniture,East,899,1,15.0,899,764.15
ORD-20260711-0096,2026-07-11,2026-07-11 18:51:00,SKU-1004,Office Chair,Furniture,Central,5499,1,0.0,5499,5499.0
ORD-20260711-0097,2026-07-11,2026-07-11 07:44:00,SKU-1002,Bluetooth Speaker,Electronics,Unknown,1999,3,15.0,5997,5097.45
ORD-20260711-0098,2026-07-11,2026-07-11 07:15:00,SKU-1001,Wireless Mouse,Electronics,West,799,1,0.0,799,799.0
ORD-20260711-0099,2026-07-11,2026-07-11 19:44:00,SKU-1006,Yoga Mat,Fitness,Unknown,599,2,0.0,1198,1198.0
ORD-20260711-0100,2026-07-11,2026-07-11 21:34:00,SKU-1009,Phone Case,Accessories,South,299,1,0.0,299,299.0
ORD-20260711-0101,2026-07-11,2026-07-11 19:28:00,SKU-1002,Bluetooth Speaker,Electronics,Central,1999,2,15.0,3998,3398.3
ORD-20260711-0102,2026-07-11,2026-07-11 00:25:00,SKU-1002,Bluetooth Speaker,Electronics,East,1999,1,0.0,1999,1999.0
ORD-20260711-0103,2026-07-11,2026-07-11 23:52:00,SKU-1010,USB-C Cable,Electronics,North,199,1,0.0,199,199.0
ORD-20260711-0104,2026-07-11,2026-07-11 21:09:00,SKU-1001,Wireless Mouse,Electronics,West,799,2,0.0,1598,1598.0
ORD-20260711-0105,2026-07-11,2026-07-11 07:15:00,SKU-1007,Water Bottle,Fitness,North,349,1,0.0,349,349.0
ORD-20260711-0106,2026-07-11,2026-07-11 17:47:00,SKU-1004,Office Chair,Furniture,West,5499,1,5.0,5499,5224.05
ORD-20260711-0107,2026-07-11,2026-07-11 01:31:00,SKU-1003,Notebook Set,Stationery,North,249,1,0.0,249,249.0
ORD-20260711-0108,2026-07-11,2026-07-11 02:38:00,SKU-1008,Backpack,Accessories,Unknown,1499,1,0.0,1499,1499.0
ORD-20260712-0000,2026-07-12,2026-07-12 09:59:00,SKU-1006,Yoga Mat,Fitness,Unknown,599,2,10.0,1198,1078.2
ORD-20260712-0001,2026-07-12,2026-07-12 21:31:00,SKU-1005,LED Desk Lamp,Furniture,Unknown,899,4,15.0,3596,3056.6
ORD-20260712-0002,2026-07-12,2026-07-12 17:28:00,SKU-1010,USB-C Cable,Electronics,East,199,1,15.0,199,169.15
ORD-20260712-0003,2026-07-12,2026-07-12 06:38:00,SKU-1005,LED Desk Lamp,Furniture,South,899,1,15.0,899,764.15
ORD-20260712-0004,2026-07-12,2026-07-12 10:09:00,SKU-1009,Phone Case,Accessories,South,299,4,0.0,1196,1196.0
ORD-20260712-0005,2026-07-12,2026-07-12 22:34:00,SKU-1003,Notebook Set,Stationery,South,249,3,0.0,747,747.0
ORD-20260712-0006,2026-07-12,2026-07-12 12:29:00,SKU-1004,Office Chair,Furniture,Unknown,5499,1,0.0,5499,5499.0
ORD-20260712-0007,2026-07-12,2026-07-12 08:45:00,SKU-1006,Yoga Mat,Fitness,Central,599,2,10.0,1198,1078.2
ORD-20260712-0008,2026-07-12,2026-07-12 11:32:00,SKU-1006,Yoga Mat,Fitness,East,599,1,0.0,599,599.0
ORD-20260712-0009,2026-07-12,2026-07-12 13:18:00,SKU-1004,Office Chair,Furniture,East,5499,1,0.0,5499,5499.0
ORD-20260712-0010,2026-07-12,2026-07-12 21:19:00,SKU-1009,Phone Case,Accessories,South,299,4,0.0,1196,1196.0
ORD-20260712-0011,2026-07-12,2026-07-12 21:06:00,SKU-1006,Yoga Mat,Fitness,Unknown,599,1,10.0,599,539.1
ORD-20260712-0012,2026-07-12,2026-07-12 05:26:00,SKU-1007,Water Bottle,Fitness,Central,349,2,0.0,698,698.0
ORD-20260712-0013,2026-07-12,2026-07-12 01:49:00,SKU-1010,USB-C Cable,Electronics,South,199,2,0.0,398,398.0
ORD-20260712-0014,2026-07-12,2026-07-12 07:26:00,SKU-1003,Notebook Set,Stationery,Central,249,1,0.0,249,249.0
ORD-20260712-0015,2026-07-12,2026-07-12 08:57:00,SKU-1002,Bluetooth Speaker,Electronics,North,1999,3,0.0,5997,5997.0
ORD-20260712-0016,2026-07-12,2026-07-12 03:25:00,SKU-1006,Yoga Mat,Fitness,West,599,2,5.0,1198,1138.1
ORD-20260712-0017,2026-07-12,2026-07-12 16:55:00,SKU-1003,Notebook Set,Stationery,Central,249,1,0.0,249,249.0
ORD-20260712-0018,2026-07-12,2026-07-12 00:57:00,SKU-1001,Wireless Mouse,Electronics,Unknown,799,4,10.0,3196,2876.4
ORD-20260712-0019,2026-07-12,2026-07-12 07:21:00,SKU-1009,Phone Case,Accessories,Central,299,2,0.0,598,598.0
ORD-20260712-0020,2026-07-12,2026-07-12 04:47:00,SKU-1002,Bluetooth Speaker,Electronics,Central,1999,1,10.0,1999,1799.1
ORD-20260712-0021,2026-07-12,2026-07-12 15:26:00,SKU-1002,Bluetooth Speaker,Electronics,North,1999,2,0.0,3998,3998.0
ORD-20260712-0022,2026-07-12,2026-07-12 16:31:00,SKU-1005,LED Desk Lamp,Furniture,North,899,1,0.0,899,899.0
ORD-20260712-0023,2026-07-12,2026-07-12 08:43:00,SKU-1005,LED Desk Lamp,Furniture,West,899,3,0.0,2697,2697.0
ORD-20260712-0024,2026-07-12,2026-07-12 23:20:00,SKU-1006,Yoga Mat,Fitness,Central,599,3,15.0,1797,1527.45
ORD-20260712-0025,2026-07-12,2026-07-12 08:11:00,SKU-1002,Bluetooth Speaker,Electronics,West,1999,2,5.0,3998,3798.1
ORD-20260712-0026,2026-07-12,2026-07-12 20:04:00,SKU-1008,Backpack,Accessories,East,1499,1,0.0,1499,1499.0
ORD-20260712-0027,2026-07-12,2026-07-12 08:19:00,SKU-1003,Notebook Set,Stationery,Unknown,249,1,0.0,249,249.0
ORD-20260712-0028,2026-07-12,2026-07-12 10:40:00,SKU-1005,LED Desk Lamp,Furniture,East,899,1,0.0,899,899.0
ORD-20260712-0029,2026-07-12,2026-07-12 08:04:00,SKU-1004,Office Chair,Furniture,East,5499,1,0.0,5499,5499.0
ORD-20260712-0030,2026-07-12,2026-07-12 23:52:00,SKU-1002,Bluetooth Speaker,Electronics,South,1999,1,0.0,1999,1999.0
ORD-20260712-0031,2026-07-12,2026-07-12 17:15:00,SKU-1003,Notebook Set,Stationery,East,249,1,5.0,249,236.55
ORD-20260712-0032,2026-07-12,2026-07-12 08:56:00,SKU-1005,LED Desk Lamp,Furniture,North,899,2,0.0,1798,1798.0
ORD-20260712-0033,2026-07-12,2026-07-12 22:57:00,SKU-1009,Phone Case,Accessories,West,299,1,0.0,299,299.0
ORD-20260712-0034,2026-07-12,2026-07-12 16:04:00,SKU-1002,Bluetooth Speaker,Electronics,West,1999,1,10.0,1999,1799.1
ORD-20260712-0035,2026-07-12,2026-07-12 03:29:00,SKU-1002,Bluetooth Speaker,Electronics,East,1999,1,0.0,1999,1999.0
ORD-20260712-0036,2026-07-12,2026-07-12 05:21:00,SKU-1001,Wireless Mouse,Electronics,Unknown,799,1,15.0,799,679.15
ORD-20260712-0037,2026-07-12,2026-07-12 15:32:00,SKU-1007,Water Bottle,Fitness,Central,349,3,0.0,1047,1047.0
ORD-20260712-0038,2026-07-12,2026-07-12 10:00:00,SKU-1008,Backpack,Accessories,Central,1499,1,0.0,1499,1499.0
ORD-20260712-0039,2026-07-12,2026-07-12 17:14:00,SKU-1009,Phone Case,Accessories,West,299,2,15.0,598,508.3
ORD-20260712-0040,2026-07-12,2026-07-12 06:57:00,SKU-1001,Wireless Mouse,Electronics,North,799,2,0.0,1598,1598.0
ORD-20260712-0041,2026-07-12,2026-07-12 10:32:00,SKU-1009,Phone Case,Accessories,North,299,1,5.0,299,284.05
ORD-20260712-0042,2026-07-12,2026-07-12 12:16:00,SKU-1008,Backpack,Accessories,Central,1499,3,5.0,4497,4272.15
ORD-20260712-0043,2026-07-12,2026-07-12 06:30:00,SKU-1007,Water Bottle,Fitness,West,349,2,15.0,698,593.3
ORD-20260712-0044,2026-07-12,2026-07-12 17:31:00,SKU-1009,Phone Case,Accessories,West,299,1,10.0,299,269.1
ORD-20260712-0045,2026-07-12,2026-07-12 23:16:00,SKU-1009,Phone Case,Accessories,Central,299,1,0.0,299,299.0
ORD-20260712-0046,2026-07-12,2026-07-12 04:04:00,SKU-1010,USB-C Cable,Electronics,North,199,4,0.0,796,796.0
ORD-20260712-0047,2026-07-12,2026-07-12 19:55:00,SKU-1008,Backpack,Accessories,Central,1499,1,15.0,1499,1274.15
ORD-20260712-0048,2026-07-12,2026-07-12 15:49:00,SKU-1008,Backpack,Accessories,West,1499,1,0.0,1499,1499.0
ORD-20260712-0049,2026-07-12,2026-07-12 04:10:00,SKU-1003,Notebook Set,Stationery,North,249,1,0.0,249,249.0
ORD-20260712-0050,2026-07-12,2026-07-12 10:37:00,SKU-1010,USB-C Cable,Electronics,Central,199,1,0.0,199,199.0
ORD-20260712-0051,2026-07-12,2026-07-12 04:27:00,SKU-1008,Backpack,Accessories,South,1499,1,15.0,1499,1274.15
ORD-20260712-0052,2026-07-12,2026-07-12 09:06:00,SKU-1004,Office Chair,Furniture,East,5499,1,0.0,5499,5499.0
ORD-20260712-0053,2026-07-12,2026-07-12 03:57:00,SKU-1008,Backpack,Accessories,Central,1499,2,5.0,2998,2848.1
ORD-20260712-0054,2026-07-12,2026-07-12 11:30:00,SKU-1001,Wireless Mouse,Electronics,North,799,1,0.0,799,799.0
ORD-20260712-0055,2026-07-12,2026-07-12 10:28:00,SKU-1001,Wireless Mouse,Electronics,Unknown,799,1,0.0,799,799.0
ORD-20260712-0056,2026-07-12,2026-07-12 18:41:00,SKU-1009,Phone Case,Accessories,South,299,1,0.0,299,299.0
ORD-20260712-0057,2026-07-12,2026-07-12 05:10:00,SKU-1006,Yoga Mat,Fitness,Central,599,2,10.0,1198,1078.2
ORD-20260712-0058,2026-07-12,2026-07-12 17:07:00,SKU-1004,Office Chair,Furniture,Central,5499,2,5.0,10998,10448.1
ORD-20260712-0059,2026-07-12,2026-07-12 17:01:00,SKU-1008,Backpack,Accessories,North,1499,1,0.0,1499,1499.0
ORD-20260712-0060,2026-07-12,2026-07-12 10:40:00,SKU-1005,LED Desk Lamp,Furniture,East,899,1,15.0,899,764.15
ORD-20260712-0061,2026-07-12,2026-07-12 19:23:00,SKU-1004,Office Chair,Furniture,East,5499,3,5.0,16497,15672.15
ORD-20260712-0062,2026-07-12,2026-07-12 07:19:00,SKU-1006,Yoga Mat,Fitness,Unknown,599,1,15.0,599,509.15
ORD-20260712-0063,2026-07-12,2026-07-12 19:17:00,SKU-1010,USB-C Cable,Electronics,South,199,1,10.0,199,179.1
ORD-20260712-0064,2026-07-12,2026-07-12 12:27:00,SKU-1001,Wireless Mouse,Electronics,South,799,2,5.0,1598,1518.1
ORD-20260712-0065,2026-07-12,2026-07-12 17:25:00,SKU-1006,Yoga Mat,Fitness,Unknown,599,1,15.0,599,509.15
ORD-20260712-0066,2026-07-12,2026-07-12 20:50:00,SKU-1008,Backpack,Accessories,West,1499,2,0.0,2998,2998.0
ORD-20260712-0067,2026-07-12,2026-07-12 07:50:00,SKU-1010,USB-C Cable,Electronics,South,199,1,10.0,199,179.1
ORD-20260712-0068,2026-07-12,2026-07-12 21:18:00,SKU-1005,LED Desk Lamp,Furniture,West,899,1,0.0,899,899.0
ORD-20260712-0069,2026-07-12,2026-07-12 19:43:00,SKU-1008,Backpack,Accessories,West,1499,4,0.0,5996,5996.0
ORD-20260712-0070,2026-07-12,2026-07-12 07:59:00,SKU-1007,Water Bottle,Fitness,South,349,1,10.0,349,314.1
ORD-20260712-0071,2026-07-12,2026-07-12 21:39:00,SKU-1003,Notebook Set,Stationery,West,249,1,10.0,249,224.1
ORD-20260712-0072,2026-07-12,2026-07-12 04:07:00,SKU-1006,Yoga Mat,Fitness,East,599,1,0.0,599,599.0
ORD-20260712-0073,2026-07-12,2026-07-12 23:03:00,SKU-1006,Yoga Mat,Fitness,East,599,1,5.0,599,569.05
ORD-20260712-0074,2026-07-12,2026-07-12 11:18:00,SKU-1004,Office Chair,Furniture,East,5499,1,5.0,5499,5224.05
ORD-20260712-0075,2026-07-12,2026-07-12 04:10:00,SKU-1008,Backpack,Accessories,West,1499,1,0.0,1499,1499.0
ORD-20260712-0076,2026-07-12,2026-07-12 18:08:00,SKU-1006,Yoga Mat,Fitness,West,599,2,0.0,1198,1198.0
ORD-20260712-0077,2026-07-12,2026-07-12 19:34:00,SKU-1008,Backpack,Accessories,North,1499,1,0.0,1499,1499.0
ORD-20260712-0078,2026-07-12,2026-07-12 16:55:00,SKU-1002,Bluetooth Speaker,Electronics,South,1999,2,0.0,3998,3998.0
ORD-20260712-0079,2026-07-12,2026-07-12 06:17:00,SKU-1010,USB-C Cable,Electronics,South,199,1,10.0,199,179.1
ORD-20260712-0080,2026-07-12,2026-07-12 04:05:00,SKU-1005,LED Desk Lamp,Furniture,East,899,4,0.0,3596,3596.0
ORD-20260712-0081,2026-07-12,2026-07-12 08:41:00,SKU-1006,Yoga Mat,Fitness,Central,599,1,15.0,599,509.15
ORD-20260712-0082,2026-07-12,2026-07-12 02:50:00,SKU-1007,Water Bottle,Fitness,East,349,2,0.0,698,698.0
ORD-20260712-0083,2026-07-12,2026-07-12 12:20:00,SKU-1010,USB-C Cable,Electronics,North,199,1,0.0,199,199.0
ORD-20260712-0084,2026-07-12,2026-07-12 03:26:00,SKU-1005,LED Desk Lamp,Furniture,Central,899,3,15.0,2697,2292.45
ORD-20260712-0085,2026-07-12,2026-07-12 09:19:00,SKU-1009,Phone Case,Accessories,South,299,1,0.0,299,299.0
ORD-20260712-0086,2026-07-12,2026-07-12 04:10:00,SKU-1001,Wireless Mouse,Electronics,North,799,2,5.0,1598,1518.1
ORD-20260712-0087,2026-07-12,2026-07-12 23:53:00,SKU-1006,Yoga Mat,Fitness,East,599,2,0.0,1198,1198.0
ORD-20260712-0088,2026-07-12,2026-07-12 14:50:00,SKU-1008,Backpack,Accessories,North,1499,1,0.0,1499,1499.0
ORD-20260712-0089,2026-07-12,2026-07-12 11:05:00,SKU-1009,Phone Case,Accessories,East,299,2,0.0,598,598.0
ORD-20260713-0000,2026-07-13,2026-07-13 06:50:00,SKU-1001,Wireless Mouse,Electronics,Central,799,2,5.0,1598,1518.1
ORD-20260713-0001,2026-07-13,2026-07-13 20:55:00,SKU-1005,LED Desk Lamp,Furniture,East,899,3,0.0,2697,2697.0
ORD-20260713-0002,2026-07-13,2026-07-13 07:19:00,SKU-1002,Bluetooth Speaker,Electronics,West,1999,1,15.0,1999,1699.15
ORD-20260713-0003,2026-07-13,2026-07-13 17:05:00,SKU-1006,Yoga Mat,Fitness,Unknown,599,1,10.0,599,539.1
ORD-20260713-0004,2026-07-13,2026-07-13 08:37:00,SKU-1010,USB-C Cable,Electronics,Central,199,2,0.0,398,398.0
ORD-20260713-0005,2026-07-13,2026-07-13 09:21:00,SKU-1004,Office Chair,Furniture,Unknown,5499,2,10.0,10998,9898.2
ORD-20260713-0006,2026-07-13,2026-07-13 21:28:00,SKU-1006,Yoga Mat,Fitness,South,599,2,15.0,1198,1018.3
ORD-20260713-0007,2026-07-13,2026-07-13 02:53:00,SKU-1009,Phone Case,Accessories,North,299,2,10.0,598,538.2
ORD-20260713-0008,2026-07-13,2026-07-13 19:17:00,SKU-1005,LED Desk Lamp,Furniture,Unknown,899,1,0.0,899,899.0
ORD-20260713-0009,2026-07-13,2026-07-13 08:07:00,SKU-1010,USB-C Cable,Electronics,Central,199,1,5.0,199,189.05
ORD-20260713-0010,2026-07-13,2026-07-13 21:07:00,SKU-1009,Phone Case,Accessories,North,299,2,0.0,598,598.0
ORD-20260713-0011,2026-07-13,2026-07-13 13:33:00,SKU-1009,Phone Case,Accessories,Unknown,299,2,10.0,598,538.2
ORD-20260713-0012,2026-07-13,2026-07-13 13:30:00,SKU-1009,Phone Case,Accessories,West,299,1,0.0,299,299.0
ORD-20260713-0013,2026-07-13,2026-07-13 18:36:00,SKU-1005,LED Desk Lamp,Furniture,South,899,1,15.0,899,764.15
ORD-20260713-0014,2026-07-13,2026-07-13 21:30:00,SKU-1003,Notebook Set,Stationery,East,249,2,0.0,498,498.0
ORD-20260713-0015,2026-07-13,2026-07-13 17:28:00,SKU-1009,Phone Case,Accessories,South,299,2,5.0,598,568.1
ORD-20260713-0016,2026-07-13,2026-07-13 10:32:00,SKU-1008,Backpack,Accessories,East,1499,1,0.0,1499,1499.0
ORD-20260713-0017,2026-07-13,2026-07-13 12:51:00,SKU-1010,USB-C Cable,Electronics,South,199,4,5.0,796,756.2
ORD-20260713-0018,2026-07-13,2026-07-13 20:55:00,SKU-1007,Water Bottle,Fitness,North,349,1,0.0,349,349.0
ORD-20260713-0019,2026-07-13,2026-07-13 13:00:00,SKU-1010,USB-C Cable,Electronics,Central,199,1,10.0,199,179.1
ORD-20260713-0020,2026-07-13,2026-07-13 04:05:00,SKU-1005,LED Desk Lamp,Furniture,South,899,1,0.0,899,899.0
ORD-20260713-0021,2026-07-13,2026-07-13 01:25:00,SKU-1001,Wireless Mouse,Electronics,Central,799,4,0.0,3196,3196.0
ORD-20260713-0022,2026-07-13,2026-07-13 19:03:00,SKU-1009,Phone Case,Accessories,East,299,1,0.0,299,299.0
ORD-20260713-0023,2026-07-13,2026-07-13 09:55:00,SKU-1003,Notebook Set,Stationery,East,249,2,0.0,498,498.0
ORD-20260713-0024,2026-07-13,2026-07-13 02:32:00,SKU-1005,LED Desk Lamp,Furniture,East,899,1,0.0,899,899.0
ORD-20260713-0025,2026-07-13,2026-07-13 04:09:00,SKU-1009,Phone Case,Accessories,West,299,1,0.0,299,299.0
ORD-20260713-0026,2026-07-13,2026-07-13 10:37:00,SKU-1009,Phone Case,Accessories,North,299,1,0.0,299,299.0
ORD-20260713-0027,2026-07-13,2026-07-13 01:45:00,SKU-1008,Backpack,Accessories,Central,1499,1,0.0,1499,1499.0
ORD-20260713-0028,2026-07-13,2026-07-13 07:37:00,SKU-1009,Phone Case,Accessories,South,299,1,0.0,299,299.0
ORD-20260713-0029,2026-07-13,2026-07-13 19:33:00,SKU-1009,Phone Case,Accessories,South,299,2,0.0,598,598.0
ORD-20260713-0030,2026-07-13,2026-07-13 23:27:00,SKU-1002,Bluetooth Speaker,Electronics,South,1999,1,0.0,1999,1999.0
ORD-20260713-0031,2026-07-13,2026-07-13 04:01:00,SKU-1003,Notebook Set,Stationery,Unknown,249,1,0.0,249,249.0
ORD-20260713-0032,2026-07-13,2026-07-13 23:58:00,SKU-1007,Water Bottle,Fitness,Unknown,349,1,10.0,349,314.1
ORD-20260713-0033,2026-07-13,2026-07-13 13:39:00,SKU-1010,USB-C Cable,Electronics,Central,199,3,10.0,597,537.3
ORD-20260713-0034,2026-07-13,2026-07-13 20:19:00,SKU-1008,Backpack,Accessories,Unknown,1499,3,0.0,4497,4497.0
ORD-20260713-0035,2026-07-13,2026-07-13 01:35:00,SKU-1004,Office Chair,Furniture,West,5499,2,0.0,10998,10998.0
ORD-20260713-0036,2026-07-13,2026-07-13 18:27:00,SKU-1008,Backpack,Accessories,North,1499,1,0.0,1499,1499.0
ORD-20260713-0037,2026-07-13,2026-07-13 01:22:00,SKU-1001,Wireless Mouse,Electronics,North,799,1,15.0,799,679.15
ORD-20260713-0038,2026-07-13,2026-07-13 01:49:00,SKU-1001,Wireless Mouse,Electronics,East,799,1,0.0,799,799.0
ORD-20260713-0039,2026-07-13,2026-07-13 00:17:00,SKU-1005,LED Desk Lamp,Furniture,East,899,1,0.0,899,899.0
ORD-20260713-0040,2026-07-13,2026-07-13 04:01:00,SKU-1005,LED Desk Lamp,Furniture,Central,899,1,0.0,899,899.0
ORD-20260713-0041,2026-07-13,2026-07-13 08:33:00,SKU-1003,Notebook Set,Stationery,South,249,1,5.0,249,236.55
ORD-20260713-0042,2026-07-13,2026-07-13 11:40:00,SKU-1009,Phone Case,Accessories,Unknown,299,2,0.0,598,598.0
ORD-20260713-0043,2026-07-13,2026-07-13 02:05:00,SKU-1003,Notebook Set,Stationery,Unknown,249,2,0.0,498,498.0
ORD-20260713-0044,2026-07-13,2026-07-13 14:27:00,SKU-1004,Office Chair,Furniture,Central,5499,1,15.0,5499,4674.15
ORD-20260713-0045,2026-07-13,2026-07-13 06:53:00,SKU-1008,Backpack,Accessories,North,1499,2,0.0,2998,2998.0
ORD-20260713-0046,2026-07-13,2026-07-13 20:26:00,SKU-1005,LED Desk Lamp,Furniture,East,899,1,0.0,899,899.0
ORD-20260713-0047,2026-07-13,2026-07-13 23:21:00,SKU-1007,Water Bottle,Fitness,South,349,1,0.0,349,349.0
ORD-20260713-0048,2026-07-13,2026-07-13 18:23:00,SKU-1008,Backpack,Accessories,South,1499,1,0.0,1499,1499.0
ORD-20260713-0049,2026-07-13,2026-07-13 11:56:00,SKU-1006,Yoga Mat,Fitness,Central,599,1,0.0,599,599.0
ORD-20260713-0050,2026-07-13,2026-07-13 12:18:00,SKU-1004,Office Chair,Furniture,West,5499,1,0.0,5499,5499.0
ORD-20260713-0051,2026-07-13,2026-07-13 15:52:00,SKU-1002,Bluetooth Speaker,Electronics,West,1999,1,10.0,1999,1799.1
ORD-20260713-0052,2026-07-13,2026-07-13 11:36:00,SKU-1005,LED Desk Lamp,Furniture,South,899,4,0.0,3596,3596.0
ORD-20260713-0053,2026-07-13,2026-07-13 14:44:00,SKU-1007,Water Bottle,Fitness,North,349,1,0.0,349,349.0
ORD-20260713-0054,2026-07-13,2026-07-13 20:52:00,SKU-1010,USB-C Cable,Electronics,Unknown,199,3,0.0,597,597.0
ORD-20260713-0055,2026-07-13,2026-07-13 06:01:00,SKU-1003,Notebook Set,Stationery,East,249,2,0.0,498,498.0
ORD-20260713-0056,2026-07-13,2026-07-13 17:41:00,SKU-1010,USB-C Cable,Electronics,Central,199,2,5.0,398,378.1
ORD-20260713-0057,2026-07-13,2026-07-13 02:15:00,SKU-1005,LED Desk Lamp,Furniture,North,899,2,10.0,1798,1618.2
ORD-20260713-0058,2026-07-13,2026-07-13 04:14:00,SKU-1010,USB-C Cable,Electronics,West,199,2,0.0,398,398.0
ORD-20260713-0059,2026-07-13,2026-07-13 00:56:00,SKU-1006,Yoga Mat,Fitness,Unknown,599,1,0.0,599,599.0
ORD-20260713-0060,2026-07-13,2026-07-13 02:54:00,SKU-1010,USB-C Cable,Electronics,South,199,1,15.0,199,169.15
ORD-20260713-0061,2026-07-13,2026-07-13 10:28:00,SKU-1007,Water Bottle,Fitness,North,349,1,0.0,349,349.0
ORD-20260713-0062,2026-07-13,2026-07-13 03:54:00,SKU-1003,Notebook Set,Stationery,East,249,3,0.0,747,747.0
ORD-20260713-0063,2026-07-13,2026-07-13 12:12:00,SKU-1009,Phone Case,Accessories,Central,299,2,5.0,598,568.1
ORD-20260713-0064,2026-07-13,2026-07-13 00:09:00,SKU-1008,Backpack,Accessories,North,1499,1,10.0,1499,1349.1
ORD-20260713-0065,2026-07-13,2026-07-13 00:32:00,SKU-1002,Bluetooth Speaker,Electronics,South,1999,2,5.0,3998,3798.1
ORD-20260713-0066,2026-07-13,2026-07-13 10:09:00,SKU-1009,Phone Case,Accessories,Central,299,1,5.0,299,284.05
ORD-20260713-0067,2026-07-13,2026-07-13 23:50:00,SKU-1006,Yoga Mat,Fitness,East,599,1,5.0,599,569.05
ORD-20260713-0068,2026-07-13,2026-07-13 01:25:00,SKU-1010,USB-C Cable,Electronics,East,199,1,0.0,199,199.0
ORD-20260713-0069,2026-07-13,2026-07-13 04:16:00,SKU-1009,Phone Case,Accessories,Central,299,3,10.0,897,807.3
ORD-20260713-0070,2026-07-13,2026-07-13 12:05:00,SKU-1010,USB-C Cable,Electronics,North,199,2,0.0,398,398.0
ORD-20260713-0071,2026-07-13,2026-07-13 11:28:00,SKU-1010,USB-C Cable,Electronics,Unknown,199,1,0.0,199,199.0
ORD-20260713-0072,2026-07-13,2026-07-13 21:56:00,SKU-1002,Bluetooth Speaker,Electronics,South,1999,1,10.0,1999,1799.1
ORD-20260713-0073,2026-07-13,2026-07-13 07:45:00,SKU-1001,Wireless Mouse,Electronics,East,799,3,0.0,2397,2397.0
ORD-20260713-0074,2026-07-13,2026-07-13 08:14:00,SKU-1010,USB-C Cable,Electronics,South,199,1,0.0,199,199.0
ORD-20260713-0075,2026-07-13,2026-07-13 21:55:00,SKU-1009,Phone Case,Accessories,South,299,1,0.0,299,299.0
ORD-20260713-0076,2026-07-13,2026-07-13 15:13:00,SKU-1009,Phone Case,Accessories,North,299,1,0.0,299,299.0
ORD-20260714-0000,2026-07-14,2026-07-14 05:02:00,SKU-1008,Backpack,Accessories,West,1499,2,5.0,2998,2848.1
ORD-20260714-0001,2026-07-14,2026-07-14 22:42:00,SKU-1009,Phone Case,Accessories,East,299,2,15.0,598,508.3
ORD-20260714-0002,2026-07-14,2026-07-14 01:22:00,SKU-1003,Notebook Set,Stationery,North,249,4,0.0,996,996.0
ORD-20260714-0003,2026-07-14,2026-07-14 19:58:00,SKU-1007,Water Bottle,Fitness,Unknown,349,2,15.0,698,593.3
ORD-20260714-0004,2026-07-14,2026-07-14 19:37:00,SKU-1004,Office Chair,Furniture,North,5499,1,0.0,5499,5499.0
ORD-20260714-0005,2026-07-14,2026-07-14 15:37:00,SKU-1003,Notebook Set,Stationery,Unknown,249,2,15.0,498,423.3
ORD-20260714-0006,2026-07-14,2026-07-14 10:00:00,SKU-1004,Office Chair,Furniture,West,5499,1,0.0,5499,5499.0
ORD-20260714-0007,2026-07-14,2026-07-14 02:40:00,SKU-1007,Water Bottle,Fitness,South,349,1,0.0,349,349.0
ORD-20260714-0008,2026-07-14,2026-07-14 06:00:00,SKU-1001,Wireless Mouse,Electronics,Unknown,799,1,0.0,799,799.0
ORD-20260714-0009,2026-07-14,2026-07-14 21:06:00,SKU-1010,USB-C Cable,Electronics,South,199,1,0.0,199,199.0
ORD-20260714-0010,2026-07-14,2026-07-14 23:22:00,SKU-1003,Notebook Set,Stationery,Central,249,1,0.0,249,249.0
ORD-20260714-0011,2026-07-14,2026-07-14 09:15:00,SKU-1002,Bluetooth Speaker,Electronics,Central,1999,3,5.0,5997,5697.15
ORD-20260714-0012,2026-07-14,2026-07-14 11:28:00,SKU-1010,USB-C Cable,Electronics,Central,199,1,15.0,199,169.15
ORD-20260714-0013,2026-07-14,2026-07-14 02:15:00,SKU-1010,USB-C Cable,Electronics,South,199,2,10.0,398,358.2
ORD-20260714-0014,2026-07-14,2026-07-14 10:59:00,SKU-1003,Notebook Set,Stationery,South,249,2,0.0,498,498.0
ORD-20260714-0015,2026-07-14,2026-07-14 21:05:00,SKU-1008,Backpack,Accessories,Central,1499,1,0.0,1499,1499.0
ORD-20260714-0016,2026-07-14,2026-07-14 07:15:00,SKU-1006,Yoga Mat,Fitness,South,599,2,0.0,1198,1198.0
ORD-20260714-0017,2026-07-14,2026-07-14 02:56:00,SKU-1009,Phone Case,Accessories,West,299,2,15.0,598,508.3
ORD-20260714-0018,2026-07-14,2026-07-14 20:47:00,SKU-1006,Yoga Mat,Fitness,South,599,3,0.0,1797,1797.0
ORD-20260714-0019,2026-07-14,2026-07-14 03:47:00,SKU-1006,Yoga Mat,Fitness,West,599,1,0.0,599,599.0
ORD-20260714-0020,2026-07-14,2026-07-14 08:33:00,SKU-1002,Bluetooth Speaker,Electronics,South,1999,3,0.0,5997,5997.0
ORD-20260714-0021,2026-07-14,2026-07-14 19:46:00,SKU-1001,Wireless Mouse,Electronics,Central,799,1,0.0,799,799.0
ORD-20260714-0022,2026-07-14,2026-07-14 05:20:00,SKU-1003,Notebook Set,Stationery,North,249,2,0.0,498,498.0
ORD-20260714-0023,2026-07-14,2026-07-14 22:13:00,SKU-1005,LED Desk Lamp,Furniture,East,899,3,10.0,2697,2427.3
ORD-20260714-0024,2026-07-14,2026-07-14 03:36:00,SKU-1005,LED Desk Lamp,Furniture,Central,899,2,5.0,1798,1708.1
ORD-20260714-0025,2026-07-14,2026-07-14 13:19:00,SKU-1010,USB-C Cable,Electronics,North,199,1,0.0,199,199.0
ORD-20260714-0026,2026-07-14,2026-07-14 04:02:00,SKU-1005,LED Desk Lamp,Furniture,West,899,2,0.0,1798,1798.0
ORD-20260714-0027,2026-07-14,2026-07-14 21:00:00,SKU-1001,Wireless Mouse,Electronics,East,799,1,0.0,799,799.0
ORD-20260714-0028,2026-07-14,2026-07-14 16:33:00,SKU-1010,USB-C Cable,Electronics,East,199,1,5.0,199,189.05
ORD-20260714-0029,2026-07-14,2026-07-14 12:15:00,SKU-1006,Yoga Mat,Fitness,West,599,1,0.0,599,599.0
ORD-20260714-0030,2026-07-14,2026-07-14 23:27:00,SKU-1002,Bluetooth Speaker,Electronics,North,1999,1,5.0,1999,1899.05
ORD-20260714-0031,2026-07-14,2026-07-14 12:05:00,SKU-1008,Backpack,Accessories,West,1499,2,5.0,2998,2848.1
ORD-20260714-0032,2026-07-14,2026-07-14 09:39:00,SKU-1001,Wireless Mouse,Electronics,North,799,1,10.0,799,719.1
ORD-20260714-0033,2026-07-14,2026-07-14 18:54:00,SKU-1009,Phone Case,Accessories,North,299,1,5.0,299,284.05
ORD-20260714-0034,2026-07-14,2026-07-14 23:38:00,SKU-1003,Notebook Set,Stationery,Central,249,1,10.0,249,224.1
ORD-20260714-0035,2026-07-14,2026-07-14 17:31:00,SKU-1008,Backpack,Accessories,North,1499,3,0.0,4497,4497.0
ORD-20260714-0036,2026-07-14,2026-07-14 20:48:00,SKU-1002,Bluetooth Speaker,Electronics,Unknown,1999,3,5.0,5997,5697.15
ORD-20260714-0037,2026-07-14,2026-07-14 20:48:00,SKU-1006,Yoga Mat,Fitness,Central,599,2,0.0,1198,1198.0
ORD-20260714-0038,2026-07-14,2026-07-14 19:05:00,SKU-1010,USB-C Cable,Electronics,East,199,2,0.0,398,398.0
ORD-20260714-0039,2026-07-14,2026-07-14 17:34:00,SKU-1001,Wireless Mouse,Electronics,North,799,1,5.0,799,759.05
ORD-20260714-0040,2026-07-14,2026-07-14 23:55:00,SKU-1007,Water Bottle,Fitness,Central,349,2,0.0,698,698.0
ORD-20260714-0041,2026-07-14,2026-07-14 20:24:00,SKU-1004,Office Chair,Furniture,East,5499,3,10.0,16497,14847.3
ORD-20260714-0042,2026-07-14,2026-07-14 20:56:00,SKU-1008,Backpack,Accessories,West,1499,1,0.0,1499,1499.0
ORD-20260714-0043,2026-07-14,2026-07-14 20:30:00,SKU-1002,Bluetooth Speaker,Electronics,Unknown,1999,1,5.0,1999,1899.05
ORD-20260714-0044,2026-07-14,2026-07-14 14:35:00,SKU-1008,Backpack,Accessories,Central,1499,1,0.0,1499,1499.0
ORD-20260714-0045,2026-07-14,2026-07-14 15:17:00,SKU-1002,Bluetooth Speaker,Electronics,South,1999,2,5.0,3998,3798.1
ORD-20260714-0046,2026-07-14,2026-07-14 11:51:00,SKU-1002,Bluetooth Speaker,Electronics,South,1999,1,0.0,1999,1999.0
ORD-20260714-0047,2026-07-14,2026-07-14 21:59:00,SKU-1001,Wireless Mouse,Electronics,Central,799,1,0.0,799,799.0
ORD-20260714-0048,2026-07-14,2026-07-14 16:47:00,SKU-1001,Wireless Mouse,Electronics,South,799,4,0.0,3196,3196.0
ORD-20260714-0049,2026-07-14,2026-07-14 06:05:00,SKU-1002,Bluetooth Speaker,Electronics,East,1999,1,15.0,1999,1699.15
ORD-20260714-0050,2026-07-14,2026-07-14 08:35:00,SKU-1005,LED Desk Lamp,Furniture,West,899,3,0.0,2697,2697.0
ORD-20260714-0051,2026-07-14,2026-07-14 18:49:00,SKU-1001,Wireless Mouse,Electronics,Central,799,1,0.0,799,799.0
ORD-20260714-0052,2026-07-14,2026-07-14 04:51:00,SKU-1008,Backpack,Accessories,North,1499,1,15.0,1499,1274.15
ORD-20260714-0053,2026-07-14,2026-07-14 01:15:00,SKU-1002,Bluetooth Speaker,Electronics,Unknown,1999,1,0.0,1999,1999.0
ORD-20260714-0054,2026-07-14,2026-07-14 01:18:00,SKU-1006,Yoga Mat,Fitness,South,599,2,5.0,1198,1138.1
ORD-20260714-0055,2026-07-14,2026-07-14 08:13:00,SKU-1006,Yoga Mat,Fitness,North,599,2,15.0,1198,1018.3
ORD-20260714-0056,2026-07-14,2026-07-14 11:56:00,SKU-1009,Phone Case,Accessories,West,299,3,5.0,897,852.15
ORD-20260714-0057,2026-07-14,2026-07-14 02:00:00,SKU-1001,Wireless Mouse,Electronics,Central,799,1,15.0,799,679.15
ORD-20260714-0058,2026-07-14,2026-07-14 19:19:00,SKU-1004,Office Chair,Furniture,Unknown,5499,1,0.0,5499,5499.0
ORD-20260714-0059,2026-07-14,2026-07-14 00:54:00,SKU-1007,Water Bottle,Fitness,North,349,1,15.0,349,296.65
ORD-20260714-0060,2026-07-14,2026-07-14 16:48:00,SKU-1007,Water Bottle,Fitness,West,349,1,5.0,349,331.55
ORD-20260714-0061,2026-07-14,2026-07-14 09:27:00,SKU-1003,Notebook Set,Stationery,South,249,1,0.0,249,249.0
ORD-20260714-0062,2026-07-14,2026-07-14 12:46:00,SKU-1004,Office Chair,Furniture,East,5499,1,0.0,5499,5499.0
ORD-20260714-0063,2026-07-14,2026-07-14 23:36:00,SKU-1004,Office Chair,Furniture,East,5499,1,0.0,5499,5499.0
ORD-20260714-0064,2026-07-14,2026-07-14 03:09:00,SKU-1001,Wireless Mouse,Electronics,Central,799,3,15.0,2397,2037.45
ORD-20260714-0065,2026-07-14,2026-07-14 13:28:00,SKU-1004,Office Chair,Furniture,South,5499,1,0.0,5499,5499.0
ORD-20260714-0066,2026-07-14,2026-07-14 16:37:00,SKU-1004,Office Chair,Furniture,Unknown,5499,2,15.0,10998,9348.3
ORD-20260714-0067,2026-07-14,2026-07-14 20:16:00,SKU-1004,Office Chair,Furniture,West,5499,2,0.0,10998,10998.0
ORD-20260714-0068,2026-07-14,2026-07-14 10:23:00,SKU-1007,Water Bottle,Fitness,Unknown,349,3,0.0,1047,1047.0
ORD-20260714-0069,2026-07-14,2026-07-14 15:37:00,SKU-1004,Office Chair,Furniture,Central,5499,1,0.0,5499,5499.0
ORD-20260714-0070,2026-07-14,2026-07-14 05:30:00,SKU-1001,Wireless Mouse,Electronics,West,799,2,0.0,1598,1598.0
ORD-20260714-0071,2026-07-14,2026-07-14 00:08:00,SKU-1010,USB-C Cable,Electronics,North,199,1,0.0,199,199.0
ORD-20260714-0072,2026-07-14,2026-07-14 15:17:00,SKU-1004,Office Chair,Furniture,North,5499,3,10.0,16497,14847.3
ORD-20260714-0073,2026-07-14,2026-07-14 13:02:00,SKU-1010,USB-C Cable,Electronics,Unknown,199,1,0.0,199,199.0
ORD-20260714-0074,2026-07-14,2026-07-14 10:34:00,SKU-1004,Office Chair,Furniture,North,5499,2,5.0,10998,10448.1
ORD-20260714-0075,2026-07-14,2026-07-14 05:52:00,SKU-1009,Phone Case,Accessories,North,299,1,0.0,299,299.0
ORD-20260714-0076,2026-07-14,2026-07-14 04:57:00,SKU-1008,Backpack,Accessories,West,1499,1,0.0,1499,1499.0
ORD-20260714-0077,2026-07-14,2026-07-14 11:53:00,SKU-1005,LED Desk Lamp,Furniture,West,899,1,0.0,899,899.0
ORD-20260714-0078,2026-07-14,2026-07-14 02:11:00,SKU-1003,Notebook Set,Stationery,West,249,4,0.0,996,996.0
ORD-20260714-0079,2026-07-14,2026-07-14 17:55:00,SKU-1010,USB-C Cable,Electronics,South,199,4,0.0,796,796.0
ORD-20260714-0080,2026-07-14,2026-07-14 20:53:00,SKU-1008,Backpack,Accessories,East,1499,3,0.0,4497,4497.0
ORD-20260714-0081,2026-07-14,2026-07-14 20:26:00,SKU-1008,Backpack,Accessories,North,1499,4,0.0,5996,5996.0
ORD-20260714-0082,2026-07-14,2026-07-14 03:12:00,SKU-1009,Phone Case,Accessories,West,299,2,0.0,598,598.0
ORD-20260714-0083,2026-07-14,2026-07-14 17:07:00,SKU-1006,Yoga Mat,Fitness,West,599,1,0.0,599,599.0
ORD-20260714-0084,2026-07-14,2026-07-14 16:42:00,SKU-1009,Phone Case,Accessories,East,299,2,10.0,598,538.2
ORD-20260714-0085,2026-07-14,2026-07-14 02:01:00,SKU-1006,Yoga Mat,Fitness,Unknown,599,2,5.0,1198,1138.1
ORD-20260714-0086,2026-07-14,2026-07-14 05:54:00,SKU-1010,USB-C Cable,Electronics,East,199,1,0.0,199,199.0
ORD-20260714-0087,2026-07-14,2026-07-14 19:27:00,SKU-1009,Phone Case,Accessories,North,299,1,15.0,299,254.15
ORD-20260714-0088,2026-07-14,2026-07-14 01:46:00,SKU-1007,Water Bottle,Fitness,West,349,1,0.0,349,349.0
ORD-20260714-0089,2026-07-14,2026-07-14 19:37:00,SKU-1005,LED Desk Lamp,Furniture,West,899,2,5.0,1798,1708.1
ORD-20260714-0090,2026-07-14,2026-07-14 08:23:00,SKU-1002,Bluetooth Speaker,Electronics,North,1999,1,10.0,1999,1799.1
ORD-20260714-0091,2026-07-14,2026-07-14 01:40:00,SKU-1004,Office Chair,Furniture,East,5499,1,0.0,5499,5499.0
ORD-20260714-0092,2026-07-14,2026-07-14 22:19:00,SKU-1008,Backpack,Accessories,Central,1499,4,10.0,5996,5396.4
ORD-20260714-0093,2026-07-14,2026-07-14 02:50:00,SKU-1004,Office Chair,Furniture,North,5499,1,0.0,5499,5499.0
ORD-20260714-0094,2026-07-14,2026-07-14 00:36:00,SKU-1007,Water Bottle,Fitness,Central,349,1,0.0,349,349.0
ORD-20260714-0095,2026-07-14,2026-07-14 13:12:00,SKU-1010,USB-C Cable,Electronics,Central,199,1,0.0,199,199.0
ORD-20260714-0096,2026-07-14,2026-07-14 18:42:00,SKU-1001,Wireless Mouse,Electronics,South,799,1,0.0,799,799.0
ORD-20260714-0097,2026-07-14,2026-07-14 04:11:00,SKU-1004,Office Chair,Furniture,Unknown,5499,2,10.0,10998,9898.2
ORD-20260714-0098,2026-07-14,2026-07-14 14:20:00,SKU-1006,Yoga Mat,Fitness,Central,599,1,0.0,599,599.0
ORD-20260714-0099,2026-07-14,2026-07-14 04:07:00,SKU-1003,Notebook Set,Stationery,East,249,2,0.0,498,498.0
ORD-20260714-0100,2026-07-14,2026-07-14 16:06:00,SKU-1009,Phone Case,Accessories,Central,299,1,5.0,299,284.05
ORD-20260714-0101,2026-07-14,2026-07-14 11:11:00,SKU-1010,USB-C Cable,Electronics,Unknown,199,2,15.0,398,338.3
ORD-20260714-0102,2026-07-14,2026-07-14 03:09:00,SKU-1009,Phone Case,Accessories,East,299,1,15.0,299,254.15
ORD-20260714-0103,2026-07-14,2026-07-14 01:07:00,SKU-1003,Notebook Set,Stationery,North,249,2,10.0,498,448.2
ORD-20260714-0104,2026-07-14,2026-07-14 10:02:00,SKU-1006,Yoga Mat,Fitness,North,599,2,10.0,1198,1078.2
ORD-20260714-0105,2026-07-14,2026-07-14 08:14:00,SKU-1003,Notebook Set,Stationery,East,249,2,0.0,498,498.0
ORD-20260715-0000,2026-07-15,2026-07-15 21:16:00,SKU-1004,Office Chair,Furniture,North,5499,2,0.0,10998,10998.0
ORD-20260715-0001,2026-07-15,2026-07-15 21:39:00,SKU-1002,Bluetooth Speaker,Electronics,North,1999,1,5.0,1999,1899.05
ORD-20260715-0002,2026-07-15,2026-07-15 09:28:00,SKU-1006,Yoga Mat,Fitness,South,599,1,15.0,599,509.15
ORD-20260715-0003,2026-07-15,2026-07-15 07:48:00,SKU-1001,Wireless Mouse,Electronics,North,799,2,15.0,1598,1358.3
ORD-20260715-0004,2026-07-15,2026-07-15 03:32:00,SKU-1008,Backpack,Accessories,East,1499,1,0.0,1499,1499.0
ORD-20260715-0005,2026-07-15,2026-07-15 11:21:00,SKU-1010,USB-C Cable,Electronics,Central,199,1,0.0,199,199.0
ORD-20260715-0006,2026-07-15,2026-07-15 10:20:00,SKU-1006,Yoga Mat,Fitness,Unknown,599,2,0.0,1198,1198.0
ORD-20260715-0007,2026-07-15,2026-07-15 13:47:00,SKU-1004,Office Chair,Furniture,North,5499,1,0.0,5499,5499.0
ORD-20260715-0008,2026-07-15,2026-07-15 21:47:00,SKU-1002,Bluetooth Speaker,Electronics,East,1999,1,15.0,1999,1699.15
ORD-20260715-0009,2026-07-15,2026-07-15 04:52:00,SKU-1009,Phone Case,Accessories,East,299,1,0.0,299,299.0
ORD-20260715-0010,2026-07-15,2026-07-15 01:38:00,SKU-1001,Wireless Mouse,Electronics,Central,799,2,5.0,1598,1518.1
ORD-20260715-0011,2026-07-15,2026-07-15 14:15:00,SKU-1010,USB-C Cable,Electronics,Unknown,199,2,10.0,398,358.2
ORD-20260715-0012,2026-07-15,2026-07-15 12:04:00,SKU-1010,USB-C Cable,Electronics,Central,199,4,0.0,796,796.0
ORD-20260715-0013,2026-07-15,2026-07-15 05:16:00,SKU-1003,Notebook Set,Stationery,Central,249,4,0.0,996,996.0
ORD-20260715-0014,2026-07-15,2026-07-15 09:35:00,SKU-1010,USB-C Cable,Electronics,East,199,4,5.0,796,756.2
ORD-20260715-0015,2026-07-15,2026-07-15 16:31:00,SKU-1010,USB-C Cable,Electronics,North,199,2,0.0,398,398.0
ORD-20260715-0016,2026-07-15,2026-07-15 17:33:00,SKU-1006,Yoga Mat,Fitness,Unknown,599,2,10.0,1198,1078.2
ORD-20260715-0017,2026-07-15,2026-07-15 09:29:00,SKU-1008,Backpack,Accessories,South,1499,2,15.0,2998,2548.3
ORD-20260715-0018,2026-07-15,2026-07-15 04:28:00,SKU-1008,Backpack,Accessories,West,1499,1,10.0,1499,1349.1
ORD-20260715-0019,2026-07-15,2026-07-15 08:53:00,SKU-1005,LED Desk Lamp,Furniture,South,899,3,5.0,2697,2562.15
ORD-20260715-0020,2026-07-15,2026-07-15 11:17:00,SKU-1008,Backpack,Accessories,Unknown,1499,1,10.0,1499,1349.1
ORD-20260715-0021,2026-07-15,2026-07-15 03:28:00,SKU-1007,Water Bottle,Fitness,North,349,1,15.0,349,296.65
ORD-20260715-0022,2026-07-15,2026-07-15 20:40:00,SKU-1010,USB-C Cable,Electronics,East,199,2,5.0,398,378.1
ORD-20260715-0023,2026-07-15,2026-07-15 08:38:00,SKU-1002,Bluetooth Speaker,Electronics,South,1999,1,5.0,1999,1899.05
ORD-20260715-0024,2026-07-15,2026-07-15 19:08:00,SKU-1005,LED Desk Lamp,Furniture,South,899,1,0.0,899,899.0
ORD-20260715-0025,2026-07-15,2026-07-15 13:49:00,SKU-1010,USB-C Cable,Electronics,North,199,1,0.0,199,199.0
ORD-20260715-0026,2026-07-15,2026-07-15 05:01:00,SKU-1002,Bluetooth Speaker,Electronics,South,1999,1,15.0,1999,1699.15
ORD-20260715-0027,2026-07-15,2026-07-15 06:13:00,SKU-1002,Bluetooth Speaker,Electronics,Central,1999,2,0.0,3998,3998.0
ORD-20260715-0028,2026-07-15,2026-07-15 11:03:00,SKU-1003,Notebook Set,Stationery,South,249,2,0.0,498,498.0
ORD-20260715-0029,2026-07-15,2026-07-15 15:02:00,SKU-1001,Wireless Mouse,Electronics,Central,799,1,0.0,799,799.0
ORD-20260715-0030,2026-07-15,2026-07-15 07:13:00,SKU-1004,Office Chair,Furniture,Central,5499,1,15.0,5499,4674.15
ORD-20260715-0031,2026-07-15,2026-07-15 11:52:00,SKU-1004,Office Chair,Furniture,Unknown,5499,2,5.0,10998,10448.1
ORD-20260715-0032,2026-07-15,2026-07-15 06:31:00,SKU-1003,Notebook Set,Stationery,Central,249,3,15.0,747,634.95
ORD-20260715-0033,2026-07-15,2026-07-15 06:40:00,SKU-1002,Bluetooth Speaker,Electronics,West,1999,1,0.0,1999,1999.0
ORD-20260715-0034,2026-07-15,2026-07-15 04:31:00,SKU-1004,Office Chair,Furniture,South,5499,3,5.0,16497,15672.15
ORD-20260715-0035,2026-07-15,2026-07-15 23:27:00,SKU-1003,Notebook Set,Stationery,Central,249,3,10.0,747,672.3
ORD-20260715-0036,2026-07-15,2026-07-15 14:14:00,SKU-1007,Water Bottle,Fitness,West,349,2,0.0,698,698.0
ORD-20260715-0037,2026-07-15,2026-07-15 21:10:00,SKU-1001,Wireless Mouse,Electronics,Central,799,1,15.0,799,679.15
ORD-20260715-0038,2026-07-15,2026-07-15 22:56:00,SKU-1003,Notebook Set,Stationery,West,249,2,0.0,498,498.0
ORD-20260715-0039,2026-07-15,2026-07-15 07:09:00,SKU-1009,Phone Case,Accessories,Unknown,299,1,0.0,299,299.0
ORD-20260715-0040,2026-07-15,2026-07-15 17:18:00,SKU-1002,Bluetooth Speaker,Electronics,East,1999,2,5.0,3998,3798.1
ORD-20260715-0041,2026-07-15,2026-07-15 08:02:00,SKU-1006,Yoga Mat,Fitness,Unknown,599,2,15.0,1198,1018.3
ORD-20260715-0042,2026-07-15,2026-07-15 00:29:00,SKU-1007,Water Bottle,Fitness,East,349,1,5.0,349,331.55
ORD-20260715-0043,2026-07-15,2026-07-15 18:02:00,SKU-1002,Bluetooth Speaker,Electronics,Central,1999,4,10.0,7996,7196.4
ORD-20260715-0044,2026-07-15,2026-07-15 11:25:00,SKU-1009,Phone Case,Accessories,Central,299,1,0.0,299,299.0
ORD-20260715-0045,2026-07-15,2026-07-15 07:59:00,SKU-1003,Notebook Set,Stationery,West,249,1,0.0,249,249.0
ORD-20260715-0046,2026-07-15,2026-07-15 01:21:00,SKU-1007,Water Bottle,Fitness,West,349,2,5.0,698,663.1
ORD-20260715-0047,2026-07-15,2026-07-15 18:55:00,SKU-1010,USB-C Cable,Electronics,South,199,2,5.0,398,378.1
ORD-20260715-0048,2026-07-15,2026-07-15 04:29:00,SKU-1010,USB-C Cable,Electronics,East,199,4,0.0,796,796.0
ORD-20260715-0049,2026-07-15,2026-07-15 20:13:00,SKU-1005,LED Desk Lamp,Furniture,North,899,1,0.0,899,899.0
ORD-20260715-0050,2026-07-15,2026-07-15 07:34:00,SKU-1008,Backpack,Accessories,West,1499,1,10.0,1499,1349.1
ORD-20260715-0051,2026-07-15,2026-07-15 23:03:00,SKU-1010,USB-C Cable,Electronics,North,199,1,5.0,199,189.05
ORD-20260715-0052,2026-07-15,2026-07-15 03:08:00,SKU-1003,Notebook Set,Stationery,East,249,2,0.0,498,498.0
ORD-20260715-0053,2026-07-15,2026-07-15 22:29:00,SKU-1004,Office Chair,Furniture,North,5499,1,0.0,5499,5499.0
ORD-20260715-0054,2026-07-15,2026-07-15 10:27:00,SKU-1006,Yoga Mat,Fitness,Unknown,599,1,0.0,599,599.0
ORD-20260715-0055,2026-07-15,2026-07-15 17:59:00,SKU-1010,USB-C Cable,Electronics,West,199,1,0.0,199,199.0
ORD-20260715-0056,2026-07-15,2026-07-15 08:23:00,SKU-1002,Bluetooth Speaker,Electronics,West,1999,2,15.0,3998,3398.3
ORD-20260715-0057,2026-07-15,2026-07-15 03:35:00,SKU-1010,USB-C Cable,Electronics,Central,199,1,0.0,199,199.0
ORD-20260715-0058,2026-07-15,2026-07-15 11:56:00,SKU-1006,Yoga Mat,Fitness,South,599,2,5.0,1198,1138.1
ORD-20260715-0059,2026-07-15,2026-07-15 17:08:00,SKU-1007,Water Bottle,Fitness,Central,349,1,0.0,349,349.0
ORD-20260715-0060,2026-07-15,2026-07-15 08:07:00,SKU-1006,Yoga Mat,Fitness,Unknown,599,1,0.0,599,599.0
ORD-20260715-0061,2026-07-15,2026-07-15 02:04:00,SKU-1007,Water Bottle,Fitness,East,349,1,0.0,349,349.0
ORD-20260715-0062,2026-07-15,2026-07-15 08:02:00,SKU-1005,LED Desk Lamp,Furniture,West,899,1,5.0,899,854.05
ORD-20260715-0063,2026-07-15,2026-07-15 04:43:00,SKU-1004,Office Chair,Furniture,West,5499,1,10.0,5499,4949.1
ORD-20260715-0064,2026-07-15,2026-07-15 08:52:00,SKU-1007,Water Bottle,Fitness,East,349,2,15.0,698,593.3
ORD-20260715-0065,2026-07-15,2026-07-15 13:36:00,SKU-1008,Backpack,Accessories,North,1499,2,15.0,2998,2548.3
ORD-20260715-0066,2026-07-15,2026-07-15 06:30:00,SKU-1009,Phone Case,Accessories,West,299,4,0.0,1196,1196.0
ORD-20260715-0067,2026-07-15,2026-07-15 07:28:00,SKU-1009,Phone Case,Accessories,West,299,3,0.0,897,897.0
ORD-20260715-0068,2026-07-15,2026-07-15 19:21:00,SKU-1007,Water Bottle,Fitness,Unknown,349,2,5.0,698,663.1
ORD-20260715-0069,2026-07-15,2026-07-15 03:16:00,SKU-1005,LED Desk Lamp,Furniture,South,899,1,15.0,899,764.15
ORD-20260715-0070,2026-07-15,2026-07-15 09:29:00,SKU-1008,Backpack,Accessories,East,1499,1,0.0,1499,1499.0
ORD-20260715-0071,2026-07-15,2026-07-15 07:23:00,SKU-1008,Backpack,Accessories,Unknown,1499,2,0.0,2998,2998.0
ORD-20260715-0072,2026-07-15,2026-07-15 21:03:00,SKU-1007,Water Bottle,Fitness,West,349,1,0.0,349,349.0
ORD-20260715-0073,2026-07-15,2026-07-15 21:27:00,SKU-1010,USB-C Cable,Electronics,Central,199,1,0.0,199,199.0
ORD-20260715-0074,2026-07-15,2026-07-15 03:56:00,SKU-1004,Office Chair,Furniture,South,5499,1,15.0,5499,4674.15
ORD-20260715-0075,2026-07-15,2026-07-15 04:19:00,SKU-1009,Phone Case,Accessories,Unknown,299,1,15.0,299,254.15
ORD-20260715-0076,2026-07-15,2026-07-15 14:40:00,SKU-1010,USB-C Cable,Electronics,West,199,1,0.0,199,199.0
ORD-20260715-0077,2026-07-15,2026-07-15 20:52:00,SKU-1009,Phone Case,Accessories,East,299,1,0.0,299,299.0
ORD-20260715-0078,2026-07-15,2026-07-15 12:13:00,SKU-1001,Wireless Mouse,Electronics,West,799,1,15.0,799,679.15
ORD-20260715-0079,2026-07-15,2026-07-15 22:56:00,SKU-1008,Backpack,Accessories,North,1499,1,0.0,1499,1499.0
ORD-20260715-0080,2026-07-15,2026-07-15 04:48:00,SKU-1007,Water Bottle,Fitness,South,349,2,0.0,698,698.0
ORD-20260715-0081,2026-07-15,2026-07-15 05:10:00,SKU-1009,Phone Case,Accessories,Central,299,1,0.0,299,299.0
ORD-20260715-0082,2026-07-15,2026-07-15 20:13:00,SKU-1010,USB-C Cable,Electronics,West,199,1,10.0,199,179.1
ORD-20260715-0083,2026-07-15,2026-07-15 11:48:00,SKU-1002,Bluetooth Speaker,Electronics,Central,1999,1,5.0,1999,1899.05
ORD-20260715-0084,2026-07-15,2026-07-15 15:07:00,SKU-1004,Office Chair,Furniture,South,5499,2,10.0,10998,9898.2
ORD-20260715-0085,2026-07-15,2026-07-15 04:16:00,SKU-1010,USB-C Cable,Electronics,North,199,1,0.0,199,199.0
ORD-20260715-0086,2026-07-15,2026-07-15 05:38:00,SKU-1002,Bluetooth Speaker,Electronics,West,1999,1,0.0,1999,1999.0
ORD-20260715-0087,2026-07-15,2026-07-15 15:28:00,SKU-1001,Wireless Mouse,Electronics,Central,799,3,5.0,2397,2277.15
ORD-20260715-0088,2026-07-15,2026-07-15 15:04:00,SKU-1005,LED Desk Lamp,Furniture,South,899,1,0.0,899,899.0
ORD-20260715-0089,2026-07-15,2026-07-15 20:57:00,SKU-1007,Water Bottle,Fitness,East,349,1,0.0,349,349.0
ORD-20260715-0090,2026-07-15,2026-07-15 06:02:00,SKU-1006,Yoga Mat,Fitness,Central,599,1,0.0,599,599.0
ORD-20260715-0091,2026-07-15,2026-07-15 16:08:00,SKU-1010,USB-C Cable,Electronics,North,199,1,0.0,199,199.0
ORD-20260716-0000,2026-07-16,2026-07-16 07:41:00,SKU-1003,Notebook Set,Stationery,South,249,1,0.0,249,249.0
ORD-20260716-0001,2026-07-16,2026-07-16 07:06:00,SKU-1009,Phone Case,Accessories,North,299,1,0.0,299,299.0
ORD-20260716-0002,2026-07-16,2026-07-16 01:00:00,SKU-1004,Office Chair,Furniture,North,5499,1,5.0,5499,5224.05
ORD-20260716-0003,2026-07-16,2026-07-16 23:47:00,SKU-1005,LED Desk Lamp,Furniture,Central,899,2,15.0,1798,1528.3
ORD-20260716-0004,2026-07-16,2026-07-16 09:37:00,SKU-1004,Office Chair,Furniture,West,5499,1,5.0,5499,5224.05
ORD-20260716-0005,2026-07-16,2026-07-16 11:35:00,SKU-1002,Bluetooth Speaker,Electronics,Central,1999,1,0.0,1999,1999.0
ORD-20260716-0006,2026-07-16,2026-07-16 01:30:00,SKU-1008,Backpack,Accessories,West,1499,1,0.0,1499,1499.0
ORD-20260716-0007,2026-07-16,2026-07-16 00:55:00,SKU-1003,Notebook Set,Stationery,West,249,1,15.0,249,211.65
ORD-20260716-0008,2026-07-16,2026-07-16 12:53:00,SKU-1003,Notebook Set,Stationery,West,249,2,0.0,498,498.0
ORD-20260716-0009,2026-07-16,2026-07-16 06:05:00,SKU-1003,Notebook Set,Stationery,North,249,1,5.0,249,236.55
ORD-20260716-0010,2026-07-16,2026-07-16 21:16:00,SKU-1006,Yoga Mat,Fitness,East,599,1,0.0,599,599.0
ORD-20260716-0011,2026-07-16,2026-07-16 07:02:00,SKU-1007,Water Bottle,Fitness,Unknown,349,1,0.0,349,349.0
ORD-20260716-0012,2026-07-16,2026-07-16 04:20:00,SKU-1005,LED Desk Lamp,Furniture,West,899,1,15.0,899,764.15
ORD-20260716-0013,2026-07-16,2026-07-16 20:54:00,SKU-1007,Water Bottle,Fitness,Unknown,349,3,0.0,1047,1047.0
ORD-20260716-0014,2026-07-16,2026-07-16 10:36:00,SKU-1006,Yoga Mat,Fitness,Unknown,599,1,0.0,599,599.0
ORD-20260716-0015,2026-07-16,2026-07-16 08:30:00,SKU-1002,Bluetooth Speaker,Electronics,South,1999,2,0.0,3998,3998.0
ORD-20260716-0016,2026-07-16,2026-07-16 05:03:00,SKU-1009,Phone Case,Accessories,Central,299,1,15.0,299,254.15
ORD-20260716-0017,2026-07-16,2026-07-16 09:04:00,SKU-1002,Bluetooth Speaker,Electronics,East,1999,1,10.0,1999,1799.1
ORD-20260716-0018,2026-07-16,2026-07-16 08:11:00,SKU-1006,Yoga Mat,Fitness,Central,599,1,0.0,599,599.0
ORD-20260716-0019,2026-07-16,2026-07-16 08:23:00,SKU-1010,USB-C Cable,Electronics,North,199,1,5.0,199,189.05
ORD-20260716-0020,2026-07-16,2026-07-16 05:03:00,SKU-1006,Yoga Mat,Fitness,East,599,1,10.0,599,539.1
ORD-20260716-0021,2026-07-16,2026-07-16 16:45:00,SKU-1008,Backpack,Accessories,North,1499,1,0.0,1499,1499.0
ORD-20260716-0022,2026-07-16,2026-07-16 15:31:00,SKU-1007,Water Bottle,Fitness,West,349,2,0.0,698,698.0
ORD-20260716-0023,2026-07-16,2026-07-16 07:34:00,SKU-1004,Office Chair,Furniture,East,5499,1,0.0,5499,5499.0
ORD-20260716-0024,2026-07-16,2026-07-16 06:11:00,SKU-1002,Bluetooth Speaker,Electronics,West,1999,1,10.0,1999,1799.1
ORD-20260716-0025,2026-07-16,2026-07-16 08:39:00,SKU-1003,Notebook Set,Stationery,Central,249,1,0.0,249,249.0
ORD-20260716-0026,2026-07-16,2026-07-16 02:08:00,SKU-1006,Yoga Mat,Fitness,South,599,3,10.0,1797,1617.3
ORD-20260716-0027,2026-07-16,2026-07-16 20:44:00,SKU-1010,USB-C Cable,Electronics,North,199,1,10.0,199,179.1
ORD-20260716-0028,2026-07-16,2026-07-16 17:04:00,SKU-1007,Water Bottle,Fitness,South,349,1,10.0,349,314.1
ORD-20260716-0029,2026-07-16,2026-07-16 21:08:00,SKU-1008,Backpack,Accessories,Central,1499,1,5.0,1499,1424.05
ORD-20260716-0030,2026-07-16,2026-07-16 14:30:00,SKU-1001,Wireless Mouse,Electronics,East,799,1,0.0,799,799.0
ORD-20260716-0031,2026-07-16,2026-07-16 10:40:00,SKU-1004,Office Chair,Furniture,East,5499,1,0.0,5499,5499.0
ORD-20260716-0032,2026-07-16,2026-07-16 18:56:00,SKU-1010,USB-C Cable,Electronics,Central,199,4,0.0,796,796.0
ORD-20260716-0033,2026-07-16,2026-07-16 19:13:00,SKU-1007,Water Bottle,Fitness,East,349,1,15.0,349,296.65
ORD-20260716-0034,2026-07-16,2026-07-16 03:17:00,SKU-1004,Office Chair,Furniture,South,5499,2,0.0,10998,10998.0
ORD-20260716-0035,2026-07-16,2026-07-16 12:20:00,SKU-1002,Bluetooth Speaker,Electronics,East,1999,1,0.0,1999,1999.0
ORD-20260716-0036,2026-07-16,2026-07-16 06:43:00,SKU-1002,Bluetooth Speaker,Electronics,East,1999,1,10.0,1999,1799.1
ORD-20260716-0037,2026-07-16,2026-07-16 10:01:00,SKU-1008,Backpack,Accessories,South,1499,1,10.0,1499,1349.1
ORD-20260716-0038,2026-07-16,2026-07-16 14:50:00,SKU-1002,Bluetooth Speaker,Electronics,South,1999,1,0.0,1999,1999.0
ORD-20260716-0039,2026-07-16,2026-07-16 18:58:00,SKU-1003,Notebook Set,Stationery,East,249,1,5.0,249,236.55
ORD-20260716-0040,2026-07-16,2026-07-16 14:02:00,SKU-1002,Bluetooth Speaker,Electronics,East,1999,1,0.0,1999,1999.0
ORD-20260716-0041,2026-07-16,2026-07-16 08:42:00,SKU-1004,Office Chair,Furniture,Unknown,5499,3,0.0,16497,16497.0
ORD-20260716-0042,2026-07-16,2026-07-16 18:34:00,SKU-1009,Phone Case,Accessories,South,299,1,15.0,299,254.15
ORD-20260716-0043,2026-07-16,2026-07-16 12:37:00,SKU-1008,Backpack,Accessories,South,1499,2,0.0,2998,2998.0
ORD-20260716-0044,2026-07-16,2026-07-16 04:33:00,SKU-1009,Phone Case,Accessories,South,299,1,0.0,299,299.0
ORD-20260716-0045,2026-07-16,2026-07-16 04:03:00,SKU-1009,Phone Case,Accessories,North,299,3,15.0,897,762.45
ORD-20260716-0046,2026-07-16,2026-07-16 17:02:00,SKU-1009,Phone Case,Accessories,West,299,2,0.0,598,598.0
ORD-20260716-0047,2026-07-16,2026-07-16 01:30:00,SKU-1010,USB-C Cable,Electronics,South,199,1,10.0,199,179.1
ORD-20260716-0048,2026-07-16,2026-07-16 16:22:00,SKU-1008,Backpack,Accessories,West,1499,2,0.0,2998,2998.0
ORD-20260716-0049,2026-07-16,2026-07-16 05:41:00,SKU-1010,USB-C Cable,Electronics,Unknown,199,2,15.0,398,338.3
ORD-20260716-0050,2026-07-16,2026-07-16 21:28:00,SKU-1001,Wireless Mouse,Electronics,Central,799,2,0.0,1598,1598.0
ORD-20260716-0051,2026-07-16,2026-07-16 23:06:00,SKU-1006,Yoga Mat,Fitness,North,599,3,0.0,1797,1797.0
ORD-20260716-0052,2026-07-16,2026-07-16 06:49:00,SKU-1009,Phone Case,Accessories,South,299,1,0.0,299,299.0
ORD-20260716-0053,2026-07-16,2026-07-16 18:51:00,SKU-1007,Water Bottle,Fitness,South,349,2,15.0,698,593.3
ORD-20260716-0054,2026-07-16,2026-07-16 05:27:00,SKU-1004,Office Chair,Furniture,East,5499,3,0.0,16497,16497.0
ORD-20260716-0055,2026-07-16,2026-07-16 10:56:00,SKU-1001,Wireless Mouse,Electronics,Unknown,799,1,0.0,799,799.0
ORD-20260716-0056,2026-07-16,2026-07-16 03:08:00,SKU-1007,Water Bottle,Fitness,Central,349,2,0.0,698,698.0
ORD-20260716-0057,2026-07-16,2026-07-16 11:53:00,SKU-1008,Backpack,Accessories,South,1499,1,10.0,1499,1349.1
ORD-20260716-0058,2026-07-16,2026-07-16 20:15:00,SKU-1005,LED Desk Lamp,Furniture,Unknown,899,1,0.0,899,899.0
ORD-20260716-0059,2026-07-16,2026-07-16 12:51:00,SKU-1010,USB-C Cable,Electronics,South,199,2,15.0,398,338.3
ORD-20260716-0060,2026-07-16,2026-07-16 18:09:00,SKU-1008,Backpack,Accessories,East,1499,2,0.0,2998,2998.0
ORD-20260716-0061,2026-07-16,2026-07-16 09:11:00,SKU-1004,Office Chair,Furniture,Central,5499,4,0.0,21996,21996.0
ORD-20260716-0062,2026-07-16,2026-07-16 12:08:00,SKU-1004,Office Chair,Furniture,North,5499,2,0.0,10998,10998.0
ORD-20260716-0063,2026-07-16,2026-07-16 17:55:00,SKU-1005,LED Desk Lamp,Furniture,West,899,2,0.0,1798,1798.0
ORD-20260716-0064,2026-07-16,2026-07-16 09:02:00,SKU-1001,Wireless Mouse,Electronics,Central,799,2,15.0,1598,1358.3
ORD-20260716-0065,2026-07-16,2026-07-16 01:35:00,SKU-1007,Water Bottle,Fitness,North,349,4,0.0,1396,1396.0
ORD-20260716-0066,2026-07-16,2026-07-16 06:59:00,SKU-1007,Water Bottle,Fitness,West,349,1,15.0,349,296.65
ORD-20260716-0067,2026-07-16,2026-07-16 20:08:00,SKU-1005,LED Desk Lamp,Furniture,South,899,2,0.0,1798,1798.0
ORD-20260716-0068,2026-07-16,2026-07-16 12:17:00,SKU-1007,Water Bottle,Fitness,North,349,1,0.0,349,349.0
ORD-20260716-0069,2026-07-16,2026-07-16 15:54:00,SKU-1001,Wireless Mouse,Electronics,Unknown,799,1,15.0,799,679.15
ORD-20260716-0070,2026-07-16,2026-07-16 22:42:00,SKU-1005,LED Desk Lamp,Furniture,North,899,1,15.0,899,764.15
ORD-20260716-0071,2026-07-16,2026-07-16 23:17:00,SKU-1002,Bluetooth Speaker,Electronics,East,1999,4,15.0,7996,6796.6
ORD-20260716-0072,2026-07-16,2026-07-16 01:56:00,SKU-1010,USB-C Cable,Electronics,Central,199,2,0.0,398,398.0
ORD-20260716-0073,2026-07-16,2026-07-16 11:57:00,SKU-1001,Wireless Mouse,Electronics,East,799,3,0.0,2397,2397.0
ORD-20260716-0074,2026-07-16,2026-07-16 09:02:00,SKU-1008,Backpack,Accessories,North,1499,3,0.0,4497,4497.0
ORD-20260716-0075,2026-07-16,2026-07-16 12:32:00,SKU-1005,LED Desk Lamp,Furniture,North,899,1,0.0,899,899.0
ORD-20260716-0076,2026-07-16,2026-07-16 03:49:00,SKU-1004,Office Chair,Furniture,South,5499,1,5.0,5499,5224.05
ORD-20260716-0077,2026-07-16,2026-07-16 10:46:00,SKU-1008,Backpack,Accessories,East,1499,2,0.0,2998,2998.0
ORD-20260716-0078,2026-07-16,2026-07-16 08:02:00,SKU-1008,Backpack,Accessories,North,1499,2,0.0,2998,2998.0
ORD-20260716-0079,2026-07-16,2026-07-16 07:50:00,SKU-1004,Office Chair,Furniture,South,5499,1,0.0,5499,5499.0
ORD-20260716-0080,2026-07-16,2026-07-16 11:52:00,SKU-1003,Notebook Set,Stationery,Unknown,249,2,0.0,498,498.0
ORD-20260716-0081,2026-07-16,2026-07-16 20:06:00,SKU-1007,Water Bottle,Fitness,East,349,1,5.0,349,331.55
ORD-20260716-0082,2026-07-16,2026-07-16 11:59:00,SKU-1004,Office Chair,Furniture,West,5499,2,0.0,10998,10998.0
ORD-20260716-0083,2026-07-16,2026-07-16 22:32:00,SKU-1004,Office Chair,Furniture,Central,5499,1,0.0,5499,5499.0
ORD-20260716-0084,2026-07-16,2026-07-16 06:36:00,SKU-1003,Notebook Set,Stationery,Central,249,1,0.0,249,249.0
ORD-20260716-0085,2026-07-16,2026-07-16 15:09:00,SKU-1009,Phone Case,Accessories,East,299,1,0.0,299,299.0
ORD-20260716-0086,2026-07-16,2026-07-16 17:55:00,SKU-1009,Phone Case,Accessories,Central,299,3,0.0,897,897.0
ORD-20260716-0087,2026-07-16,2026-07-16 06:01:00,SKU-1004,Office Chair,Furniture,West,5499,1,0.0,5499,5499.0
ORD-20260716-0088,2026-07-16,2026-07-16 00:21:00,SKU-1008,Backpack,Accessories,South,1499,4,0.0,5996,5996.0
ORD-20260716-0089,2026-07-16,2026-07-16 08:21:00,SKU-1008,Backpack,Accessories,Central,1499,3,0.0,4497,4497.0
ORD-20260716-0090,2026-07-16,2026-07-16 14:04:00,SKU-1007,Water Bottle,Fitness,West,349,1,0.0,349,349.0
ORD-20260716-0091,2026-07-16,2026-07-16 03:05:00,SKU-1010,USB-C Cable,Electronics,Unknown,199,1,5.0,199,189.05
ORD-20260716-0092,2026-07-16,2026-07-16 07:57:00,SKU-1006,Yoga Mat,Fitness,North,599,3,0.0,1797,1797.0
ORD-20260716-0093,2026-07-16,2026-07-16 19:39:00,SKU-1006,Yoga Mat,Fitness,South,599,1,5.0,599,569.05
ORD-20260716-0094,2026-07-16,2026-07-16 00:01:00,SKU-1010,USB-C Cable,Electronics,South,199,1,5.0,199,189.05
ORD-20260716-0095,2026-07-16,2026-07-16 02:26:00,SKU-1002,Bluetooth Speaker,Electronics,Unknown,1999,3,10.0,5997,5397.3
ORD-20260716-0096,2026-07-16,2026-07-16 02:28:00,SKU-1010,USB-C Cable,Electronics,Central,199,1,0.0,199,199.0
ORD-20260716-0097,2026-07-16,2026-07-16 08:46:00,SKU-1006,Yoga Mat,Fitness,East,599,1,5.0,599,569.05
ORD-20260716-0098,2026-07-16,2026-07-16 02:59:00,SKU-1006,Yoga Mat,Fitness,South,599,3,0.0,1797,1797.0
ORD-20260716-0099,2026-07-16,2026-07-16 06:57:00,SKU-1006,Yoga Mat,Fitness,South,599,2,0.0,1198,1198.0
ORD-20260716-0100,2026-07-16,2026-07-16 15:53:00,SKU-1008,Backpack,Accessories,Central,1499,1,0.0,1499,1499.0
ORD-20260716-0101,2026-07-16,2026-07-16 08:39:00,SKU-1004,Office Chair,Furniture,Unknown,5499,1,15.0,5499,4674.15
ORD-20260716-0102,2026-07-16,2026-07-16 09:53:00,SKU-1003,Notebook Set,Stationery,North,249,2,15.0,498,423.3
ORD-20260716-0103,2026-07-16,2026-07-16 03:48:00,SKU-1007,Water Bottle,Fitness,Unknown,349,1,0.0,349,349.0
ORD-20260716-0104,2026-07-16,2026-07-16 13:10:00,SKU-1006,Yoga Mat,Fitness,Unknown,599,2,0.0,1198,1198.0
ORD-20260716-0105,2026-07-16,2026-07-16 16:55:00,SKU-1001,Wireless Mouse,Electronics,Unknown,799,1,0.0,799,799.0
ORD-20260716-0106,2026-07-16,2026-07-16 10:27:00,SKU-1009,Phone Case,Accessories,North,299,1,0.0,299,299.0
ORD-20260716-0107,2026-07-16,2026-07-16 05:31:00,SKU-1005,LED Desk Lamp,Furniture,East,899,2,15.0,1798,1528.3
ORD-20260716-0108,2026-07-16,2026-07-16 04:37:00,SKU-1001,Wireless Mouse,Electronics,West,799,1,5.0,799,759.05
ORD-20260716-0109,2026-07-16,2026-07-16 12:26:00,SKU-1009,Phone Case,Accessories,East,299,1,0.0,299,299.0
ORD-20260717-0000,2026-07-17,2026-07-17 05:22:00,SKU-1009,Phone Case,Accessories,South,299,1,15.0,299,254.15
ORD-20260717-0001,2026-07-17,2026-07-17 04:32:00,SKU-1010,USB-C Cable,Electronics,North,199,1,0.0,199,199.0
ORD-20260717-0002,2026-07-17,2026-07-17 01:50:00,SKU-1002,Bluetooth Speaker,Electronics,Central,1999,1,0.0,1999,1999.0
ORD-20260717-0003,2026-07-17,2026-07-17 03:48:00,SKU-1006,Yoga Mat,Fitness,North,599,1,10.0,599,539.1
ORD-20260717-0004,2026-07-17,2026-07-17 20:14:00,SKU-1006,Yoga Mat,Fitness,Central,599,1,10.0,599,539.1
ORD-20260717-0005,2026-07-17,2026-07-17 23:40:00,SKU-1010,USB-C Cable,Electronics,Central,199,1,0.0,199,199.0
ORD-20260717-0006,2026-07-17,2026-07-17 18:47:00,SKU-1002,Bluetooth Speaker,Electronics,Central,1999,1,0.0,1999,1999.0
ORD-20260717-0007,2026-07-17,2026-07-17 09:15:00,SKU-1006,Yoga Mat,Fitness,West,599,1,5.0,599,569.05
ORD-20260717-0008,2026-07-17,2026-07-17 06:04:00,SKU-1001,Wireless Mouse,Electronics,East,799,1,0.0,799,799.0
ORD-20260717-0009,2026-07-17,2026-07-17 16:18:00,SKU-1009,Phone Case,Accessories,South,299,1,5.0,299,284.05
ORD-20260717-0010,2026-07-17,2026-07-17 04:41:00,SKU-1008,Backpack,Accessories,North,1499,1,0.0,1499,1499.0
ORD-20260717-0011,2026-07-17,2026-07-17 17:59:00,SKU-1006,Yoga Mat,Fitness,Unknown,599,1,15.0,599,509.15
ORD-20260717-0012,2026-07-17,2026-07-17 02:07:00,SKU-1002,Bluetooth Speaker,Electronics,Unknown,1999,1,15.0,1999,1699.15
ORD-20260717-0013,2026-07-17,2026-07-17 21:25:00,SKU-1006,Yoga Mat,Fitness,South,599,1,0.0,599,599.0
ORD-20260717-0014,2026-07-17,2026-07-17 17:15:00,SKU-1010,USB-C Cable,Electronics,Central,199,1,0.0,199,199.0
ORD-20260717-0015,2026-07-17,2026-07-17 22:15:00,SKU-1003,Notebook Set,Stationery,East,249,1,0.0,249,249.0
ORD-20260717-0016,2026-07-17,2026-07-17 19:59:00,SKU-1005,LED Desk Lamp,Furniture,West,899,1,10.0,899,809.1
ORD-20260717-0017,2026-07-17,2026-07-17 14:26:00,SKU-1007,Water Bottle,Fitness,South,349,1,5.0,349,331.55
ORD-20260717-0018,2026-07-17,2026-07-17 13:40:00,SKU-1003,Notebook Set,Stationery,North,249,2,0.0,498,498.0
ORD-20260717-0019,2026-07-17,2026-07-17 16:42:00,SKU-1001,Wireless Mouse,Electronics,West,799,2,0.0,1598,1598.0
ORD-20260717-0020,2026-07-17,2026-07-17 20:53:00,SKU-1003,Notebook Set,Stationery,Unknown,249,2,0.0,498,498.0
ORD-20260717-0021,2026-07-17,2026-07-17 14:42:00,SKU-1001,Wireless Mouse,Electronics,Central,799,1,0.0,799,799.0
ORD-20260717-0022,2026-07-17,2026-07-17 06:56:00,SKU-1005,LED Desk Lamp,Furniture,Unknown,899,1,0.0,899,899.0
ORD-20260717-0023,2026-07-17,2026-07-17 10:40:00,SKU-1002,Bluetooth Speaker,Electronics,East,1999,2,15.0,3998,3398.3
ORD-20260717-0024,2026-07-17,2026-07-17 13:04:00,SKU-1002,Bluetooth Speaker,Electronics,North,1999,2,0.0,3998,3998.0
ORD-20260717-0025,2026-07-17,2026-07-17 16:57:00,SKU-1008,Backpack,Accessories,North,1499,2,0.0,2998,2998.0
ORD-20260717-0026,2026-07-17,2026-07-17 08:48:00,SKU-1004,Office Chair,Furniture,Unknown,5499,1,0.0,5499,5499.0
ORD-20260717-0027,2026-07-17,2026-07-17 20:12:00,SKU-1005,LED Desk Lamp,Furniture,East,899,2,5.0,1798,1708.1
ORD-20260717-0028,2026-07-17,2026-07-17 14:15:00,SKU-1003,Notebook Set,Stationery,North,249,3,0.0,747,747.0
ORD-20260717-0029,2026-07-17,2026-07-17 07:11:00,SKU-1006,Yoga Mat,Fitness,South,599,1,15.0,599,509.15
ORD-20260717-0030,2026-07-17,2026-07-17 19:21:00,SKU-1003,Notebook Set,Stationery,North,249,1,0.0,249,249.0
ORD-20260717-0031,2026-07-17,2026-07-17 08:14:00,SKU-1002,Bluetooth Speaker,Electronics,East,1999,3,0.0,5997,5997.0
ORD-20260717-0032,2026-07-17,2026-07-17 14:20:00,SKU-1003,Notebook Set,Stationery,West,249,1,15.0,249,211.65
ORD-20260717-0033,2026-07-17,2026-07-17 09:35:00,SKU-1006,Yoga Mat,Fitness,Central,599,1,0.0,599,599.0
ORD-20260717-0034,2026-07-17,2026-07-17 17:03:00,SKU-1006,Yoga Mat,Fitness,West,599,2,15.0,1198,1018.3
ORD-20260717-0035,2026-07-17,2026-07-17 04:41:00,SKU-1007,Water Bottle,Fitness,Central,349,4,15.0,1396,1186.6
ORD-20260717-0036,2026-07-17,2026-07-17 23:43:00,SKU-1009,Phone Case,Accessories,East,299,2,5.0,598,568.1
ORD-20260717-0037,2026-07-17,2026-07-17 20:52:00,SKU-1008,Backpack,Accessories,Central,1499,2,0.0,2998,2998.0
ORD-20260717-0038,2026-07-17,2026-07-17 00:21:00,SKU-1001,Wireless Mouse,Electronics,South,799,2,0.0,1598,1598.0
ORD-20260717-0039,2026-07-17,2026-07-17 00:34:00,SKU-1003,Notebook Set,Stationery,Central,249,1,0.0,249,249.0
ORD-20260717-0040,2026-07-17,2026-07-17 00:02:00,SKU-1009,Phone Case,Accessories,West,299,1,0.0,299,299.0
ORD-20260717-0041,2026-07-17,2026-07-17 12:52:00,SKU-1008,Backpack,Accessories,Central,1499,1,15.0,1499,1274.15
ORD-20260717-0042,2026-07-17,2026-07-17 02:44:00,SKU-1009,Phone Case,Accessories,Central,299,2,0.0,598,598.0
ORD-20260717-0043,2026-07-17,2026-07-17 19:44:00,SKU-1005,LED Desk Lamp,Furniture,North,899,2,0.0,1798,1798.0
ORD-20260717-0044,2026-07-17,2026-07-17 05:17:00,SKU-1010,USB-C Cable,Electronics,West,199,2,0.0,398,398.0
ORD-20260717-0045,2026-07-17,2026-07-17 19:00:00,SKU-1005,LED Desk Lamp,Furniture,Central,899,2,0.0,1798,1798.0
ORD-20260717-0046,2026-07-17,2026-07-17 15:08:00,SKU-1003,Notebook Set,Stationery,West,249,1,5.0,249,236.55
ORD-20260717-0047,2026-07-17,2026-07-17 19:10:00,SKU-1002,Bluetooth Speaker,Electronics,Unknown,1999,4,10.0,7996,7196.4
ORD-20260717-0048,2026-07-17,2026-07-17 09:44:00,SKU-1003,Notebook Set,Stationery,South,249,1,0.0,249,249.0
ORD-20260717-0049,2026-07-17,2026-07-17 18:53:00,SKU-1001,Wireless Mouse,Electronics,East,799,1,0.0,799,799.0
ORD-20260717-0050,2026-07-17,2026-07-17 16:43:00,SKU-1003,Notebook Set,Stationery,North,249,1,5.0,249,236.55
ORD-20260717-0051,2026-07-17,2026-07-17 07:13:00,SKU-1010,USB-C Cable,Electronics,East,199,1,0.0,199,199.0
ORD-20260717-0052,2026-07-17,2026-07-17 13:20:00,SKU-1002,Bluetooth Speaker,Electronics,North,1999,1,15.0,1999,1699.15
ORD-20260717-0053,2026-07-17,2026-07-17 11:49:00,SKU-1004,Office Chair,Furniture,Central,5499,2,5.0,10998,10448.1
ORD-20260717-0054,2026-07-17,2026-07-17 04:37:00,SKU-1007,Water Bottle,Fitness,Central,349,2,0.0,698,698.0
ORD-20260717-0055,2026-07-17,2026-07-17 07:13:00,SKU-1010,USB-C Cable,Electronics,North,199,3,15.0,597,507.45
ORD-20260717-0056,2026-07-17,2026-07-17 09:21:00,SKU-1001,Wireless Mouse,Electronics,West,799,2,0.0,1598,1598.0
ORD-20260717-0057,2026-07-17,2026-07-17 19:19:00,SKU-1008,Backpack,Accessories,West,1499,1,0.0,1499,1499.0
ORD-20260717-0058,2026-07-17,2026-07-17 05:42:00,SKU-1009,Phone Case,Accessories,South,299,2,0.0,598,598.0
ORD-20260717-0059,2026-07-17,2026-07-17 05:25:00,SKU-1003,Notebook Set,Stationery,Unknown,249,3,5.0,747,709.65
ORD-20260717-0060,2026-07-17,2026-07-17 21:48:00,SKU-1001,Wireless Mouse,Electronics,North,799,1,0.0,799,799.0
ORD-20260717-0061,2026-07-17,2026-07-17 09:33:00,SKU-1001,Wireless Mouse,Electronics,Central,799,1,10.0,799,719.1
ORD-20260717-0062,2026-07-17,2026-07-17 13:12:00,SKU-1010,USB-C Cable,Electronics,Unknown,199,1,10.0,199,179.1
ORD-20260717-0063,2026-07-17,2026-07-17 21:41:00,SKU-1006,Yoga Mat,Fitness,West,599,3,15.0,1797,1527.45
ORD-20260717-0064,2026-07-17,2026-07-17 03:23:00,SKU-1010,USB-C Cable,Electronics,East,199,1,5.0,199,189.05
ORD-20260717-0065,2026-07-17,2026-07-17 13:00:00,SKU-1002,Bluetooth Speaker,Electronics,East,1999,1,10.0,1999,1799.1
ORD-20260717-0066,2026-07-17,2026-07-17 22:06:00,SKU-1006,Yoga Mat,Fitness,Unknown,599,1,15.0,599,509.15
ORD-20260717-0067,2026-07-17,2026-07-17 16:52:00,SKU-1007,Water Bottle,Fitness,Unknown,349,2,15.0,698,593.3
ORD-20260717-0068,2026-07-17,2026-07-17 01:12:00,SKU-1004,Office Chair,Furniture,West,5499,1,15.0,5499,4674.15
ORD-20260717-0069,2026-07-17,2026-07-17 20:34:00,SKU-1001,Wireless Mouse,Electronics,South,799,1,0.0,799,799.0
ORD-20260717-0070,2026-07-17,2026-07-17 02:55:00,SKU-1002,Bluetooth Speaker,Electronics,Unknown,1999,2,0.0,3998,3998.0
ORD-20260717-0071,2026-07-17,2026-07-17 08:07:00,SKU-1010,USB-C Cable,Electronics,Central,199,1,15.0,199,169.15
ORD-20260717-0072,2026-07-17,2026-07-17 02:12:00,SKU-1003,Notebook Set,Stationery,South,249,2,0.0,498,498.0
ORD-20260717-0073,2026-07-17,2026-07-17 18:46:00,SKU-1007,Water Bottle,Fitness,Unknown,349,1,5.0,349,331.55
ORD-20260717-0074,2026-07-17,2026-07-17 13:19:00,SKU-1004,Office Chair,Furniture,Central,5499,2,5.0,10998,10448.1
ORD-20260717-0075,2026-07-17,2026-07-17 11:01:00,SKU-1010,USB-C Cable,Electronics,Unknown,199,1,15.0,199,169.15
ORD-20260717-0076,2026-07-17,2026-07-17 19:40:00,SKU-1010,USB-C Cable,Electronics,South,199,1,0.0,199,199.0
ORD-20260717-0077,2026-07-17,2026-07-17 09:08:00,SKU-1008,Backpack,Accessories,Unknown,1499,4,0.0,5996,5996.0
ORD-20260717-0078,2026-07-17,2026-07-17 11:12:00,SKU-1003,Notebook Set,Stationery,Unknown,249,1,0.0,249,249.0
ORD-20260717-0079,2026-07-17,2026-07-17 22:08:00,SKU-1001,Wireless Mouse,Electronics,East,799,1,0.0,799,799.0
ORD-20260717-0080,2026-07-17,2026-07-17 09:41:00,SKU-1008,Backpack,Accessories,East,1499,1,15.0,1499,1274.15
ORD-20260717-0081,2026-07-17,2026-07-17 23:19:00,SKU-1010,USB-C Cable,Electronics,West,199,1,5.0,199,189.05
ORD-20260717-0082,2026-07-17,2026-07-17 07:24:00,SKU-1008,Backpack,Accessories,Central,1499,2,15.0,2998,2548.3
ORD-20260717-0083,2026-07-17,2026-07-17 00:13:00,SKU-1010,USB-C Cable,Electronics,South,199,1,15.0,199,169.15
ORD-20260717-0084,2026-07-17,2026-07-17 12:20:00,SKU-1005,LED Desk Lamp,Furniture,North,899,1,15.0,899,764.15
ORD-20260717-0085,2026-07-17,2026-07-17 03:12:00,SKU-1003,Notebook Set,Stationery,West,249,1,15.0,249,211.65
ORD-20260717-0086,2026-07-17,2026-07-17 05:23:00,SKU-1009,Phone Case,Accessories,North,299,4,0.0,1196,1196.0
ORD-20260717-0087,2026-07-17,2026-07-17 12:24:00,SKU-1005,LED Desk Lamp,Furniture,West,899,1,10.0,899,809.1
ORD-20260717-0088,2026-07-17,2026-07-17 20:46:00,SKU-1007,Water Bottle,Fitness,Central,349,1,0.0,349,349.0
ORD-20260717-0089,2026-07-17,2026-07-17 12:47:00,SKU-1009,Phone Case,Accessories,South,299,1,0.0,299,299.0
ORD-20260717-0090,2026-07-17,2026-07-17 04:27:00,SKU-1009,Phone Case,Accessories,West,299,1,15.0,299,254.15
ORD-20260717-0091,2026-07-17,2026-07-17 14:46:00,SKU-1009,Phone Case,Accessories,East,299,3,0.0,897,897.0
ORD-20260717-0092,2026-07-17,2026-07-17 18:14:00,SKU-1005,LED Desk Lamp,Furniture,North,899,4,0.0,3596,3596.0
ORD-20260717-0093,2026-07-17,2026-07-17 01:27:00,SKU-1002,Bluetooth Speaker,Electronics,West,1999,1,15.0,1999,1699.15
ORD-20260717-0094,2026-07-17,2026-07-17 20:17:00,SKU-1009,Phone Case,Accessories,West,299,1,10.0,299,269.1
ORD-20260717-0095,2026-07-17,2026-07-17 02:55:00,SKU-1010,USB-C Cable,Electronics,North,199,1,5.0,199,189.05
ORD-20260717-0096,2026-07-17,2026-07-17 02:11:00,SKU-1008,Backpack,Accessories,West,1499,2,5.0,2998,2848.1
ORD-20260717-0097,2026-07-17,2026-07-17 12:19:00,SKU-1009,Phone Case,Accessories,Unknown,299,1,15.0,299,254.15
ORD-20260717-0098,2026-07-17,2026-07-17 19:33:00,SKU-1006,Yoga Mat,Fitness,Central,599,2,5.0,1198,1138.1
ORD-20260717-0099,2026-07-17,2026-07-17 00:41:00,SKU-1007,Water Bottle,Fitness,North,349,1,0.0,349,349.0
ORD-20260717-0100,2026-07-17,2026-07-17 08:51:00,SKU-1004,Office Chair,Furniture,East,5499,1,0.0,5499,5499.0
ORD-20260717-0101,2026-07-17,2026-07-17 07:27:00,SKU-1009,Phone Case,Accessories,East,299,1,5.0,299,284.05
ORD-20260717-0102,2026-07-17,2026-07-17 14:04:00,SKU-1005,LED Desk Lamp,Furniture,East,899,1,0.0,899,899.0
ORD-20260717-0103,2026-07-17,2026-07-17 18:25:00,SKU-1009,Phone Case,Accessories,Unknown,299,3,10.0,897,807.3
ORD-20260717-0104,2026-07-17,2026-07-17 00:53:00,SKU-1006,Yoga Mat,Fitness,South,599,1,5.0,599,569.05
ORD-20260717-0105,2026-07-17,2026-07-17 01:00:00,SKU-1007,Water Bottle,Fitness,South,349,1,15.0,349,296.65
ORD-20260717-0106,2026-07-17,2026-07-17 03:09:00,SKU-1009,Phone Case,Accessories,East,299,1,0.0,299,299.0
ORD-20260717-0107,2026-07-17,2026-07-17 20:51:00,SKU-1006,Yoga Mat,Fitness,South,599,1,0.0,599,599.0
ORD-20260717-0108,2026-07-17,2026-07-17 04:00:00,SKU-1004,Office Chair,Furniture,North,5499,2,15.0,10998,9348.3
ORD-20260717-0109,2026-07-17,2026-07-17 14:52:00,SKU-1001,Wireless Mouse,Electronics,South,799,2,0.0,1598,1598.0
ORD-20260718-0000,2026-07-18,2026-07-18 15:57:00,SKU-1008,Backpack,Accessories,South,1499,4,5.0,5996,5696.2
ORD-20260718-0001,2026-07-18,2026-07-18 21:22:00,SKU-1002,Bluetooth Speaker,Electronics,Central,1999,1,10.0,1999,1799.1
ORD-20260718-0002,2026-07-18,2026-07-18 05:35:00,SKU-1007,Water Bottle,Fitness,Unknown,349,2,0.0,698,698.0
ORD-20260718-0003,2026-07-18,2026-07-18 03:00:00,SKU-1009,Phone Case,Accessories,West,299,1,0.0,299,299.0
ORD-20260718-0004,2026-07-18,2026-07-18 05:36:00,SKU-1009,Phone Case,Accessories,East,299,2,0.0,598,598.0
ORD-20260718-0005,2026-07-18,2026-07-18 07:54:00,SKU-1006,Yoga Mat,Fitness,Unknown,599,1,5.0,599,569.05
ORD-20260718-0006,2026-07-18,2026-07-18 05:38:00,SKU-1010,USB-C Cable,Electronics,East,199,1,15.0,199,169.15
ORD-20260718-0007,2026-07-18,2026-07-18 12:41:00,SKU-1004,Office Chair,Furniture,East,5499,1,0.0,5499,5499.0
ORD-20260718-0008,2026-07-18,2026-07-18 16:08:00,SKU-1004,Office Chair,Furniture,West,5499,1,5.0,5499,5224.05
ORD-20260718-0009,2026-07-18,2026-07-18 21:20:00,SKU-1008,Backpack,Accessories,East,1499,3,5.0,4497,4272.15
ORD-20260718-0010,2026-07-18,2026-07-18 09:07:00,SKU-1007,Water Bottle,Fitness,North,349,1,0.0,349,349.0
ORD-20260718-0011,2026-07-18,2026-07-18 05:06:00,SKU-1005,LED Desk Lamp,Furniture,West,899,2,0.0,1798,1798.0
ORD-20260718-0012,2026-07-18,2026-07-18 23:33:00,SKU-1009,Phone Case,Accessories,East,299,2,0.0,598,598.0
ORD-20260718-0013,2026-07-18,2026-07-18 11:17:00,SKU-1003,Notebook Set,Stationery,Central,249,1,10.0,249,224.1
ORD-20260718-0014,2026-07-18,2026-07-18 01:51:00,SKU-1005,LED Desk Lamp,Furniture,North,899,2,0.0,1798,1798.0
ORD-20260718-0015,2026-07-18,2026-07-18 16:03:00,SKU-1009,Phone Case,Accessories,Central,299,1,0.0,299,299.0
ORD-20260718-0016,2026-07-18,2026-07-18 18:17:00,SKU-1008,Backpack,Accessories,North,1499,1,10.0,1499,1349.1
ORD-20260718-0017,2026-07-18,2026-07-18 18:52:00,SKU-1009,Phone Case,Accessories,Unknown,299,1,15.0,299,254.15
ORD-20260718-0018,2026-07-18,2026-07-18 09:45:00,SKU-1002,Bluetooth Speaker,Electronics,North,1999,1,5.0,1999,1899.05
ORD-20260718-0019,2026-07-18,2026-07-18 21:07:00,SKU-1007,Water Bottle,Fitness,South,349,3,15.0,1047,889.95
ORD-20260718-0020,2026-07-18,2026-07-18 10:18:00,SKU-1008,Backpack,Accessories,West,1499,1,10.0,1499,1349.1
ORD-20260718-0021,2026-07-18,2026-07-18 23:14:00,SKU-1004,Office Chair,Furniture,Unknown,5499,1,5.0,5499,5224.05
ORD-20260718-0022,2026-07-18,2026-07-18 16:55:00,SKU-1010,USB-C Cable,Electronics,South,199,2,10.0,398,358.2
ORD-20260718-0023,2026-07-18,2026-07-18 07:47:00,SKU-1009,Phone Case,Accessories,South,299,2,5.0,598,568.1
ORD-20260718-0024,2026-07-18,2026-07-18 02:01:00,SKU-1007,Water Bottle,Fitness,East,349,3,0.0,1047,1047.0
ORD-20260718-0025,2026-07-18,2026-07-18 02:18:00,SKU-1006,Yoga Mat,Fitness,South,599,1,15.0,599,509.15
ORD-20260718-0026,2026-07-18,2026-07-18 16:48:00,SKU-1004,Office Chair,Furniture,Unknown,5499,1,0.0,5499,5499.0
ORD-20260718-0027,2026-07-18,2026-07-18 06:00:00,SKU-1001,Wireless Mouse,Electronics,East,799,1,0.0,799,799.0
ORD-20260718-0028,2026-07-18,2026-07-18 21:21:00,SKU-1006,Yoga Mat,Fitness,Central,599,1,5.0,599,569.05
ORD-20260718-0029,2026-07-18,2026-07-18 11:11:00,SKU-1005,LED Desk Lamp,Furniture,Central,899,1,5.0,899,854.05
ORD-20260718-0030,2026-07-18,2026-07-18 15:20:00,SKU-1005,LED Desk Lamp,Furniture,West,899,1,0.0,899,899.0
ORD-20260718-0031,2026-07-18,2026-07-18 05:39:00,SKU-1008,Backpack,Accessories,North,1499,1,0.0,1499,1499.0
ORD-20260718-0032,2026-07-18,2026-07-18 01:55:00,SKU-1010,USB-C Cable,Electronics,South,199,1,5.0,199,189.05
ORD-20260718-0033,2026-07-18,2026-07-18 02:58:00,SKU-1007,Water Bottle,Fitness,North,349,1,0.0,349,349.0
ORD-20260718-0034,2026-07-18,2026-07-18 14:28:00,SKU-1010,USB-C Cable,Electronics,South,199,2,10.0,398,358.2
ORD-20260718-0035,2026-07-18,2026-07-18 18:18:00,SKU-1003,Notebook Set,Stationery,South,249,1,0.0,249,249.0
ORD-20260718-0036,2026-07-18,2026-07-18 21:41:00,SKU-1006,Yoga Mat,Fitness,East,599,1,10.0,599,539.1
ORD-20260718-0037,2026-07-18,2026-07-18 10:06:00,SKU-1010,USB-C Cable,Electronics,West,199,1,0.0,199,199.0
ORD-20260718-0038,2026-07-18,2026-07-18 11:19:00,SKU-1009,Phone Case,Accessories,Central,299,2,10.0,598,538.2
ORD-20260718-0039,2026-07-18,2026-07-18 09:04:00,SKU-1007,Water Bottle,Fitness,South,349,1,0.0,349,349.0
ORD-20260718-0040,2026-07-18,2026-07-18 23:48:00,SKU-1008,Backpack,Accessories,Central,1499,3,15.0,4497,3822.45
ORD-20260718-0041,2026-07-18,2026-07-18 15:06:00,SKU-1010,USB-C Cable,Electronics,West,199,1,5.0,199,189.05
ORD-20260718-0042,2026-07-18,2026-07-18 19:25:00,SKU-1010,USB-C Cable,Electronics,Central,199,2,5.0,398,378.1
ORD-20260718-0043,2026-07-18,2026-07-18 07:51:00,SKU-1008,Backpack,Accessories,West,1499,1,5.0,1499,1424.05
ORD-20260718-0044,2026-07-18,2026-07-18 06:42:00,SKU-1001,Wireless Mouse,Electronics,West,799,2,0.0,1598,1598.0
ORD-20260718-0045,2026-07-18,2026-07-18 04:48:00,SKU-1001,Wireless Mouse,Electronics,Central,799,1,0.0,799,799.0
ORD-20260718-0046,2026-07-18,2026-07-18 12:34:00,SKU-1002,Bluetooth Speaker,Electronics,North,1999,1,10.0,1999,1799.1
ORD-20260718-0047,2026-07-18,2026-07-18 21:06:00,SKU-1010,USB-C Cable,Electronics,West,199,2,10.0,398,358.2
ORD-20260718-0048,2026-07-18,2026-07-18 06:59:00,SKU-1008,Backpack,Accessories,South,1499,1,5.0,1499,1424.05
ORD-20260718-0049,2026-07-18,2026-07-18 17:39:00,SKU-1007,Water Bottle,Fitness,East,349,1,10.0,349,314.1
ORD-20260718-0050,2026-07-18,2026-07-18 14:54:00,SKU-1005,LED Desk Lamp,Furniture,South,899,1,5.0,899,854.05
ORD-20260718-0051,2026-07-18,2026-07-18 18:06:00,SKU-1001,Wireless Mouse,Electronics,North,799,3,0.0,2397,2397.0
ORD-20260718-0052,2026-07-18,2026-07-18 21:31:00,SKU-1004,Office Chair,Furniture,South,5499,1,0.0,5499,5499.0
ORD-20260718-0053,2026-07-18,2026-07-18 12:15:00,SKU-1007,Water Bottle,Fitness,Central,349,1,0.0,349,349.0
ORD-20260718-0054,2026-07-18,2026-07-18 03:27:00,SKU-1008,Backpack,Accessories,South,1499,1,5.0,1499,1424.05
ORD-20260718-0055,2026-07-18,2026-07-18 09:00:00,SKU-1009,Phone Case,Accessories,West,299,1,0.0,299,299.0
ORD-20260718-0056,2026-07-18,2026-07-18 10:21:00,SKU-1007,Water Bottle,Fitness,West,349,2,0.0,698,698.0
ORD-20260718-0057,2026-07-18,2026-07-18 19:29:00,SKU-1001,Wireless Mouse,Electronics,West,799,1,0.0,799,799.0
ORD-20260718-0058,2026-07-18,2026-07-18 20:31:00,SKU-1008,Backpack,Accessories,West,1499,1,5.0,1499,1424.05
ORD-20260718-0059,2026-07-18,2026-07-18 01:49:00,SKU-1008,Backpack,Accessories,East,1499,1,5.0,1499,1424.05
ORD-20260718-0060,2026-07-18,2026-07-18 18:12:00,SKU-1003,Notebook Set,Stationery,Unknown,249,1,0.0,249,249.0
ORD-20260718-0061,2026-07-18,2026-07-18 08:01:00,SKU-1008,Backpack,Accessories,South,1499,2,10.0,2998,2698.2
ORD-20260718-0062,2026-07-18,2026-07-18 15:55:00,SKU-1007,Water Bottle,Fitness,South,349,1,5.0,349,331.55
ORD-20260718-0063,2026-07-18,2026-07-18 15:43:00,SKU-1002,Bluetooth Speaker,Electronics,West,1999,2,0.0,3998,3998.0
ORD-20260718-0064,2026-07-18,2026-07-18 03:40:00,SKU-1005,LED Desk Lamp,Furniture,South,899,1,0.0,899,899.0
ORD-20260718-0065,2026-07-18,2026-07-18 14:36:00,SKU-1002,Bluetooth Speaker,Electronics,North,1999,2,10.0,3998,3598.2
ORD-20260718-0066,2026-07-18,2026-07-18 01:49:00,SKU-1003,Notebook Set,Stationery,North,249,2,0.0,498,498.0
ORD-20260718-0067,2026-07-18,2026-07-18 17:42:00,SKU-1009,Phone Case,Accessories,Unknown,299,4,0.0,1196,1196.0
ORD-20260718-0068,2026-07-18,2026-07-18 10:16:00,SKU-1009,Phone Case,Accessories,North,299,1,0.0,299,299.0
ORD-20260718-0069,2026-07-18,2026-07-18 12:06:00,SKU-1007,Water Bottle,Fitness,South,349,4,0.0,1396,1396.0
ORD-20260718-0070,2026-07-18,2026-07-18 09:51:00,SKU-1006,Yoga Mat,Fitness,South,599,2,0.0,1198,1198.0
ORD-20260718-0071,2026-07-18,2026-07-18 08:30:00,SKU-1005,LED Desk Lamp,Furniture,West,899,1,10.0,899,809.1
ORD-20260718-0072,2026-07-18,2026-07-18 16:22:00,SKU-1006,Yoga Mat,Fitness,East,599,2,0.0,1198,1198.0
ORD-20260718-0073,2026-07-18,2026-07-18 13:08:00,SKU-1010,USB-C Cable,Electronics,Unknown,199,1,0.0,199,199.0
ORD-20260718-0074,2026-07-18,2026-07-18 04:51:00,SKU-1008,Backpack,Accessories,South,1499,1,0.0,1499,1499.0
ORD-20260718-0075,2026-07-18,2026-07-18 14:05:00,SKU-1006,Yoga Mat,Fitness,West,599,1,0.0,599,599.0
ORD-20260718-0076,2026-07-18,2026-07-18 16:22:00,SKU-1005,LED Desk Lamp,Furniture,South,899,1,0.0,899,899.0
ORD-20260718-0077,2026-07-18,2026-07-18 01:06:00,SKU-1008,Backpack,Accessories,West,1499,1,0.0,1499,1499.0
ORD-20260718-0078,2026-07-18,2026-07-18 08:06:00,SKU-1009,Phone Case,Accessories,South,299,1,0.0,299,299.0
ORD-20260718-0079,2026-07-18,2026-07-18 15:33:00,SKU-1007,Water Bottle,Fitness,West,349,1,0.0,349,349.0
ORD-20260718-0080,2026-07-18,2026-07-18 04:14:00,SKU-1009,Phone Case,Accessories,Unknown,299,1,5.0,299,284.05
ORD-20260719-0000,2026-07-19,2026-07-19 16:27:00,SKU-1010,USB-C Cable,Electronics,Central,199,1,0.0,199,199.0
ORD-20260719-0001,2026-07-19,2026-07-19 08:29:00,SKU-1005,LED Desk Lamp,Furniture,Central,899,2,0.0,1798,1798.0
ORD-20260719-0002,2026-07-19,2026-07-19 05:34:00,SKU-1004,Office Chair,Furniture,East,5499,1,15.0,5499,4674.15
ORD-20260719-0003,2026-07-19,2026-07-19 17:24:00,SKU-1009,Phone Case,Accessories,West,299,2,15.0,598,508.3
ORD-20260719-0004,2026-07-19,2026-07-19 15:16:00,SKU-1010,USB-C Cable,Electronics,Unknown,199,2,0.0,398,398.0
ORD-20260719-0005,2026-07-19,2026-07-19 20:23:00,SKU-1001,Wireless Mouse,Electronics,Central,799,1,15.0,799,679.15
ORD-20260719-0006,2026-07-19,2026-07-19 15:17:00,SKU-1008,Backpack,Accessories,East,1499,1,0.0,1499,1499.0
ORD-20260719-0007,2026-07-19,2026-07-19 06:42:00,SKU-1003,Notebook Set,Stationery,Central,249,2,0.0,498,498.0
ORD-20260719-0008,2026-07-19,2026-07-19 21:39:00,SKU-1003,Notebook Set,Stationery,West,249,1,10.0,249,224.1
ORD-20260719-0009,2026-07-19,2026-07-19 08:00:00,SKU-1009,Phone Case,Accessories,North,299,1,10.0,299,269.1
ORD-20260719-0010,2026-07-19,2026-07-19 12:05:00,SKU-1003,Notebook Set,Stationery,Central,249,2,0.0,498,498.0
ORD-20260719-0011,2026-07-19,2026-07-19 08:11:00,SKU-1003,Notebook Set,Stationery,Unknown,249,1,0.0,249,249.0
ORD-20260719-0012,2026-07-19,2026-07-19 17:31:00,SKU-1004,Office Chair,Furniture,East,5499,4,0.0,21996,21996.0
ORD-20260719-0013,2026-07-19,2026-07-19 14:32:00,SKU-1010,USB-C Cable,Electronics,North,199,3,5.0,597,567.15
ORD-20260719-0014,2026-07-19,2026-07-19 10:49:00,SKU-1006,Yoga Mat,Fitness,Central,599,1,0.0,599,599.0
ORD-20260719-0015,2026-07-19,2026-07-19 16:36:00,SKU-1007,Water Bottle,Fitness,South,349,1,0.0,349,349.0
ORD-20260719-0016,2026-07-19,2026-07-19 22:50:00,SKU-1008,Backpack,Accessories,West,1499,2,5.0,2998,2848.1
ORD-20260719-0017,2026-07-19,2026-07-19 23:37:00,SKU-1010,USB-C Cable,Electronics,Unknown,199,1,5.0,199,189.05
ORD-20260719-0018,2026-07-19,2026-07-19 18:08:00,SKU-1008,Backpack,Accessories,Central,1499,1,0.0,1499,1499.0
ORD-20260719-0019,2026-07-19,2026-07-19 18:16:00,SKU-1007,Water Bottle,Fitness,North,349,4,10.0,1396,1256.4
ORD-20260719-0020,2026-07-19,2026-07-19 06:45:00,SKU-1007,Water Bottle,Fitness,Central,349,2,0.0,698,698.0
ORD-20260719-0021,2026-07-19,2026-07-19 18:41:00,SKU-1003,Notebook Set,Stationery,Central,249,1,10.0,249,224.1
ORD-20260719-0022,2026-07-19,2026-07-19 22:47:00,SKU-1007,Water Bottle,Fitness,Unknown,349,1,0.0,349,349.0
ORD-20260719-0023,2026-07-19,2026-07-19 06:52:00,SKU-1007,Water Bottle,Fitness,West,349,2,10.0,698,628.2
ORD-20260719-0024,2026-07-19,2026-07-19 02:23:00,SKU-1005,LED Desk Lamp,Furniture,South,899,2,0.0,1798,1798.0
ORD-20260719-0025,2026-07-19,2026-07-19 09:31:00,SKU-1001,Wireless Mouse,Electronics,South,799,1,0.0,799,799.0
ORD-20260719-0026,2026-07-19,2026-07-19 06:46:00,SKU-1002,Bluetooth Speaker,Electronics,West,1999,1,15.0,1999,1699.15
ORD-20260719-0027,2026-07-19,2026-07-19 20:01:00,SKU-1001,Wireless Mouse,Electronics,South,799,1,0.0,799,799.0
ORD-20260719-0028,2026-07-19,2026-07-19 23:37:00,SKU-1001,Wireless Mouse,Electronics,North,799,2,5.0,1598,1518.1
ORD-20260719-0029,2026-07-19,2026-07-19 10:19:00,SKU-1004,Office Chair,Furniture,Central,5499,1,5.0,5499,5224.05
ORD-20260719-0030,2026-07-19,2026-07-19 19:35:00,SKU-1010,USB-C Cable,Electronics,South,199,4,0.0,796,796.0
ORD-20260719-0031,2026-07-19,2026-07-19 00:52:00,SKU-1002,Bluetooth Speaker,Electronics,Unknown,1999,1,10.0,1999,1799.1
ORD-20260719-0032,2026-07-19,2026-07-19 00:50:00,SKU-1009,Phone Case,Accessories,East,299,1,15.0,299,254.15
ORD-20260719-0033,2026-07-19,2026-07-19 19:24:00,SKU-1002,Bluetooth Speaker,Electronics,North,1999,1,0.0,1999,1999.0
ORD-20260719-0034,2026-07-19,2026-07-19 16:32:00,SKU-1007,Water Bottle,Fitness,East,349,3,0.0,1047,1047.0
ORD-20260719-0035,2026-07-19,2026-07-19 13:53:00,SKU-1006,Yoga Mat,Fitness,North,599,2,0.0,1198,1198.0
ORD-20260719-0036,2026-07-19,2026-07-19 09:09:00,SKU-1008,Backpack,Accessories,Unknown,1499,2,5.0,2998,2848.1
ORD-20260719-0037,2026-07-19,2026-07-19 02:43:00,SKU-1002,Bluetooth Speaker,Electronics,West,1999,1,0.0,1999,1999.0
ORD-20260719-0038,2026-07-19,2026-07-19 16:19:00,SKU-1010,USB-C Cable,Electronics,North,199,2,0.0,398,398.0
ORD-20260719-0039,2026-07-19,2026-07-19 14:11:00,SKU-1007,Water Bottle,Fitness,Unknown,349,1,5.0,349,331.55
ORD-20260719-0040,2026-07-19,2026-07-19 01:09:00,SKU-1001,Wireless Mouse,Electronics,North,799,4,0.0,3196,3196.0
ORD-20260719-0041,2026-07-19,2026-07-19 18:47:00,SKU-1002,Bluetooth Speaker,Electronics,South,1999,2,10.0,3998,3598.2
ORD-20260719-0042,2026-07-19,2026-07-19 06:03:00,SKU-1010,USB-C Cable,Electronics,Unknown,199,1,15.0,199,169.15
ORD-20260719-0043,2026-07-19,2026-07-19 20:04:00,SKU-1008,Backpack,Accessories,West,1499,2,0.0,2998,2998.0
ORD-20260719-0044,2026-07-19,2026-07-19 06:51:00,SKU-1009,Phone Case,Accessories,North,299,3,0.0,897,897.0
ORD-20260719-0045,2026-07-19,2026-07-19 08:33:00,SKU-1004,Office Chair,Furniture,Central,5499,1,10.0,5499,4949.1
ORD-20260719-0046,2026-07-19,2026-07-19 04:16:00,SKU-1007,Water Bottle,Fitness,Central,349,4,5.0,1396,1326.2
ORD-20260719-0047,2026-07-19,2026-07-19 10:02:00,SKU-1002,Bluetooth Speaker,Electronics,Central,1999,1,0.0,1999,1999.0
ORD-20260720-0000,2026-07-20,2026-07-20 21:29:00,SKU-1010,USB-C Cable,Electronics,Unknown,199,1,5.0,199,189.05
ORD-20260720-0001,2026-07-20,2026-07-20 07:39:00,SKU-1005,LED Desk Lamp,Furniture,South,899,1,0.0,899,899.0
ORD-20260720-0002,2026-07-20,2026-07-20 19:03:00,SKU-1003,Notebook Set,Stationery,East,249,1,0.0,249,249.0
ORD-20260720-0003,2026-07-20,2026-07-20 11:31:00,SKU-1006,Yoga Mat,Fitness,South,599,1,0.0,599,599.0
ORD-20260720-0004,2026-07-20,2026-07-20 10:19:00,SKU-1005,LED Desk Lamp,Furniture,West,899,2,0.0,1798,1798.0
ORD-20260720-0005,2026-07-20,2026-07-20 19:51:00,SKU-1010,USB-C Cable,Electronics,Central,199,3,0.0,597,597.0
ORD-20260720-0006,2026-07-20,2026-07-20 23:39:00,SKU-1003,Notebook Set,Stationery,Unknown,249,2,5.0,498,473.1
ORD-20260720-0007,2026-07-20,2026-07-20 20:57:00,SKU-1001,Wireless Mouse,Electronics,Unknown,799,2,15.0,1598,1358.3
ORD-20260720-0008,2026-07-20,2026-07-20 03:33:00,SKU-1009,Phone Case,Accessories,Unknown,299,2,0.0,598,598.0
ORD-20260720-0009,2026-07-20,2026-07-20 10:43:00,SKU-1001,Wireless Mouse,Electronics,Unknown,799,4,0.0,3196,3196.0
ORD-20260720-0010,2026-07-20,2026-07-20 21:24:00,SKU-1005,LED Desk Lamp,Furniture,North,899,4,0.0,3596,3596.0
ORD-20260720-0011,2026-07-20,2026-07-20 09:22:00,SKU-1004,Office Chair,Furniture,Central,5499,4,5.0,21996,20896.2
ORD-20260720-0012,2026-07-20,2026-07-20 23:17:00,SKU-1007,Water Bottle,Fitness,East,349,1,0.0,349,349.0
ORD-20260720-0013,2026-07-20,2026-07-20 12:27:00,SKU-1004,Office Chair,Furniture,South,5499,2,10.0,10998,9898.2
ORD-20260720-0014,2026-07-20,2026-07-20 16:22:00,SKU-1010,USB-C Cable,Electronics,East,199,3,0.0,597,597.0
ORD-20260720-0015,2026-07-20,2026-07-20 19:25:00,SKU-1007,Water Bottle,Fitness,Central,349,1,0.0,349,349.0
ORD-20260720-0016,2026-07-20,2026-07-20 19:32:00,SKU-1007,Water Bottle,Fitness,North,349,1,0.0,349,349.0
ORD-20260720-0017,2026-07-20,2026-07-20 23:31:00,SKU-1004,Office Chair,Furniture,South,5499,1,0.0,5499,5499.0
ORD-20260720-0018,2026-07-20,2026-07-20 21:25:00,SKU-1004,Office Chair,Furniture,Unknown,5499,1,0.0,5499,5499.0
ORD-20260720-0019,2026-07-20,2026-07-20 05:05:00,SKU-1005,LED Desk Lamp,Furniture,West,899,1,0.0,899,899.0
ORD-20260720-0020,2026-07-20,2026-07-20 19:33:00,SKU-1009,Phone Case,Accessories,North,299,1,5.0,299,284.05
ORD-20260720-0021,2026-07-20,2026-07-20 12:40:00,SKU-1005,LED Desk Lamp,Furniture,East,899,1,5.0,899,854.05
ORD-20260720-0022,2026-07-20,2026-07-20 17:28:00,SKU-1010,USB-C Cable,Electronics,North,199,1,0.0,199,199.0
ORD-20260720-0023,2026-07-20,2026-07-20 19:19:00,SKU-1001,Wireless Mouse,Electronics,West,799,1,15.0,799,679.15
ORD-20260720-0024,2026-07-20,2026-07-20 14:41:00,SKU-1006,Yoga Mat,Fitness,Central,599,2,0.0,1198,1198.0
ORD-20260720-0025,2026-07-20,2026-07-20 18:11:00,SKU-1005,LED Desk Lamp,Furniture,North,899,3,15.0,2697,2292.45
ORD-20260720-0026,2026-07-20,2026-07-20 11:16:00,SKU-1002,Bluetooth Speaker,Electronics,North,1999,1,5.0,1999,1899.05
ORD-20260720-0027,2026-07-20,2026-07-20 10:44:00,SKU-1005,LED Desk Lamp,Furniture,Unknown,899,1,0.0,899,899.0
ORD-20260720-0028,2026-07-20,2026-07-20 09:25:00,SKU-1005,LED Desk Lamp,Furniture,West,899,1,0.0,899,899.0
ORD-20260720-0029,2026-07-20,2026-07-20 04:49:00,SKU-1002,Bluetooth Speaker,Electronics,Central,1999,1,10.0,1999,1799.1
ORD-20260720-0030,2026-07-20,2026-07-20 01:57:00,SKU-1001,Wireless Mouse,Electronics,West,799,2,0.0,1598,1598.0
ORD-20260720-0031,2026-07-20,2026-07-20 15:10:00,SKU-1008,Backpack,Accessories,East,1499,1,10.0,1499,1349.1
ORD-20260720-0032,2026-07-20,2026-07-20 03:41:00,SKU-1004,Office Chair,Furniture,East,5499,1,5.0,5499,5224.05
ORD-20260720-0033,2026-07-20,2026-07-20 17:45:00,SKU-1007,Water Bottle,Fitness,East,349,1,15.0,349,296.65
ORD-20260720-0034,2026-07-20,2026-07-20 09:18:00,SKU-1005,LED Desk Lamp,Furniture,North,899,1,0.0,899,899.0
ORD-20260720-0035,2026-07-20,2026-07-20 22:30:00,SKU-1007,Water Bottle,Fitness,Unknown,349,1,5.0,349,331.55
ORD-20260720-0036,2026-07-20,2026-07-20 19:36:00,SKU-1007,Water Bottle,Fitness,Unknown,349,1,0.0,349,349.0
ORD-20260720-0037,2026-07-20,2026-07-20 02:25:00,SKU-1006,Yoga Mat,Fitness,Unknown,599,1,0.0,599,599.0
ORD-20260720-0038,2026-07-20,2026-07-20 10:55:00,SKU-1003,Notebook Set,Stationery,Unknown,249,1,10.0,249,224.1
ORD-20260720-0039,2026-07-20,2026-07-20 10:38:00,SKU-1001,Wireless Mouse,Electronics,Unknown,799,1,0.0,799,799.0
ORD-20260720-0040,2026-07-20,2026-07-20 01:06:00,SKU-1004,Office Chair,Furniture,West,5499,2,0.0,10998,10998.0
ORD-20260720-0041,2026-07-20,2026-07-20 11:27:00,SKU-1007,Water Bottle,Fitness,Central,349,1,10.0,349,314.1
ORD-20260720-0042,2026-07-20,2026-07-20 10:14:00,SKU-1003,Notebook Set,Stationery,East,249,3,0.0,747,747.0
ORD-20260720-0043,2026-07-20,2026-07-20 17:36:00,SKU-1009,Phone Case,Accessories,Unknown,299,1,10.0,299,269.1
ORD-20260720-0044,2026-07-20,2026-07-20 02:35:00,SKU-1001,Wireless Mouse,Electronics,Unknown,799,2,0.0,1598,1598.0
ORD-20260720-0045,2026-07-20,2026-07-20 07:33:00,SKU-1010,USB-C Cable,Electronics,Central,199,2,15.0,398,338.3
ORD-20260720-0046,2026-07-20,2026-07-20 06:00:00,SKU-1006,Yoga Mat,Fitness,Unknown,599,2,10.0,1198,1078.2
ORD-20260720-0047,2026-07-20,2026-07-20 02:54:00,SKU-1001,Wireless Mouse,Electronics,West,799,2,0.0,1598,1598.0
ORD-20260720-0048,2026-07-20,2026-07-20 18:26:00,SKU-1009,Phone Case,Accessories,North,299,2,5.0,598,568.1
ORD-20260720-0049,2026-07-20,2026-07-20 19:30:00,SKU-1006,Yoga Mat,Fitness,South,599,1,10.0,599,539.1
ORD-20260720-0050,2026-07-20,2026-07-20 14:14:00,SKU-1009,Phone Case,Accessories,West,299,3,5.0,897,852.15
ORD-20260720-0051,2026-07-20,2026-07-20 11:33:00,SKU-1008,Backpack,Accessories,Central,1499,1,10.0,1499,1349.1
ORD-20260720-0052,2026-07-20,2026-07-20 06:38:00,SKU-1010,USB-C Cable,Electronics,West,199,1,5.0,199,189.05
ORD-20260720-0053,2026-07-20,2026-07-20 15:03:00,SKU-1001,Wireless Mouse,Electronics,North,799,1,0.0,799,799.0
ORD-20260720-0054,2026-07-20,2026-07-20 16:50:00,SKU-1001,Wireless Mouse,Electronics,Unknown,799,1,0.0,799,799.0
ORD-20260720-0055,2026-07-20,2026-07-20 21:29:00,SKU-1006,Yoga Mat,Fitness,West,599,2,5.0,1198,1138.1
ORD-20260720-0056,2026-07-20,2026-07-20 05:34:00,SKU-1006,Yoga Mat,Fitness,Central,599,1,10.0,599,539.1
ORD-20260720-0057,2026-07-20,2026-07-20 21:20:00,SKU-1008,Backpack,Accessories,Unknown,1499,2,15.0,2998,2548.3
ORD-20260720-0058,2026-07-20,2026-07-20 10:05:00,SKU-1001,Wireless Mouse,Electronics,North,799,3,0.0,2397,2397.0
ORD-20260720-0059,2026-07-20,2026-07-20 14:59:00,SKU-1006,Yoga Mat,Fitness,East,599,2,10.0,1198,1078.2
ORD-20260720-0060,2026-07-20,2026-07-20 14:54:00,SKU-1004,Office Chair,Furniture,West,5499,1,0.0,5499,5499.0
ORD-20260720-0061,2026-07-20,2026-07-20 18:50:00,SKU-1005,LED Desk Lamp,Furniture,Unknown,899,2,0.0,1798,1798.0
ORD-20260720-0062,2026-07-20,2026-07-20 13:58:00,SKU-1004,Office Chair,Furniture,Unknown,5499,2,0.0,10998,10998.0
ORD-20260720-0063,2026-07-20,2026-07-20 19:48:00,SKU-1002,Bluetooth Speaker,Electronics,Unknown,1999,1,0.0,1999,1999.0
ORD-20260720-0064,2026-07-20,2026-07-20 07:22:00,SKU-1008,Backpack,Accessories,North,1499,1,0.0,1499,1499.0
ORD-20260720-0065,2026-07-20,2026-07-20 12:30:00,SKU-1006,Yoga Mat,Fitness,South,599,2,0.0,1198,1198.0
ORD-20260720-0066,2026-07-20,2026-07-20 12:42:00,SKU-1010,USB-C Cable,Electronics,North,199,1,0.0,199,199.0
ORD-20260720-0067,2026-07-20,2026-07-20 03:24:00,SKU-1002,Bluetooth Speaker,Electronics,East,1999,1,0.0,1999,1999.0
ORD-20260720-0068,2026-07-20,2026-07-20 05:37:00,SKU-1010,USB-C Cable,Electronics,North,199,4,15.0,796,676.6
ORD-20260720-0069,2026-07-20,2026-07-20 04:27:00,SKU-1003,Notebook Set,Stationery,North,249,1,15.0,249,211.65
ORD-20260720-0070,2026-07-20,2026-07-20 02:33:00,SKU-1005,LED Desk Lamp,Furniture,East,899,3,10.0,2697,2427.3
ORD-20260720-0071,2026-07-20,2026-07-20 03:01:00,SKU-1010,USB-C Cable,Electronics,West,199,1,15.0,199,169.15
ORD-20260720-0072,2026-07-20,2026-07-20 20:46:00,SKU-1003,Notebook Set,Stationery,Unknown,249,1,0.0,249,249.0
ORD-20260720-0073,2026-07-20,2026-07-20 22:25:00,SKU-1008,Backpack,Accessories,South,1499,1,0.0,1499,1499.0
ORD-20260720-0074,2026-07-20,2026-07-20 06:17:00,SKU-1003,Notebook Set,Stationery,Unknown,249,2,15.0,498,423.3
ORD-20260721-0000,2026-07-21,2026-07-21 20:34:00,SKU-1008,Backpack,Accessories,North,1499,1,0.0,1499,1499.0
ORD-20260721-0001,2026-07-21,2026-07-21 19:02:00,SKU-1003,Notebook Set,Stationery,Unknown,249,1,0.0,249,249.0
ORD-20260721-0002,2026-07-21,2026-07-21 02:08:00,SKU-1005,LED Desk Lamp,Furniture,Central,899,4,10.0,3596,3236.4
ORD-20260721-0003,2026-07-21,2026-07-21 22:51:00,SKU-1004,Office Chair,Furniture,North,5499,3,0.0,16497,16497.0
ORD-20260721-0004,2026-07-21,2026-07-21 22:20:00,SKU-1007,Water Bottle,Fitness,Unknown,349,1,15.0,349,296.65
ORD-20260721-0005,2026-07-21,2026-07-21 01:21:00,SKU-1010,USB-C Cable,Electronics,West,199,1,5.0,199,189.05
ORD-20260721-0006,2026-07-21,2026-07-21 00:33:00,SKU-1009,Phone Case,Accessories,South,299,2,15.0,598,508.3
ORD-20260721-0007,2026-07-21,2026-07-21 15:50:00,SKU-1001,Wireless Mouse,Electronics,Unknown,799,1,0.0,799,799.0
ORD-20260721-0008,2026-07-21,2026-07-21 02:34:00,SKU-1003,Notebook Set,Stationery,North,249,1,0.0,249,249.0
ORD-20260721-0009,2026-07-21,2026-07-21 22:47:00,SKU-1005,LED Desk Lamp,Furniture,West,899,1,0.0,899,899.0
ORD-20260721-0010,2026-07-21,2026-07-21 15:28:00,SKU-1003,Notebook Set,Stationery,West,249,2,5.0,498,473.1
ORD-20260721-0011,2026-07-21,2026-07-21 06:20:00,SKU-1010,USB-C Cable,Electronics,South,199,1,10.0,199,179.1
ORD-20260721-0012,2026-07-21,2026-07-21 06:40:00,SKU-1004,Office Chair,Furniture,North,5499,1,0.0,5499,5499.0
ORD-20260721-0013,2026-07-21,2026-07-21 04:16:00,SKU-1007,Water Bottle,Fitness,West,349,1,5.0,349,331.55
ORD-20260721-0014,2026-07-21,2026-07-21 06:40:00,SKU-1003,Notebook Set,Stationery,East,249,2,10.0,498,448.2
ORD-20260721-0015,2026-07-21,2026-07-21 07:08:00,SKU-1003,Notebook Set,Stationery,Central,249,3,15.0,747,634.95
ORD-20260721-0016,2026-07-21,2026-07-21 03:35:00,SKU-1005,LED Desk Lamp,Furniture,North,899,1,15.0,899,764.15
ORD-20260721-0017,2026-07-21,2026-07-21 13:50:00,SKU-1009,Phone Case,Accessories,West,299,2,0.0,598,598.0
ORD-20260721-0018,2026-07-21,2026-07-21 17:00:00,SKU-1008,Backpack,Accessories,North,1499,2,15.0,2998,2548.3
ORD-20260721-0019,2026-07-21,2026-07-21 05:44:00,SKU-1004,Office Chair,Furniture,South,5499,1,0.0,5499,5499.0
ORD-20260721-0020,2026-07-21,2026-07-21 02:10:00,SKU-1007,Water Bottle,Fitness,South,349,1,0.0,349,349.0
ORD-20260721-0021,2026-07-21,2026-07-21 12:30:00,SKU-1001,Wireless Mouse,Electronics,East,799,1,5.0,799,759.05
ORD-20260721-0022,2026-07-21,2026-07-21 01:06:00,SKU-1009,Phone Case,Accessories,South,299,2,0.0,598,598.0
ORD-20260721-0023,2026-07-21,2026-07-21 03:56:00,SKU-1005,LED Desk Lamp,Furniture,South,899,2,0.0,1798,1798.0
ORD-20260721-0024,2026-07-21,2026-07-21 08:51:00,SKU-1002,Bluetooth Speaker,Electronics,Unknown,1999,2,0.0,3998,3998.0
ORD-20260721-0025,2026-07-21,2026-07-21 20:14:00,SKU-1001,Wireless Mouse,Electronics,Unknown,799,1,0.0,799,799.0
ORD-20260721-0026,2026-07-21,2026-07-21 04:00:00,SKU-1003,Notebook Set,Stationery,South,249,1,0.0,249,249.0
ORD-20260721-0027,2026-07-21,2026-07-21 18:08:00,SKU-1006,Yoga Mat,Fitness,South,599,1,5.0,599,569.05
ORD-20260721-0028,2026-07-21,2026-07-21 21:09:00,SKU-1008,Backpack,Accessories,South,1499,2,0.0,2998,2998.0
ORD-20260721-0029,2026-07-21,2026-07-21 21:50:00,SKU-1002,Bluetooth Speaker,Electronics,East,1999,1,15.0,1999,1699.15
ORD-20260721-0030,2026-07-21,2026-07-21 09:19:00,SKU-1005,LED Desk Lamp,Furniture,West,899,3,0.0,2697,2697.0
ORD-20260721-0031,2026-07-21,2026-07-21 22:47:00,SKU-1008,Backpack,Accessories,West,1499,1,0.0,1499,1499.0
ORD-20260721-0032,2026-07-21,2026-07-21 20:36:00,SKU-1006,Yoga Mat,Fitness,Central,599,2,0.0,1198,1198.0
ORD-20260721-0033,2026-07-21,2026-07-21 04:22:00,SKU-1005,LED Desk Lamp,Furniture,East,899,1,0.0,899,899.0
ORD-20260721-0034,2026-07-21,2026-07-21 09:12:00,SKU-1006,Yoga Mat,Fitness,Unknown,599,1,10.0,599,539.1
ORD-20260721-0035,2026-07-21,2026-07-21 16:35:00,SKU-1005,LED Desk Lamp,Furniture,Central,899,1,0.0,899,899.0
ORD-20260721-0036,2026-07-21,2026-07-21 23:54:00,SKU-1010,USB-C Cable,Electronics,North,199,2,10.0,398,358.2
ORD-20260721-0037,2026-07-21,2026-07-21 13:50:00,SKU-1003,Notebook Set,Stationery,North,249,1,15.0,249,211.65
ORD-20260721-0038,2026-07-21,2026-07-21 05:15:00,SKU-1002,Bluetooth Speaker,Electronics,West,1999,1,15.0,1999,1699.15
ORD-20260721-0039,2026-07-21,2026-07-21 03:05:00,SKU-1006,Yoga Mat,Fitness,North,599,1,0.0,599,599.0
ORD-20260721-0040,2026-07-21,2026-07-21 02:53:00,SKU-1005,LED Desk Lamp,Furniture,Unknown,899,2,0.0,1798,1798.0
ORD-20260721-0041,2026-07-21,2026-07-21 03:00:00,SKU-1007,Water Bottle,Fitness,East,349,2,0.0,698,698.0
ORD-20260721-0042,2026-07-21,2026-07-21 00:46:00,SKU-1007,Water Bottle,Fitness,North,349,1,5.0,349,331.55
ORD-20260721-0043,2026-07-21,2026-07-21 03:43:00,SKU-1001,Wireless Mouse,Electronics,East,799,1,5.0,799,759.05
ORD-20260721-0044,2026-07-21,2026-07-21 04:27:00,SKU-1009,Phone Case,Accessories,North,299,1,0.0,299,299.0
ORD-20260721-0045,2026-07-21,2026-07-21 17:39:00,SKU-1005,LED Desk Lamp,Furniture,Central,899,1,0.0,899,899.0
ORD-20260721-0046,2026-07-21,2026-07-21 17:41:00,SKU-1001,Wireless Mouse,Electronics,Unknown,799,2,15.0,1598,1358.3
ORD-20260721-0047,2026-07-21,2026-07-21 02:43:00,SKU-1008,Backpack,Accessories,Central,1499,4,0.0,5996,5996.0
ORD-20260721-0048,2026-07-21,2026-07-21 19:22:00,SKU-1001,Wireless Mouse,Electronics,West,799,2,0.0,1598,1598.0
ORD-20260721-0049,2026-07-21,2026-07-21 02:48:00,SKU-1001,Wireless Mouse,Electronics,West,799,1,0.0,799,799.0
ORD-20260721-0050,2026-07-21,2026-07-21 16:13:00,SKU-1004,Office Chair,Furniture,Unknown,5499,1,0.0,5499,5499.0
ORD-20260721-0051,2026-07-21,2026-07-21 01:53:00,SKU-1008,Backpack,Accessories,Unknown,1499,1,15.0,1499,1274.15
ORD-20260721-0052,2026-07-21,2026-07-21 00:06:00,SKU-1001,Wireless Mouse,Electronics,East,799,1,0.0,799,799.0
ORD-20260721-0053,2026-07-21,2026-07-21 20:32:00,SKU-1007,Water Bottle,Fitness,North,349,1,0.0,349,349.0
ORD-20260721-0054,2026-07-21,2026-07-21 21:08:00,SKU-1009,Phone Case,Accessories,Central,299,2,0.0,598,598.0
ORD-20260721-0055,2026-07-21,2026-07-21 11:27:00,SKU-1002,Bluetooth Speaker,Electronics,East,1999,1,0.0,1999,1999.0
ORD-20260721-0056,2026-07-21,2026-07-21 21:07:00,SKU-1010,USB-C Cable,Electronics,Central,199,2,5.0,398,378.1
ORD-20260721-0057,2026-07-21,2026-07-21 14:49:00,SKU-1001,Wireless Mouse,Electronics,Unknown,799,4,10.0,3196,2876.4
ORD-20260721-0058,2026-07-21,2026-07-21 10:23:00,SKU-1004,Office Chair,Furniture,Central,5499,1,0.0,5499,5499.0
ORD-20260721-0059,2026-07-21,2026-07-21 07:24:00,SKU-1004,Office Chair,Furniture,Unknown,5499,1,0.0,5499,5499.0
ORD-20260721-0060,2026-07-21,2026-07-21 20:06:00,SKU-1010,USB-C Cable,Electronics,Unknown,199,1,0.0,199,199.0
ORD-20260721-0061,2026-07-21,2026-07-21 05:43:00,SKU-1004,Office Chair,Furniture,South,5499,1,0.0,5499,5499.0
ORD-20260721-0062,2026-07-21,2026-07-21 17:23:00,SKU-1001,Wireless Mouse,Electronics,Unknown,799,1,10.0,799,719.1
ORD-20260721-0063,2026-07-21,2026-07-21 04:44:00,SKU-1001,Wireless Mouse,Electronics,West,799,1,5.0,799,759.05
ORD-20260721-0064,2026-07-21,2026-07-21 15:42:00,SKU-1008,Backpack,Accessories,East,1499,1,0.0,1499,1499.0
ORD-20260721-0065,2026-07-21,2026-07-21 12:31:00,SKU-1003,Notebook Set,Stationery,Central,249,1,15.0,249,211.65
ORD-20260721-0066,2026-07-21,2026-07-21 00:01:00,SKU-1007,Water Bottle,Fitness,East,349,1,0.0,349,349.0
ORD-20260721-0067,2026-07-21,2026-07-21 21:14:00,SKU-1005,LED Desk Lamp,Furniture,Unknown,899,4,10.0,3596,3236.4
ORD-20260721-0068,2026-07-21,2026-07-21 17:52:00,SKU-1005,LED Desk Lamp,Furniture,Unknown,899,1,0.0,899,899.0
ORD-20260721-0069,2026-07-21,2026-07-21 06:25:00,SKU-1004,Office Chair,Furniture,East,5499,3,0.0,16497,16497.0
ORD-20260721-0070,2026-07-21,2026-07-21 22:54:00,SKU-1004,Office Chair,Furniture,East,5499,2,0.0,10998,10998.0
ORD-20260721-0071,2026-07-21,2026-07-21 04:54:00,SKU-1006,Yoga Mat,Fitness,South,599,1,5.0,599,569.05
ORD-20260721-0072,2026-07-21,2026-07-21 09:21:00,SKU-1006,Yoga Mat,Fitness,East,599,1,10.0,599,539.1
ORD-20260721-0073,2026-07-21,2026-07-21 09:41:00,SKU-1006,Yoga Mat,Fitness,South,599,4,15.0,2396,2036.6
ORD-20260721-0074,2026-07-21,2026-07-21 09:34:00,SKU-1009,Phone Case,Accessories,Unknown,299,1,10.0,299,269.1
ORD-20260721-0075,2026-07-21,2026-07-21 01:52:00,SKU-1008,Backpack,Accessories,North,1499,1,0.0,1499,1499.0
ORD-20260721-0076,2026-07-21,2026-07-21 09:31:00,SKU-1001,Wireless Mouse,Electronics,Unknown,799,1,0.0,799,799.0
ORD-20260721-0077,2026-07-21,2026-07-21 19:10:00,SKU-1004,Office Chair,Furniture,Central,5499,1,15.0,5499,4674.15
ORD-20260721-0078,2026-07-21,2026-07-21 06:44:00,SKU-1008,Backpack,Accessories,North,1499,4,0.0,5996,5996.0
ORD-20260721-0079,2026-07-21,2026-07-21 00:56:00,SKU-1002,Bluetooth Speaker,Electronics,Unknown,1999,2,0.0,3998,3998.0
ORD-20260721-0080,2026-07-21,2026-07-21 05:01:00,SKU-1008,Backpack,Accessories,Central,1499,1,0.0,1499,1499.0
ORD-20260721-0081,2026-07-21,2026-07-21 02:17:00,SKU-1002,Bluetooth Speaker,Electronics,North,1999,1,0.0,1999,1999.0
ORD-20260721-0082,2026-07-21,2026-07-21 07:35:00,SKU-1001,Wireless Mouse,Electronics,East,799,2,0.0,1598,1598.0
ORD-20260721-0083,2026-07-21,2026-07-21 23:36:00,SKU-1004,Office Chair,Furniture,West,5499,2,15.0,10998,9348.3
ORD-20260721-0084,2026-07-21,2026-07-21 07:08:00,SKU-1005,LED Desk Lamp,Furniture,South,899,3,0.0,2697,2697.0
ORD-20260721-0085,2026-07-21,2026-07-21 18:07:00,SKU-1002,Bluetooth Speaker,Electronics,Unknown,1999,1,15.0,1999,1699.15
ORD-20260721-0086,2026-07-21,2026-07-21 00:30:00,SKU-1006,Yoga Mat,Fitness,East,599,4,0.0,2396,2396.0
ORD-20260721-0087,2026-07-21,2026-07-21 08:01:00,SKU-1008,Backpack,Accessories,East,1499,2,10.0,2998,2698.2
ORD-20260721-0088,2026-07-21,2026-07-21 04:09:00,SKU-1005,LED Desk Lamp,Furniture,South,899,2,0.0,1798,1798.0
ORD-20260721-0089,2026-07-21,2026-07-21 10:38:00,SKU-1010,USB-C Cable,Electronics,Unknown,199,1,0.0,199,199.0
ORD-20260721-0090,2026-07-21,2026-07-21 15:45:00,SKU-1006,Yoga Mat,Fitness,Unknown,599,2,0.0,1198,1198.0
ORD-20260721-0091,2026-07-21,2026-07-21 04:05:00,SKU-1005,LED Desk Lamp,Furniture,Central,899,1,10.0,899,809.1
ORD-20260722-0000,2026-07-22,2026-07-22 08:49:00,SKU-1009,Phone Case,Accessories,Unknown,299,1,0.0,299,299.0
ORD-20260722-0001,2026-07-22,2026-07-22 12:04:00,SKU-1006,Yoga Mat,Fitness,Unknown,599,3,15.0,1797,1527.45
ORD-20260722-0002,2026-07-22,2026-07-22 01:51:00,SKU-1009,Phone Case,Accessories,West,299,1,10.0,299,269.1
ORD-20260722-0003,2026-07-22,2026-07-22 02:18:00,SKU-1009,Phone Case,Accessories,West,299,1,0.0,299,299.0
ORD-20260722-0004,2026-07-22,2026-07-22 23:29:00,SKU-1007,Water Bottle,Fitness,North,349,1,0.0,349,349.0
ORD-20260722-0005,2026-07-22,2026-07-22 06:03:00,SKU-1003,Notebook Set,Stationery,Central,249,2,0.0,498,498.0
ORD-20260722-0006,2026-07-22,2026-07-22 23:17:00,SKU-1003,Notebook Set,Stationery,South,249,2,5.0,498,473.1
ORD-20260722-0007,2026-07-22,2026-07-22 11:35:00,SKU-1007,Water Bottle,Fitness,West,349,1,0.0,349,349.0
ORD-20260722-0008,2026-07-22,2026-07-22 21:57:00,SKU-1007,Water Bottle,Fitness,North,349,1,5.0,349,331.55
ORD-20260722-0009,2026-07-22,2026-07-22 23:18:00,SKU-1005,LED Desk Lamp,Furniture,Central,899,1,15.0,899,764.15
ORD-20260722-0010,2026-07-22,2026-07-22 13:34:00,SKU-1007,Water Bottle,Fitness,West,349,1,0.0,349,349.0
ORD-20260722-0011,2026-07-22,2026-07-22 20:02:00,SKU-1008,Backpack,Accessories,Unknown,1499,1,0.0,1499,1499.0
ORD-20260722-0012,2026-07-22,2026-07-22 08:12:00,SKU-1006,Yoga Mat,Fitness,South,599,1,5.0,599,569.05
ORD-20260722-0013,2026-07-22,2026-07-22 15:51:00,SKU-1005,LED Desk Lamp,Furniture,West,899,2,0.0,1798,1798.0
ORD-20260722-0014,2026-07-22,2026-07-22 05:05:00,SKU-1007,Water Bottle,Fitness,East,349,1,5.0,349,331.55
ORD-20260722-0015,2026-07-22,2026-07-22 17:30:00,SKU-1005,LED Desk Lamp,Furniture,South,899,2,5.0,1798,1708.1
ORD-20260722-0016,2026-07-22,2026-07-22 18:16:00,SKU-1008,Backpack,Accessories,West,1499,2,15.0,2998,2548.3
ORD-20260722-0017,2026-07-22,2026-07-22 17:17:00,SKU-1007,Water Bottle,Fitness,West,349,1,15.0,349,296.65
ORD-20260722-0018,2026-07-22,2026-07-22 13:22:00,SKU-1007,Water Bottle,Fitness,Unknown,349,1,0.0,349,349.0
ORD-20260722-0019,2026-07-22,2026-07-22 02:29:00,SKU-1009,Phone Case,Accessories,Central,299,2,10.0,598,538.2
ORD-20260722-0020,2026-07-22,2026-07-22 04:13:00,SKU-1001,Wireless Mouse,Electronics,Unknown,799,1,10.0,799,719.1
ORD-20260722-0021,2026-07-22,2026-07-22 01:58:00,SKU-1003,Notebook Set,Stationery,Unknown,249,2,5.0,498,473.1
ORD-20260722-0022,2026-07-22,2026-07-22 02:27:00,SKU-1001,Wireless Mouse,Electronics,North,799,1,10.0,799,719.1
ORD-20260722-0023,2026-07-22,2026-07-22 07:43:00,SKU-1005,LED Desk Lamp,Furniture,Unknown,899,1,0.0,899,899.0
ORD-20260722-0024,2026-07-22,2026-07-22 22:01:00,SKU-1006,Yoga Mat,Fitness,South,599,1,0.0,599,599.0
ORD-20260722-0025,2026-07-22,2026-07-22 07:12:00,SKU-1007,Water Bottle,Fitness,Unknown,349,1,10.0,349,314.1
ORD-20260722-0026,2026-07-22,2026-07-22 10:43:00,SKU-1007,Water Bottle,Fitness,North,349,1,15.0,349,296.65
ORD-20260722-0027,2026-07-22,2026-07-22 03:15:00,SKU-1002,Bluetooth Speaker,Electronics,North,1999,1,15.0,1999,1699.15
ORD-20260722-0028,2026-07-22,2026-07-22 20:52:00,SKU-1004,Office Chair,Furniture,South,5499,2,0.0,10998,10998.0
ORD-20260722-0029,2026-07-22,2026-07-22 05:55:00,SKU-1001,Wireless Mouse,Electronics,Central,799,1,15.0,799,679.15
ORD-20260722-0030,2026-07-22,2026-07-22 08:47:00,SKU-1010,USB-C Cable,Electronics,North,199,1,0.0,199,199.0
ORD-20260722-0031,2026-07-22,2026-07-22 07:41:00,SKU-1006,Yoga Mat,Fitness,Unknown,599,2,10.0,1198,1078.2
ORD-20260722-0032,2026-07-22,2026-07-22 09:53:00,SKU-1004,Office Chair,Furniture,West,5499,1,0.0,5499,5499.0
ORD-20260722-0033,2026-07-22,2026-07-22 20:13:00,SKU-1010,USB-C Cable,Electronics,West,199,1,10.0,199,179.1
ORD-20260722-0034,2026-07-22,2026-07-22 22:44:00,SKU-1002,Bluetooth Speaker,Electronics,Central,1999,1,0.0,1999,1999.0
ORD-20260722-0035,2026-07-22,2026-07-22 15:42:00,SKU-1002,Bluetooth Speaker,Electronics,Unknown,1999,2,5.0,3998,3798.1
ORD-20260722-0036,2026-07-22,2026-07-22 01:44:00,SKU-1010,USB-C Cable,Electronics,East,199,2,0.0,398,398.0
ORD-20260722-0037,2026-07-22,2026-07-22 14:15:00,SKU-1005,LED Desk Lamp,Furniture,East,899,1,0.0,899,899.0
ORD-20260722-0038,2026-07-22,2026-07-22 02:20:00,SKU-1003,Notebook Set,Stationery,North,249,3,0.0,747,747.0
ORD-20260722-0039,2026-07-22,2026-07-22 01:04:00,SKU-1008,Backpack,Accessories,East,1499,1,15.0,1499,1274.15
ORD-20260722-0040,2026-07-22,2026-07-22 05:35:00,SKU-1006,Yoga Mat,Fitness,East,599,1,0.0,599,599.0
ORD-20260722-0041,2026-07-22,2026-07-22 15:34:00,SKU-1010,USB-C Cable,Electronics,South,199,2,10.0,398,358.2
ORD-20260722-0042,2026-07-22,2026-07-22 15:25:00,SKU-1002,Bluetooth Speaker,Electronics,West,1999,2,0.0,3998,3998.0
ORD-20260722-0043,2026-07-22,2026-07-22 19:13:00,SKU-1004,Office Chair,Furniture,East,5499,1,0.0,5499,5499.0
ORD-20260723-0000,2026-07-23,2026-07-23 18:18:00,SKU-1006,Yoga Mat,Fitness,East,599,4,0.0,2396,2396.0
ORD-20260723-0001,2026-07-23,2026-07-23 14:53:00,SKU-1007,Water Bottle,Fitness,Central,349,3,0.0,1047,1047.0
ORD-20260723-0002,2026-07-23,2026-07-23 10:44:00,SKU-1005,LED Desk Lamp,Furniture,Central,899,1,0.0,899,899.0
ORD-20260723-0003,2026-07-23,2026-07-23 13:13:00,SKU-1006,Yoga Mat,Fitness,West,599,1,10.0,599,539.1
ORD-20260723-0004,2026-07-23,2026-07-23 12:07:00,SKU-1002,Bluetooth Speaker,Electronics,Unknown,1999,1,0.0,1999,1999.0
ORD-20260723-0005,2026-07-23,2026-07-23 12:14:00,SKU-1008,Backpack,Accessories,South,1499,2,10.0,2998,2698.2
ORD-20260723-0006,2026-07-23,2026-07-23 06:11:00,SKU-1001,Wireless Mouse,Electronics,East,799,3,5.0,2397,2277.15
ORD-20260723-0007,2026-07-23,2026-07-23 17:58:00,SKU-1003,Notebook Set,Stationery,West,249,1,10.0,249,224.1
ORD-20260723-0008,2026-07-23,2026-07-23 23:46:00,SKU-1008,Backpack,Accessories,South,1499,1,10.0,1499,1349.1
ORD-20260723-0009,2026-07-23,2026-07-23 10:10:00,SKU-1003,Notebook Set,Stationery,West,249,4,0.0,996,996.0
ORD-20260723-0010,2026-07-23,2026-07-23 10:33:00,SKU-1007,Water Bottle,Fitness,West,349,2,5.0,698,663.1
ORD-20260723-0011,2026-07-23,2026-07-23 00:09:00,SKU-1001,Wireless Mouse,Electronics,East,799,1,0.0,799,799.0
ORD-20260723-0012,2026-07-23,2026-07-23 16:50:00,SKU-1005,LED Desk Lamp,Furniture,Unknown,899,1,10.0,899,809.1
ORD-20260723-0013,2026-07-23,2026-07-23 08:30:00,SKU-1004,Office Chair,Furniture,Unknown,5499,2,0.0,10998,10998.0
ORD-20260723-0014,2026-07-23,2026-07-23 05:15:00,SKU-1005,LED Desk Lamp,Furniture,South,899,1,5.0,899,854.05
ORD-20260723-0015,2026-07-23,2026-07-23 13:30:00,SKU-1009,Phone Case,Accessories,Central,299,4,0.0,1196,1196.0
ORD-20260723-0016,2026-07-23,2026-07-23 09:45:00,SKU-1002,Bluetooth Speaker,Electronics,North,1999,1,5.0,1999,1899.05
ORD-20260723-0017,2026-07-23,2026-07-23 23:42:00,SKU-1002,Bluetooth Speaker,Electronics,East,1999,1,0.0,1999,1999.0
ORD-20260723-0018,2026-07-23,2026-07-23 03:32:00,SKU-1002,Bluetooth Speaker,Electronics,North,1999,1,10.0,1999,1799.1
ORD-20260723-0019,2026-07-23,2026-07-23 12:34:00,SKU-1003,Notebook Set,Stationery,North,249,2,0.0,498,498.0
ORD-20260723-0020,2026-07-23,2026-07-23 17:45:00,SKU-1001,Wireless Mouse,Electronics,South,799,2,0.0,1598,1598.0
ORD-20260723-0021,2026-07-23,2026-07-23 04:16:00,SKU-1007,Water Bottle,Fitness,South,349,4,15.0,1396,1186.6
ORD-20260723-0022,2026-07-23,2026-07-23 23:26:00,SKU-1001,Wireless Mouse,Electronics,Unknown,799,2,15.0,1598,1358.3
ORD-20260723-0023,2026-07-23,2026-07-23 09:21:00,SKU-1007,Water Bottle,Fitness,North,349,1,15.0,349,296.65
ORD-20260723-0024,2026-07-23,2026-07-23 09:39:00,SKU-1008,Backpack,Accessories,West,1499,1,0.0,1499,1499.0
ORD-20260723-0025,2026-07-23,2026-07-23 05:53:00,SKU-1009,Phone Case,Accessories,South,299,1,0.0,299,299.0
ORD-20260723-0026,2026-07-23,2026-07-23 03:03:00,SKU-1004,Office Chair,Furniture,East,5499,4,0.0,21996,21996.0
ORD-20260723-0027,2026-07-23,2026-07-23 20:05:00,SKU-1007,Water Bottle,Fitness,Central,349,1,0.0,349,349.0
ORD-20260723-0028,2026-07-23,2026-07-23 02:03:00,SKU-1003,Notebook Set,Stationery,East,249,1,10.0,249,224.1
ORD-20260723-0029,2026-07-23,2026-07-23 00:23:00,SKU-1002,Bluetooth Speaker,Electronics,South,1999,3,0.0,5997,5997.0
ORD-20260723-0030,2026-07-23,2026-07-23 16:01:00,SKU-1007,Water Bottle,Fitness,East,349,1,15.0,349,296.65
ORD-20260723-0031,2026-07-23,2026-07-23 06:49:00,SKU-1007,Water Bottle,Fitness,Unknown,349,3,15.0,1047,889.95
ORD-20260723-0032,2026-07-23,2026-07-23 20:06:00,SKU-1004,Office Chair,Furniture,Central,5499,2,0.0,10998,10998.0
ORD-20260723-0033,2026-07-23,2026-07-23 05:01:00,SKU-1008,Backpack,Accessories,North,1499,1,0.0,1499,1499.0
ORD-20260723-0034,2026-07-23,2026-07-23 15:25:00,SKU-1005,LED Desk Lamp,Furniture,South,899,2,0.0,1798,1798.0
ORD-20260723-0035,2026-07-23,2026-07-23 08:09:00,SKU-1001,Wireless Mouse,Electronics,South,799,1,5.0,799,759.05
ORD-20260723-0036,2026-07-23,2026-07-23 14:28:00,SKU-1007,Water Bottle,Fitness,West,349,2,0.0,698,698.0
ORD-20260723-0037,2026-07-23,2026-07-23 18:42:00,SKU-1008,Backpack,Accessories,South,1499,1,0.0,1499,1499.0
ORD-20260723-0038,2026-07-23,2026-07-23 19:27:00,SKU-1010,USB-C Cable,Electronics,North,199,2,0.0,398,398.0
ORD-20260723-0039,2026-07-23,2026-07-23 16:05:00,SKU-1002,Bluetooth Speaker,Electronics,South,1999,1,0.0,1999,1999.0
ORD-20260723-0040,2026-07-23,2026-07-23 08:34:00,SKU-1009,Phone Case,Accessories,South,299,3,10.0,897,807.3
ORD-20260723-0041,2026-07-23,2026-07-23 09:38:00,SKU-1007,Water Bottle,Fitness,West,349,1,0.0,349,349.0
ORD-20260723-0042,2026-07-23,2026-07-23 14:39:00,SKU-1009,Phone Case,Accessories,Unknown,299,1,0.0,299,299.0
ORD-20260723-0043,2026-07-23,2026-07-23 09:01:00,SKU-1009,Phone Case,Accessories,West,299,2,0.0,598,598.0
ORD-20260723-0044,2026-07-23,2026-07-23 04:12:00,SKU-1005,LED Desk Lamp,Furniture,South,899,1,0.0,899,899.0
ORD-20260723-0045,2026-07-23,2026-07-23 12:27:00,SKU-1002,Bluetooth Speaker,Electronics,North,1999,1,0.0,1999,1999.0
ORD-20260723-0046,2026-07-23,2026-07-23 11:45:00,SKU-1010,USB-C Cable,Electronics,East,199,2,15.0,398,338.3
ORD-20260723-0047,2026-07-23,2026-07-23 23:44:00,SKU-1004,Office Chair,Furniture,North,5499,1,0.0,5499,5499.0
ORD-20260723-0048,2026-07-23,2026-07-23 10:00:00,SKU-1005,LED Desk Lamp,Furniture,South,899,2,0.0,1798,1798.0
ORD-20260723-0049,2026-07-23,2026-07-23 17:14:00,SKU-1005,LED Desk Lamp,Furniture,Central,899,1,5.0,899,854.05
ORD-20260723-0050,2026-07-23,2026-07-23 23:20:00,SKU-1006,Yoga Mat,Fitness,Central,599,3,0.0,1797,1797.0
ORD-20260723-0051,2026-07-23,2026-07-23 21:05:00,SKU-1003,Notebook Set,Stationery,North,249,1,0.0,249,249.0
ORD-20260723-0052,2026-07-23,2026-07-23 20:26:00,SKU-1003,Notebook Set,Stationery,East,249,1,15.0,249,211.65
ORD-20260723-0053,2026-07-23,2026-07-23 13:21:00,SKU-1010,USB-C Cable,Electronics,Unknown,199,1,5.0,199,189.05
ORD-20260723-0054,2026-07-23,2026-07-23 11:30:00,SKU-1005,LED Desk Lamp,Furniture,East,899,1,0.0,899,899.0
ORD-20260723-0055,2026-07-23,2026-07-23 05:01:00,SKU-1005,LED Desk Lamp,Furniture,North,899,3,5.0,2697,2562.15
ORD-20260723-0056,2026-07-23,2026-07-23 19:24:00,SKU-1002,Bluetooth Speaker,Electronics,Central,1999,1,15.0,1999,1699.15
ORD-20260723-0057,2026-07-23,2026-07-23 12:56:00,SKU-1003,Notebook Set,Stationery,East,249,1,0.0,249,249.0
ORD-20260723-0058,2026-07-23,2026-07-23 13:31:00,SKU-1007,Water Bottle,Fitness,South,349,3,5.0,1047,994.65
ORD-20260723-0059,2026-07-23,2026-07-23 16:42:00,SKU-1010,USB-C Cable,Electronics,South,199,1,0.0,199,199.0
ORD-20260723-0060,2026-07-23,2026-07-23 05:40:00,SKU-1010,USB-C Cable,Electronics,Unknown,199,4,0.0,796,796.0
ORD-20260723-0061,2026-07-23,2026-07-23 19:48:00,SKU-1006,Yoga Mat,Fitness,North,599,1,0.0,599,599.0
ORD-20260724-0000,2026-07-24,2026-07-24 23:54:00,SKU-1003,Notebook Set,Stationery,North,249,1,0.0,249,249.0
ORD-20260724-0001,2026-07-24,2026-07-24 04:15:00,SKU-1006,Yoga Mat,Fitness,North,599,1,0.0,599,599.0
ORD-20260724-0002,2026-07-24,2026-07-24 13:57:00,SKU-1003,Notebook Set,Stationery,North,249,3,0.0,747,747.0
ORD-20260724-0003,2026-07-24,2026-07-24 18:12:00,SKU-1010,USB-C Cable,Electronics,West,199,1,10.0,199,179.1
ORD-20260724-0004,2026-07-24,2026-07-24 22:45:00,SKU-1005,LED Desk Lamp,Furniture,Central,899,3,15.0,2697,2292.45
ORD-20260724-0005,2026-07-24,2026-07-24 15:18:00,SKU-1002,Bluetooth Speaker,Electronics,Unknown,1999,3,0.0,5997,5997.0
ORD-20260724-0006,2026-07-24,2026-07-24 02:50:00,SKU-1009,Phone Case,Accessories,West,299,3,5.0,897,852.15
ORD-20260724-0007,2026-07-24,2026-07-24 21:16:00,SKU-1004,Office Chair,Furniture,North,5499,3,5.0,16497,15672.15
ORD-20260724-0008,2026-07-24,2026-07-24 11:17:00,SKU-1006,Yoga Mat,Fitness,South,599,4,10.0,2396,2156.4
ORD-20260724-0009,2026-07-24,2026-07-24 05:23:00,SKU-1001,Wireless Mouse,Electronics,North,799,1,0.0,799,799.0
ORD-20260724-0010,2026-07-24,2026-07-24 21:50:00,SKU-1008,Backpack,Accessories,Unknown,1499,2,0.0,2998,2998.0
ORD-20260724-0011,2026-07-24,2026-07-24 06:25:00,SKU-1004,Office Chair,Furniture,North,5499,1,0.0,5499,5499.0
ORD-20260724-0012,2026-07-24,2026-07-24 08:40:00,SKU-1002,Bluetooth Speaker,Electronics,South,1999,1,0.0,1999,1999.0
ORD-20260724-0013,2026-07-24,2026-07-24 07:31:00,SKU-1002,Bluetooth Speaker,Electronics,Central,1999,1,5.0,1999,1899.05
ORD-20260724-0014,2026-07-24,2026-07-24 12:27:00,SKU-1008,Backpack,Accessories,South,1499,1,15.0,1499,1274.15
ORD-20260724-0015,2026-07-24,2026-07-24 17:06:00,SKU-1003,Notebook Set,Stationery,Central,249,1,15.0,249,211.65
ORD-20260724-0016,2026-07-24,2026-07-24 16:44:00,SKU-1006,Yoga Mat,Fitness,South,599,1,10.0,599,539.1
ORD-20260724-0017,2026-07-24,2026-07-24 08:57:00,SKU-1009,Phone Case,Accessories,North,299,1,5.0,299,284.05
ORD-20260724-0018,2026-07-24,2026-07-24 14:03:00,SKU-1004,Office Chair,Furniture,North,5499,1,10.0,5499,4949.1
ORD-20260724-0019,2026-07-24,2026-07-24 21:37:00,SKU-1001,Wireless Mouse,Electronics,South,799,1,10.0,799,719.1
ORD-20260724-0020,2026-07-24,2026-07-24 21:16:00,SKU-1009,Phone Case,Accessories,Unknown,299,3,0.0,897,897.0
ORD-20260724-0021,2026-07-24,2026-07-24 02:18:00,SKU-1008,Backpack,Accessories,Unknown,1499,4,0.0,5996,5996.0
ORD-20260724-0022,2026-07-24,2026-07-24 19:39:00,SKU-1001,Wireless Mouse,Electronics,Unknown,799,2,15.0,1598,1358.3
ORD-20260724-0023,2026-07-24,2026-07-24 20:57:00,SKU-1004,Office Chair,Furniture,Unknown,5499,1,10.0,5499,4949.1
ORD-20260724-0024,2026-07-24,2026-07-24 15:18:00,SKU-1004,Office Chair,Furniture,Unknown,5499,2,10.0,10998,9898.2
ORD-20260724-0025,2026-07-24,2026-07-24 21:37:00,SKU-1002,Bluetooth Speaker,Electronics,Unknown,1999,1,0.0,1999,1999.0
ORD-20260724-0026,2026-07-24,2026-07-24 23:59:00,SKU-1002,Bluetooth Speaker,Electronics,North,1999,1,5.0,1999,1899.05
ORD-20260724-0027,2026-07-24,2026-07-24 10:43:00,SKU-1004,Office Chair,Furniture,South,5499,3,0.0,16497,16497.0
ORD-20260724-0028,2026-07-24,2026-07-24 06:56:00,SKU-1004,Office Chair,Furniture,Central,5499,2,0.0,10998,10998.0
ORD-20260724-0029,2026-07-24,2026-07-24 10:03:00,SKU-1001,Wireless Mouse,Electronics,West,799,1,0.0,799,799.0
ORD-20260724-0030,2026-07-24,2026-07-24 19:47:00,SKU-1010,USB-C Cable,Electronics,West,199,2,15.0,398,338.3
ORD-20260724-0031,2026-07-24,2026-07-24 18:10:00,SKU-1010,USB-C Cable,Electronics,East,199,1,0.0,199,199.0
ORD-20260724-0032,2026-07-24,2026-07-24 09:41:00,SKU-1006,Yoga Mat,Fitness,East,599,2,0.0,1198,1198.0
ORD-20260724-0033,2026-07-24,2026-07-24 11:06:00,SKU-1008,Backpack,Accessories,Central,1499,1,10.0,1499,1349.1
ORD-20260724-0034,2026-07-24,2026-07-24 05:14:00,SKU-1004,Office Chair,Furniture,East,5499,2,0.0,10998,10998.0
ORD-20260724-0035,2026-07-24,2026-07-24 17:38:00,SKU-1009,Phone Case,Accessories,East,299,1,15.0,299,254.15
ORD-20260724-0036,2026-07-24,2026-07-24 03:23:00,SKU-1005,LED Desk Lamp,Furniture,South,899,2,5.0,1798,1708.1
ORD-20260724-0037,2026-07-24,2026-07-24 01:47:00,SKU-1004,Office Chair,Furniture,East,5499,1,0.0,5499,5499.0
ORD-20260724-0038,2026-07-24,2026-07-24 08:36:00,SKU-1007,Water Bottle,Fitness,Central,349,3,5.0,1047,994.65
ORD-20260724-0039,2026-07-24,2026-07-24 13:42:00,SKU-1006,Yoga Mat,Fitness,East,599,1,5.0,599,569.05
ORD-20260724-0040,2026-07-24,2026-07-24 15:09:00,SKU-1003,Notebook Set,Stationery,West,249,1,0.0,249,249.0
ORD-20260725-0000,2026-07-25,2026-07-25 03:13:00,SKU-1007,Water Bottle,Fitness,Unknown,349,1,0.0,349,349.0
ORD-20260725-0001,2026-07-25,2026-07-25 11:13:00,SKU-1002,Bluetooth Speaker,Electronics,South,1999,3,0.0,5997,5997.0
ORD-20260725-0002,2026-07-25,2026-07-25 16:37:00,SKU-1010,USB-C Cable,Electronics,Central,199,1,15.0,199,169.15
ORD-20260725-0003,2026-07-25,2026-07-25 21:52:00,SKU-1006,Yoga Mat,Fitness,Central,599,1,5.0,599,569.05
ORD-20260725-0004,2026-07-25,2026-07-25 11:09:00,SKU-1004,Office Chair,Furniture,Central,5499,1,0.0,5499,5499.0
ORD-20260725-0005,2026-07-25,2026-07-25 09:00:00,SKU-1002,Bluetooth Speaker,Electronics,South,1999,2,15.0,3998,3398.3
ORD-20260725-0006,2026-07-25,2026-07-25 13:54:00,SKU-1009,Phone Case,Accessories,Unknown,299,1,5.0,299,284.05
ORD-20260725-0007,2026-07-25,2026-07-25 17:36:00,SKU-1003,Notebook Set,Stationery,East,249,2,15.0,498,423.3
ORD-20260725-0008,2026-07-25,2026-07-25 21:41:00,SKU-1006,Yoga Mat,Fitness,Unknown,599,1,5.0,599,569.05
ORD-20260725-0009,2026-07-25,2026-07-25 02:44:00,SKU-1003,Notebook Set,Stationery,Unknown,249,1,15.0,249,211.65
ORD-20260725-0010,2026-07-25,2026-07-25 01:33:00,SKU-1006,Yoga Mat,Fitness,East,599,2,0.0,1198,1198.0
ORD-20260725-0011,2026-07-25,2026-07-25 01:43:00,SKU-1007,Water Bottle,Fitness,South,349,1,5.0,349,331.55
ORD-20260725-0012,2026-07-25,2026-07-25 05:38:00,SKU-1007,Water Bottle,Fitness,East,349,1,10.0,349,314.1
ORD-20260725-0013,2026-07-25,2026-07-25 17:37:00,SKU-1009,Phone Case,Accessories,North,299,1,0.0,299,299.0
ORD-20260725-0014,2026-07-25,2026-07-25 16:48:00,SKU-1004,Office Chair,Furniture,Unknown,5499,1,0.0,5499,5499.0
ORD-20260725-0015,2026-07-25,2026-07-25 01:35:00,SKU-1010,USB-C Cable,Electronics,Unknown,199,1,15.0,199,169.15
ORD-20260725-0016,2026-07-25,2026-07-25 16:48:00,SKU-1010,USB-C Cable,Electronics,Central,199,1,0.0,199,199.0
ORD-20260725-0017,2026-07-25,2026-07-25 09:26:00,SKU-1005,LED Desk Lamp,Furniture,West,899,2,0.0,1798,1798.0
ORD-20260725-0018,2026-07-25,2026-07-25 15:23:00,SKU-1007,Water Bottle,Fitness,Unknown,349,2,0.0,698,698.0
ORD-20260725-0019,2026-07-25,2026-07-25 16:42:00,SKU-1006,Yoga Mat,Fitness,North,599,1,0.0,599,599.0
ORD-20260725-0020,2026-07-25,2026-07-25 00:15:00,SKU-1002,Bluetooth Speaker,Electronics,North,1999,1,0.0,1999,1999.0
ORD-20260725-0021,2026-07-25,2026-07-25 21:35:00,SKU-1002,Bluetooth Speaker,Electronics,Unknown,1999,2,0.0,3998,3998.0
ORD-20260725-0022,2026-07-25,2026-07-25 14:34:00,SKU-1006,Yoga Mat,Fitness,North,599,1,5.0,599,569.05
ORD-20260725-0023,2026-07-25,2026-07-25 23:33:00,SKU-1006,Yoga Mat,Fitness,West,599,1,10.0,599,539.1
ORD-20260725-0024,2026-07-25,2026-07-25 01:28:00,SKU-1005,LED Desk Lamp,Furniture,West,899,1,0.0,899,899.0
ORD-20260725-0025,2026-07-25,2026-07-25 18:45:00,SKU-1003,Notebook Set,Stationery,South,249,2,15.0,498,423.3
ORD-20260725-0026,2026-07-25,2026-07-25 22:35:00,SKU-1003,Notebook Set,Stationery,West,249,3,0.0,747,747.0
ORD-20260725-0027,2026-07-25,2026-07-25 23:34:00,SKU-1001,Wireless Mouse,Electronics,West,799,1,0.0,799,799.0
ORD-20260725-0028,2026-07-25,2026-07-25 20:19:00,SKU-1003,Notebook Set,Stationery,Unknown,249,2,0.0,498,498.0
ORD-20260725-0029,2026-07-25,2026-07-25 00:54:00,SKU-1007,Water Bottle,Fitness,Unknown,349,1,0.0,349,349.0
ORD-20260725-0030,2026-07-25,2026-07-25 18:12:00,SKU-1002,Bluetooth Speaker,Electronics,South,1999,2,0.0,3998,3998.0
ORD-20260725-0031,2026-07-25,2026-07-25 12:33:00,SKU-1009,Phone Case,Accessories,Central,299,1,0.0,299,299.0
ORD-20260725-0032,2026-07-25,2026-07-25 22:33:00,SKU-1002,Bluetooth Speaker,Electronics,South,1999,1,0.0,1999,1999.0
ORD-20260725-0033,2026-07-25,2026-07-25 09:31:00,SKU-1009,Phone Case,Accessories,South,299,1,0.0,299,299.0
ORD-20260725-0034,2026-07-25,2026-07-25 12:48:00,SKU-1004,Office Chair,Furniture,South,5499,3,0.0,16497,16497.0
ORD-20260725-0035,2026-07-25,2026-07-25 05:01:00,SKU-1005,LED Desk Lamp,Furniture,Unknown,899,1,10.0,899,809.1
ORD-20260725-0036,2026-07-25,2026-07-25 01:53:00,SKU-1004,Office Chair,Furniture,North,5499,2,0.0,10998,10998.0
ORD-20260725-0037,2026-07-25,2026-07-25 20:03:00,SKU-1008,Backpack,Accessories,West,1499,1,10.0,1499,1349.1
ORD-20260725-0038,2026-07-25,2026-07-25 18:49:00,SKU-1004,Office Chair,Furniture,West,5499,3,0.0,16497,16497.0
ORD-20260725-0039,2026-07-25,2026-07-25 07:10:00,SKU-1006,Yoga Mat,Fitness,North,599,1,0.0,599,599.0
ORD-20260725-0040,2026-07-25,2026-07-25 17:01:00,SKU-1003,Notebook Set,Stationery,East,249,2,0.0,498,498.0
ORD-20260725-0041,2026-07-25,2026-07-25 19:53:00,SKU-1008,Backpack,Accessories,East,1499,1,15.0,1499,1274.15
ORD-20260725-0042,2026-07-25,2026-07-25 23:15:00,SKU-1003,Notebook Set,Stationery,Central,249,1,0.0,249,249.0
ORD-20260725-0043,2026-07-25,2026-07-25 13:16:00,SKU-1007,Water Bottle,Fitness,West,349,1,0.0,349,349.0
ORD-20260725-0044,2026-07-25,2026-07-25 04:04:00,SKU-1002,Bluetooth Speaker,Electronics,East,1999,4,0.0,7996,7996.0
ORD-20260725-0045,2026-07-25,2026-07-25 10:04:00,SKU-1005,LED Desk Lamp,Furniture,Unknown,899,2,0.0,1798,1798.0
ORD-20260725-0046,2026-07-25,2026-07-25 23:55:00,SKU-1002,Bluetooth Speaker,Electronics,East,1999,2,10.0,3998,3598.2
ORD-20260725-0047,2026-07-25,2026-07-25 19:37:00,SKU-1010,USB-C Cable,Electronics,East,199,3,5.0,597,567.15
ORD-20260725-0048,2026-07-25,2026-07-25 15:17:00,SKU-1004,Office Chair,Furniture,South,5499,1,5.0,5499,5224.05
ORD-20260725-0049,2026-07-25,2026-07-25 12:03:00,SKU-1006,Yoga Mat,Fitness,North,599,1,0.0,599,599.0
ORD-20260725-0050,2026-07-25,2026-07-25 13:33:00,SKU-1003,Notebook Set,Stationery,East,249,2,0.0,498,498.0
ORD-20260725-0051,2026-07-25,2026-07-25 07:40:00,SKU-1003,Notebook Set,Stationery,East,249,1,0.0,249,249.0
ORD-20260725-0052,2026-07-25,2026-07-25 19:59:00,SKU-1001,Wireless Mouse,Electronics,East,799,2,10.0,1598,1438.2
ORD-20260725-0053,2026-07-25,2026-07-25 06:53:00,SKU-1006,Yoga Mat,Fitness,South,599,2,0.0,1198,1198.0
ORD-20260725-0054,2026-07-25,2026-07-25 00:48:00,SKU-1001,Wireless Mouse,Electronics,Unknown,799,1,0.0,799,799.0
ORD-20260725-0055,2026-07-25,2026-07-25 07:18:00,SKU-1005,LED Desk Lamp,Furniture,Central,899,1,15.0,899,764.15
ORD-20260725-0056,2026-07-25,2026-07-25 08:27:00,SKU-1006,Yoga Mat,Fitness,Unknown,599,2,10.0,1198,1078.2
ORD-20260725-0057,2026-07-25,2026-07-25 08:52:00,SKU-1001,Wireless Mouse,Electronics,West,799,3,15.0,2397,2037.45
ORD-20260725-0058,2026-07-25,2026-07-25 08:55:00,SKU-1009,Phone Case,Accessories,South,299,1,15.0,299,254.15
ORD-20260725-0059,2026-07-25,2026-07-25 02:30:00,SKU-1006,Yoga Mat,Fitness,North,599,1,0.0,599,599.0
ORD-20260725-0060,2026-07-25,2026-07-25 16:21:00,SKU-1003,Notebook Set,Stationery,Central,249,1,0.0,249,249.0
ORD-20260725-0061,2026-07-25,2026-07-25 12:56:00,SKU-1009,Phone Case,Accessories,North,299,1,0.0,299,299.0
ORD-20260725-0062,2026-07-25,2026-07-25 14:29:00,SKU-1006,Yoga Mat,Fitness,East,599,2,0.0,1198,1198.0
ORD-20260725-0063,2026-07-25,2026-07-25 07:35:00,SKU-1001,Wireless Mouse,Electronics,North,799,1,5.0,799,759.05
ORD-20260725-0064,2026-07-25,2026-07-25 21:06:00,SKU-1009,Phone Case,Accessories,Unknown,299,1,0.0,299,299.0
ORD-20260725-0065,2026-07-25,2026-07-25 16:54:00,SKU-1005,LED Desk Lamp,Furniture,South,899,1,10.0,899,809.1
ORD-20260725-0066,2026-07-25,2026-07-25 01:09:00,SKU-1003,Notebook Set,Stationery,Central,249,1,5.0,249,236.55
ORD-20260725-0067,2026-07-25,2026-07-25 00:33:00,SKU-1006,Yoga Mat,Fitness,East,599,2,0.0,1198,1198.0
ORD-20260725-0068,2026-07-25,2026-07-25 15:45:00,SKU-1006,Yoga Mat,Fitness,South,599,4,5.0,2396,2276.2
ORD-20260725-0069,2026-07-25,2026-07-25 07:43:00,SKU-1007,Water Bottle,Fitness,West,349,1,0.0,349,349.0
ORD-20260725-0070,2026-07-25,2026-07-25 03:24:00,SKU-1006,Yoga Mat,Fitness,Unknown,599,1,5.0,599,569.05
ORD-20260725-0071,2026-07-25,2026-07-25 00:17:00,SKU-1001,Wireless Mouse,Electronics,Unknown,799,1,15.0,799,679.15
ORD-20260725-0072,2026-07-25,2026-07-25 05:13:00,SKU-1010,USB-C Cable,Electronics,North,199,1,0.0,199,199.0
ORD-20260725-0073,2026-07-25,2026-07-25 14:01:00,SKU-1002,Bluetooth Speaker,Electronics,Central,1999,1,0.0,1999,1999.0
ORD-20260725-0074,2026-07-25,2026-07-25 23:33:00,SKU-1007,Water Bottle,Fitness,North,349,2,0.0,698,698.0
ORD-20260725-0075,2026-07-25,2026-07-25 21:55:00,SKU-1006,Yoga Mat,Fitness,West,599,2,0.0,1198,1198.0
ORD-20260725-0076,2026-07-25,2026-07-25 02:43:00,SKU-1002,Bluetooth Speaker,Electronics,East,1999,1,0.0,1999,1999.0
ORD-20260725-0077,2026-07-25,2026-07-25 23:33:00,SKU-1008,Backpack,Accessories,Unknown,1499,1,0.0,1499,1499.0
ORD-20260725-0078,2026-07-25,2026-07-25 03:45:00,SKU-1005,LED Desk Lamp,Furniture,North,899,1,5.0,899,854.05
ORD-20260725-0079,2026-07-25,2026-07-25 17:23:00,SKU-1010,USB-C Cable,Electronics,South,199,1,0.0,199,199.0
ORD-20260725-0080,2026-07-25,2026-07-25 11:44:00,SKU-1006,Yoga Mat,Fitness,Central,599,1,0.0,599,599.0
ORD-20260725-0081,2026-07-25,2026-07-25 07:51:00,SKU-1004,Office Chair,Furniture,East,5499,3,10.0,16497,14847.3
ORD-20260725-0082,2026-07-25,2026-07-25 18:49:00,SKU-1001,Wireless Mouse,Electronics,Central,799,1,5.0,799,759.05
ORD-20260725-0083,2026-07-25,2026-07-25 14:26:00,SKU-1008,Backpack,Accessories,Unknown,1499,1,10.0,1499,1349.1
ORD-20260725-0084,2026-07-25,2026-07-25 05:13:00,SKU-1002,Bluetooth Speaker,Electronics,North,1999,1,10.0,1999,1799.1
ORD-20260725-0085,2026-07-25,2026-07-25 14:53:00,SKU-1007,Water Bottle,Fitness,North,349,2,0.0,698,698.0
ORD-20260725-0086,2026-07-25,2026-07-25 17:26:00,SKU-1002,Bluetooth Speaker,Electronics,Unknown,1999,1,5.0,1999,1899.05
ORD-20260725-0087,2026-07-25,2026-07-25 01:28:00,SKU-1010,USB-C Cable,Electronics,Central,199,4,0.0,796,796.0
ORD-20260725-0088,2026-07-25,2026-07-25 11:05:00,SKU-1007,Water Bottle,Fitness,North,349,1,0.0,349,349.0
ORD-20260725-0089,2026-07-25,2026-07-25 08:06:00,SKU-1007,Water Bottle,Fitness,West,349,2,0.0,698,698.0
ORD-20260725-0090,2026-07-25,2026-07-25 20:24:00,SKU-1004,Office Chair,Furniture,Central,5499,1,0.0,5499,5499.0
ORD-20260725-0091,2026-07-25,2026-07-25 02:20:00,SKU-1005,LED Desk Lamp,Furniture,Central,899,1,10.0,899,809.1
ORD-20260725-0092,2026-07-25,2026-07-25 20:39:00,SKU-1010,USB-C Cable,Electronics,South,199,2,0.0,398,398.0
ORD-20260725-0093,2026-07-25,2026-07-25 05:33:00,SKU-1007,Water Bottle,Fitness,East,349,2,10.0,698,628.2
ORD-20260725-0094,2026-07-25,2026-07-25 00:07:00,SKU-1002,Bluetooth Speaker,Electronics,North,1999,1,0.0,1999,1999.0
ORD-20260725-0095,2026-07-25,2026-07-25 06:40:00,SKU-1009,Phone Case,Accessories,West,299,2,0.0,598,598.0
ORD-20260725-0096,2026-07-25,2026-07-25 22:47:00,SKU-1007,Water Bottle,Fitness,West,349,1,15.0,349,296.65
ORD-20260725-0097,2026-07-25,2026-07-25 00:39:00,SKU-1009,Phone Case,Accessories,West,299,1,5.0,299,284.05
ORD-20260725-0098,2026-07-25,2026-07-25 23:47:00,SKU-1001,Wireless Mouse,Electronics,North,799,1,10.0,799,719.1
ORD-20260725-0099,2026-07-25,2026-07-25 16:38:00,SKU-1006,Yoga Mat,Fitness,Central,599,1,15.0,599,509.15
ORD-20260725-0100,2026-07-25,2026-07-25 09:11:00,SKU-1005,LED Desk Lamp,Furniture,East,899,3,0.0,2697,2697.0
ORD-20260725-0101,2026-07-25,2026-07-25 04:12:00,SKU-1010,USB-C Cable,Electronics,West,199,1,0.0,199,199.0
ORD-20260725-0102,2026-07-25,2026-07-25 16:01:00,SKU-1002,Bluetooth Speaker,Electronics,South,1999,1,15.0,1999,1699.15
ORD-20260725-0103,2026-07-25,2026-07-25 02:26:00,SKU-1009,Phone Case,Accessories,North,299,3,0.0,897,897.0
ORD-20260726-0000,2026-07-26,2026-07-26 23:02:00,SKU-1002,Bluetooth Speaker,Electronics,Central,1999,1,5.0,1999,1899.05
ORD-20260726-0001,2026-07-26,2026-07-26 19:06:00,SKU-1007,Water Bottle,Fitness,South,349,1,0.0,349,349.0
ORD-20260726-0002,2026-07-26,2026-07-26 20:00:00,SKU-1010,USB-C Cable,Electronics,Central,199,1,0.0,199,199.0
ORD-20260726-0003,2026-07-26,2026-07-26 06:33:00,SKU-1004,Office Chair,Furniture,North,5499,2,0.0,10998,10998.0
ORD-20260726-0004,2026-07-26,2026-07-26 07:20:00,SKU-1001,Wireless Mouse,Electronics,South,799,2,0.0,1598,1598.0
ORD-20260726-0005,2026-07-26,2026-07-26 07:54:00,SKU-1002,Bluetooth Speaker,Electronics,Central,1999,1,0.0,1999,1999.0
ORD-20260726-0006,2026-07-26,2026-07-26 05:24:00,SKU-1009,Phone Case,Accessories,Central,299,2,15.0,598,508.3
ORD-20260726-0007,2026-07-26,2026-07-26 08:57:00,SKU-1007,Water Bottle,Fitness,North,349,1,0.0,349,349.0
ORD-20260726-0008,2026-07-26,2026-07-26 01:11:00,SKU-1002,Bluetooth Speaker,Electronics,Central,1999,2,5.0,3998,3798.1
ORD-20260726-0009,2026-07-26,2026-07-26 06:28:00,SKU-1008,Backpack,Accessories,West,1499,1,0.0,1499,1499.0
ORD-20260726-0010,2026-07-26,2026-07-26 04:23:00,SKU-1006,Yoga Mat,Fitness,South,599,3,15.0,1797,1527.45
ORD-20260726-0011,2026-07-26,2026-07-26 05:14:00,SKU-1005,LED Desk Lamp,Furniture,West,899,2,10.0,1798,1618.2
ORD-20260726-0012,2026-07-26,2026-07-26 09:02:00,SKU-1009,Phone Case,Accessories,Unknown,299,1,0.0,299,299.0
ORD-20260726-0013,2026-07-26,2026-07-26 22:05:00,SKU-1006,Yoga Mat,Fitness,North,599,2,0.0,1198,1198.0
ORD-20260726-0014,2026-07-26,2026-07-26 10:55:00,SKU-1006,Yoga Mat,Fitness,Unknown,599,1,0.0,599,599.0
ORD-20260726-0015,2026-07-26,2026-07-26 05:18:00,SKU-1005,LED Desk Lamp,Furniture,East,899,2,5.0,1798,1708.1
ORD-20260726-0016,2026-07-26,2026-07-26 21:15:00,SKU-1003,Notebook Set,Stationery,West,249,1,0.0,249,249.0
ORD-20260726-0017,2026-07-26,2026-07-26 19:00:00,SKU-1004,Office Chair,Furniture,North,5499,1,0.0,5499,5499.0
ORD-20260726-0018,2026-07-26,2026-07-26 18:42:00,SKU-1008,Backpack,Accessories,North,1499,2,0.0,2998,2998.0
ORD-20260726-0019,2026-07-26,2026-07-26 17:34:00,SKU-1008,Backpack,Accessories,Central,1499,1,0.0,1499,1499.0
ORD-20260726-0020,2026-07-26,2026-07-26 22:20:00,SKU-1008,Backpack,Accessories,North,1499,1,0.0,1499,1499.0
ORD-20260726-0021,2026-07-26,2026-07-26 00:35:00,SKU-1008,Backpack,Accessories,West,1499,2,0.0,2998,2998.0
ORD-20260726-0022,2026-07-26,2026-07-26 17:34:00,SKU-1009,Phone Case,Accessories,South,299,2,0.0,598,598.0
ORD-20260726-0023,2026-07-26,2026-07-26 19:58:00,SKU-1007,Water Bottle,Fitness,East,349,3,5.0,1047,994.65
ORD-20260726-0024,2026-07-26,2026-07-26 03:52:00,SKU-1007,Water Bottle,Fitness,North,349,3,15.0,1047,889.95
ORD-20260726-0025,2026-07-26,2026-07-26 04:04:00,SKU-1005,LED Desk Lamp,Furniture,South,899,1,10.0,899,809.1
ORD-20260726-0026,2026-07-26,2026-07-26 22:16:00,SKU-1003,Notebook Set,Stationery,South,249,1,0.0,249,249.0
ORD-20260726-0027,2026-07-26,2026-07-26 15:24:00,SKU-1002,Bluetooth Speaker,Electronics,East,1999,2,0.0,3998,3998.0
ORD-20260726-0028,2026-07-26,2026-07-26 04:17:00,SKU-1002,Bluetooth Speaker,Electronics,West,1999,2,10.0,3998,3598.2
ORD-20260726-0029,2026-07-26,2026-07-26 17:12:00,SKU-1007,Water Bottle,Fitness,South,349,2,0.0,698,698.0
ORD-20260726-0030,2026-07-26,2026-07-26 04:13:00,SKU-1002,Bluetooth Speaker,Electronics,North,1999,1,0.0,1999,1999.0
ORD-20260726-0031,2026-07-26,2026-07-26 08:41:00,SKU-1004,Office Chair,Furniture,East,5499,1,15.0,5499,4674.15
ORD-20260726-0032,2026-07-26,2026-07-26 10:43:00,SKU-1010,USB-C Cable,Electronics,East,199,1,0.0,199,199.0
ORD-20260726-0033,2026-07-26,2026-07-26 02:11:00,SKU-1001,Wireless Mouse,Electronics,West,799,1,5.0,799,759.05
ORD-20260726-0034,2026-07-26,2026-07-26 15:23:00,SKU-1001,Wireless Mouse,Electronics,Unknown,799,1,0.0,799,799.0
ORD-20260726-0035,2026-07-26,2026-07-26 20:21:00,SKU-1002,Bluetooth Speaker,Electronics,South,1999,3,0.0,5997,5997.0
ORD-20260726-0036,2026-07-26,2026-07-26 08:10:00,SKU-1004,Office Chair,Furniture,Central,5499,2,10.0,10998,9898.2
ORD-20260726-0037,2026-07-26,2026-07-26 20:26:00,SKU-1001,Wireless Mouse,Electronics,Central,799,3,15.0,2397,2037.45
ORD-20260726-0038,2026-07-26,2026-07-26 12:24:00,SKU-1002,Bluetooth Speaker,Electronics,East,1999,1,0.0,1999,1999.0
ORD-20260726-0039,2026-07-26,2026-07-26 23:17:00,SKU-1006,Yoga Mat,Fitness,North,599,1,0.0,599,599.0
ORD-20260726-0040,2026-07-26,2026-07-26 19:17:00,SKU-1008,Backpack,Accessories,North,1499,1,0.0,1499,1499.0
ORD-20260726-0041,2026-07-26,2026-07-26 03:09:00,SKU-1002,Bluetooth Speaker,Electronics,Central,1999,1,0.0,1999,1999.0
ORD-20260726-0042,2026-07-26,2026-07-26 12:16:00,SKU-1002,Bluetooth Speaker,Electronics,East,1999,1,15.0,1999,1699.15
ORD-20260726-0043,2026-07-26,2026-07-26 07:30:00,SKU-1003,Notebook Set,Stationery,South,249,1,10.0,249,224.1
ORD-20260726-0044,2026-07-26,2026-07-26 05:48:00,SKU-1010,USB-C Cable,Electronics,Unknown,199,1,0.0,199,199.0
ORD-20260726-0045,2026-07-26,2026-07-26 07:18:00,SKU-1004,Office Chair,Furniture,Unknown,5499,2,0.0,10998,10998.0
ORD-20260726-0046,2026-07-26,2026-07-26 17:11:00,SKU-1008,Backpack,Accessories,West,1499,1,0.0,1499,1499.0
ORD-20260726-0047,2026-07-26,2026-07-26 04:35:00,SKU-1010,USB-C Cable,Electronics,Central,199,2,10.0,398,358.2
ORD-20260726-0048,2026-07-26,2026-07-26 01:45:00,SKU-1005,LED Desk Lamp,Furniture,West,899,4,0.0,3596,3596.0
ORD-20260726-0049,2026-07-26,2026-07-26 01:05:00,SKU-1006,Yoga Mat,Fitness,Unknown,599,2,0.0,1198,1198.0
ORD-20260726-0050,2026-07-26,2026-07-26 20:24:00,SKU-1009,Phone Case,Accessories,Unknown,299,1,5.0,299,284.05
ORD-20260726-0051,2026-07-26,2026-07-26 12:00:00,SKU-1005,LED Desk Lamp,Furniture,East,899,1,10.0,899,809.1
ORD-20260726-0052,2026-07-26,2026-07-26 18:39:00,SKU-1009,Phone Case,Accessories,North,299,1,10.0,299,269.1
ORD-20260726-0053,2026-07-26,2026-07-26 12:45:00,SKU-1009,Phone Case,Accessories,East,299,1,0.0,299,299.0
ORD-20260726-0054,2026-07-26,2026-07-26 21:36:00,SKU-1009,Phone Case,Accessories,South,299,1,0.0,299,299.0
ORD-20260726-0055,2026-07-26,2026-07-26 09:03:00,SKU-1008,Backpack,Accessories,South,1499,1,0.0,1499,1499.0
ORD-20260726-0056,2026-07-26,2026-07-26 23:11:00,SKU-1002,Bluetooth Speaker,Electronics,West,1999,1,0.0,1999,1999.0
ORD-20260726-0057,2026-07-26,2026-07-26 00:29:00,SKU-1003,Notebook Set,Stationery,Unknown,249,1,10.0,249,224.1
ORD-20260726-0058,2026-07-26,2026-07-26 06:59:00,SKU-1003,Notebook Set,Stationery,Central,249,1,0.0,249,249.0
ORD-20260726-0059,2026-07-26,2026-07-26 06:24:00,SKU-1001,Wireless Mouse,Electronics,West,799,1,5.0,799,759.05
ORD-20260726-0060,2026-07-26,2026-07-26 08:08:00,SKU-1002,Bluetooth Speaker,Electronics,South,1999,3,0.0,5997,5997.0
ORD-20260726-0061,2026-07-26,2026-07-26 10:57:00,SKU-1008,Backpack,Accessories,Central,1499,2,15.0,2998,2548.3
ORD-20260726-0062,2026-07-26,2026-07-26 01:36:00,SKU-1005,LED Desk Lamp,Furniture,Unknown,899,2,0.0,1798,1798.0
ORD-20260726-0063,2026-07-26,2026-07-26 01:46:00,SKU-1003,Notebook Set,Stationery,South,249,2,0.0,498,498.0
ORD-20260726-0064,2026-07-26,2026-07-26 22:07:00,SKU-1004,Office Chair,Furniture,Unknown,5499,2,0.0,10998,10998.0
ORD-20260726-0065,2026-07-26,2026-07-26 13:41:00,SKU-1009,Phone Case,Accessories,Central,299,4,0.0,1196,1196.0
ORD-20260726-0066,2026-07-26,2026-07-26 23:14:00,SKU-1005,LED Desk Lamp,Furniture,Unknown,899,4,15.0,3596,3056.6
ORD-20260726-0067,2026-07-26,2026-07-26 16:14:00,SKU-1010,USB-C Cable,Electronics,South,199,2,15.0,398,338.3
ORD-20260726-0068,2026-07-26,2026-07-26 06:15:00,SKU-1001,Wireless Mouse,Electronics,North,799,3,0.0,2397,2397.0
ORD-20260726-0069,2026-07-26,2026-07-26 00:35:00,SKU-1007,Water Bottle,Fitness,West,349,1,15.0,349,296.65
ORD-20260726-0070,2026-07-26,2026-07-26 14:53:00,SKU-1008,Backpack,Accessories,West,1499,1,5.0,1499,1424.05
ORD-20260726-0071,2026-07-26,2026-07-26 21:53:00,SKU-1010,USB-C Cable,Electronics,South,199,2,0.0,398,398.0
ORD-20260726-0072,2026-07-26,2026-07-26 04:17:00,SKU-1003,Notebook Set,Stationery,Unknown,249,1,10.0,249,224.1
ORD-20260726-0073,2026-07-26,2026-07-26 12:31:00,SKU-1006,Yoga Mat,Fitness,South,599,1,0.0,599,599.0
ORD-20260726-0074,2026-07-26,2026-07-26 07:39:00,SKU-1003,Notebook Set,Stationery,Unknown,249,1,15.0,249,211.65
ORD-20260726-0075,2026-07-26,2026-07-26 20:43:00,SKU-1005,LED Desk Lamp,Furniture,East,899,1,0.0,899,899.0
ORD-20260726-0076,2026-07-26,2026-07-26 01:40:00,SKU-1007,Water Bottle,Fitness,Central,349,2,0.0,698,698.0
ORD-20260726-0077,2026-07-26,2026-07-26 18:19:00,SKU-1002,Bluetooth Speaker,Electronics,West,1999,1,0.0,1999,1999.0
ORD-20260726-0078,2026-07-26,2026-07-26 20:32:00,SKU-1005,LED Desk Lamp,Furniture,South,899,2,5.0,1798,1708.1
ORD-20260726-0079,2026-07-26,2026-07-26 05:40:00,SKU-1006,Yoga Mat,Fitness,Unknown,599,1,0.0,599,599.0
ORD-20260726-0080,2026-07-26,2026-07-26 21:58:00,SKU-1010,USB-C Cable,Electronics,West,199,1,10.0,199,179.1
ORD-20260726-0081,2026-07-26,2026-07-26 13:07:00,SKU-1003,Notebook Set,Stationery,Central,249,1,5.0,249,236.55
ORD-20260726-0082,2026-07-26,2026-07-26 22:26:00,SKU-1007,Water Bottle,Fitness,Unknown,349,1,0.0,349,349.0
ORD-20260726-0083,2026-07-26,2026-07-26 07:06:00,SKU-1004,Office Chair,Furniture,West,5499,1,15.0,5499,4674.15
ORD-20260726-0084,2026-07-26,2026-07-26 01:29:00,SKU-1001,Wireless Mouse,Electronics,North,799,1,15.0,799,679.15
ORD-20260726-0085,2026-07-26,2026-07-26 22:49:00,SKU-1008,Backpack,Accessories,Central,1499,1,5.0,1499,1424.05
ORD-20260726-0086,2026-07-26,2026-07-26 05:26:00,SKU-1004,Office Chair,Furniture,North,5499,2,5.0,10998,10448.1
ORD-20260726-0087,2026-07-26,2026-07-26 10:08:00,SKU-1010,USB-C Cable,Electronics,South,199,2,5.0,398,378.1
ORD-20260726-0088,2026-07-26,2026-07-26 14:08:00,SKU-1006,Yoga Mat,Fitness,Unknown,599,1,10.0,599,539.1
ORD-20260726-0089,2026-07-26,2026-07-26 03:14:00,SKU-1006,Yoga Mat,Fitness,Central,599,2,0.0,1198,1198.0
ORD-20260726-0090,2026-07-26,2026-07-26 21:24:00,SKU-1004,Office Chair,Furniture,East,5499,1,15.0,5499,4674.15
ORD-20260726-0091,2026-07-26,2026-07-26 11:16:00,SKU-1007,Water Bottle,Fitness,South,349,1,0.0,349,349.0
ORD-20260726-0092,2026-07-26,2026-07-26 15:11:00,SKU-1002,Bluetooth Speaker,Electronics,Unknown,1999,1,0.0,1999,1999.0
ORD-20260726-0093,2026-07-26,2026-07-26 10:01:00,SKU-1004,Office Chair,Furniture,Central,5499,1,0.0,5499,5499.0
ORD-20260726-0094,2026-07-26,2026-07-26 01:48:00,SKU-1006,Yoga Mat,Fitness,Unknown,599,2,0.0,1198,1198.0
ORD-20260726-0095,2026-07-26,2026-07-26 13:08:00,SKU-1007,Water Bottle,Fitness,West,349,1,15.0,349,296.65
ORD-20260726-0096,2026-07-26,2026-07-26 18:10:00,SKU-1008,Backpack,Accessories,North,1499,1,15.0,1499,1274.15
ORD-20260726-0097,2026-07-26,2026-07-26 14:03:00,SKU-1007,Water Bottle,Fitness,West,349,1,5.0,349,331.55
ORD-20260727-0000,2026-07-27,2026-07-27 00:55:00,SKU-1005,LED Desk Lamp,Furniture,East,899,1,10.0,899,809.1
ORD-20260727-0001,2026-07-27,2026-07-27 15:23:00,SKU-1004,Office Chair,Furniture,South,5499,1,0.0,5499,5499.0
ORD-20260727-0002,2026-07-27,2026-07-27 14:30:00,SKU-1007,Water Bottle,Fitness,Central,349,2,0.0,698,698.0
ORD-20260727-0003,2026-07-27,2026-07-27 06:13:00,SKU-1004,Office Chair,Furniture,East,5499,2,0.0,10998,10998.0
ORD-20260727-0004,2026-07-27,2026-07-27 22:13:00,SKU-1008,Backpack,Accessories,Unknown,1499,2,0.0,2998,2998.0
ORD-20260727-0005,2026-07-27,2026-07-27 01:26:00,SKU-1002,Bluetooth Speaker,Electronics,West,1999,3,0.0,5997,5997.0
ORD-20260727-0006,2026-07-27,2026-07-27 01:02:00,SKU-1004,Office Chair,Furniture,West,5499,1,15.0,5499,4674.15
ORD-20260727-0007,2026-07-27,2026-07-27 15:51:00,SKU-1009,Phone Case,Accessories,East,299,2,0.0,598,598.0
ORD-20260727-0008,2026-07-27,2026-07-27 04:05:00,SKU-1002,Bluetooth Speaker,Electronics,North,1999,1,15.0,1999,1699.15
ORD-20260727-0009,2026-07-27,2026-07-27 20:57:00,SKU-1001,Wireless Mouse,Electronics,West,799,2,0.0,1598,1598.0
ORD-20260727-0010,2026-07-27,2026-07-27 09:20:00,SKU-1002,Bluetooth Speaker,Electronics,South,1999,1,0.0,1999,1999.0
ORD-20260727-0011,2026-07-27,2026-07-27 07:54:00,SKU-1007,Water Bottle,Fitness,Unknown,349,1,0.0,349,349.0
ORD-20260727-0012,2026-07-27,2026-07-27 17:56:00,SKU-1008,Backpack,Accessories,South,1499,3,10.0,4497,4047.3
ORD-20260727-0013,2026-07-27,2026-07-27 04:12:00,SKU-1009,Phone Case,Accessories,South,299,1,0.0,299,299.0
ORD-20260727-0014,2026-07-27,2026-07-27 19:04:00,SKU-1010,USB-C Cable,Electronics,East,199,1,0.0,199,199.0
ORD-20260727-0015,2026-07-27,2026-07-27 17:21:00,SKU-1005,LED Desk Lamp,Furniture,North,899,1,0.0,899,899.0
ORD-20260727-0016,2026-07-27,2026-07-27 09:46:00,SKU-1003,Notebook Set,Stationery,Unknown,249,1,0.0,249,249.0
ORD-20260727-0017,2026-07-27,2026-07-27 02:52:00,SKU-1006,Yoga Mat,Fitness,West,599,1,0.0,599,599.0
ORD-20260727-0018,2026-07-27,2026-07-27 23:17:00,SKU-1004,Office Chair,Furniture,West,5499,2,0.0,10998,10998.0
ORD-20260727-0019,2026-07-27,2026-07-27 15:29:00,SKU-1002,Bluetooth Speaker,Electronics,South,1999,2,15.0,3998,3398.3
ORD-20260727-0020,2026-07-27,2026-07-27 05:36:00,SKU-1009,Phone Case,Accessories,North,299,1,0.0,299,299.0
ORD-20260727-0021,2026-07-27,2026-07-27 08:30:00,SKU-1010,USB-C Cable,Electronics,Unknown,199,1,15.0,199,169.15
ORD-20260727-0022,2026-07-27,2026-07-27 17:34:00,SKU-1009,Phone Case,Accessories,East,299,4,0.0,1196,1196.0
ORD-20260727-0023,2026-07-27,2026-07-27 15:46:00,SKU-1001,Wireless Mouse,Electronics,Unknown,799,1,5.0,799,759.05
ORD-20260727-0024,2026-07-27,2026-07-27 16:02:00,SKU-1007,Water Bottle,Fitness,South,349,2,0.0,698,698.0
ORD-20260727-0025,2026-07-27,2026-07-27 23:59:00,SKU-1006,Yoga Mat,Fitness,South,599,1,0.0,599,599.0
ORD-20260727-0026,2026-07-27,2026-07-27 06:51:00,SKU-1010,USB-C Cable,Electronics,Central,199,4,15.0,796,676.6
ORD-20260727-0027,2026-07-27,2026-07-27 18:16:00,SKU-1001,Wireless Mouse,Electronics,South,799,1,5.0,799,759.05
ORD-20260727-0028,2026-07-27,2026-07-27 21:08:00,SKU-1002,Bluetooth Speaker,Electronics,North,1999,1,0.0,1999,1999.0
ORD-20260727-0029,2026-07-27,2026-07-27 10:43:00,SKU-1007,Water Bottle,Fitness,North,349,2,10.0,698,628.2
ORD-20260727-0030,2026-07-27,2026-07-27 20:48:00,SKU-1010,USB-C Cable,Electronics,East,199,1,5.0,199,189.05
ORD-20260727-0031,2026-07-27,2026-07-27 18:24:00,SKU-1008,Backpack,Accessories,Central,1499,2,5.0,2998,2848.1
ORD-20260727-0032,2026-07-27,2026-07-27 23:07:00,SKU-1004,Office Chair,Furniture,North,5499,1,15.0,5499,4674.15
ORD-20260727-0033,2026-07-27,2026-07-27 06:40:00,SKU-1004,Office Chair,Furniture,East,5499,1,5.0,5499,5224.05
ORD-20260727-0034,2026-07-27,2026-07-27 23:14:00,SKU-1001,Wireless Mouse,Electronics,Central,799,1,5.0,799,759.05
ORD-20260727-0035,2026-07-27,2026-07-27 14:26:00,SKU-1008,Backpack,Accessories,Central,1499,2,0.0,2998,2998.0
ORD-20260727-0036,2026-07-27,2026-07-27 00:29:00,SKU-1009,Phone Case,Accessories,West,299,1,0.0,299,299.0
ORD-20260727-0037,2026-07-27,2026-07-27 05:11:00,SKU-1009,Phone Case,Accessories,West,299,4,15.0,1196,1016.6
ORD-20260727-0038,2026-07-27,2026-07-27 00:55:00,SKU-1005,LED Desk Lamp,Furniture,South,899,2,5.0,1798,1708.1
ORD-20260727-0039,2026-07-27,2026-07-27 10:47:00,SKU-1005,LED Desk Lamp,Furniture,East,899,1,0.0,899,899.0
ORD-20260727-0040,2026-07-27,2026-07-27 08:48:00,SKU-1004,Office Chair,Furniture,South,5499,1,10.0,5499,4949.1
ORD-20260727-0041,2026-07-27,2026-07-27 07:41:00,SKU-1001,Wireless Mouse,Electronics,Unknown,799,2,10.0,1598,1438.2
ORD-20260727-0042,2026-07-27,2026-07-27 18:29:00,SKU-1006,Yoga Mat,Fitness,South,599,1,0.0,599,599.0
ORD-20260727-0043,2026-07-27,2026-07-27 15:55:00,SKU-1008,Backpack,Accessories,Central,1499,1,0.0,1499,1499.0
ORD-20260727-0044,2026-07-27,2026-07-27 15:58:00,SKU-1004,Office Chair,Furniture,Central,5499,1,0.0,5499,5499.0
ORD-20260727-0045,2026-07-27,2026-07-27 04:08:00,SKU-1004,Office Chair,Furniture,East,5499,2,5.0,10998,10448.1
ORD-20260727-0046,2026-07-27,2026-07-27 21:18:00,SKU-1008,Backpack,Accessories,Central,1499,2,0.0,2998,2998.0
ORD-20260727-0047,2026-07-27,2026-07-27 10:28:00,SKU-1001,Wireless Mouse,Electronics,Central,799,1,0.0,799,799.0
ORD-20260727-0048,2026-07-27,2026-07-27 13:40:00,SKU-1004,Office Chair,Furniture,Unknown,5499,2,0.0,10998,10998.0
ORD-20260727-0049,2026-07-27,2026-07-27 02:21:00,SKU-1002,Bluetooth Speaker,Electronics,North,1999,1,5.0,1999,1899.05
ORD-20260727-0050,2026-07-27,2026-07-27 06:49:00,SKU-1005,LED Desk Lamp,Furniture,North,899,3,15.0,2697,2292.45
ORD-20260727-0051,2026-07-27,2026-07-27 23:24:00,SKU-1002,Bluetooth Speaker,Electronics,South,1999,1,0.0,1999,1999.0
ORD-20260727-0052,2026-07-27,2026-07-27 16:39:00,SKU-1010,USB-C Cable,Electronics,Unknown,199,1,0.0,199,199.0
ORD-20260727-0053,2026-07-27,2026-07-27 01:58:00,SKU-1010,USB-C Cable,Electronics,South,199,1,0.0,199,199.0
ORD-20260727-0054,2026-07-27,2026-07-27 20:42:00,SKU-1002,Bluetooth Speaker,Electronics,South,1999,2,0.0,3998,3998.0
ORD-20260727-0055,2026-07-27,2026-07-27 05:41:00,SKU-1009,Phone Case,Accessories,South,299,1,0.0,299,299.0
ORD-20260727-0056,2026-07-27,2026-07-27 02:27:00,SKU-1002,Bluetooth Speaker,Electronics,East,1999,1,5.0,1999,1899.05
ORD-20260727-0057,2026-07-27,2026-07-27 15:03:00,SKU-1003,Notebook Set,Stationery,West,249,3,0.0,747,747.0
ORD-20260727-0058,2026-07-27,2026-07-27 07:16:00,SKU-1010,USB-C Cable,Electronics,West,199,1,15.0,199,169.15
ORD-20260727-0059,2026-07-27,2026-07-27 09:39:00,SKU-1001,Wireless Mouse,Electronics,Unknown,799,1,0.0,799,799.0
ORD-20260727-0060,2026-07-27,2026-07-27 18:36:00,SKU-1004,Office Chair,Furniture,Unknown,5499,1,0.0,5499,5499.0
ORD-20260727-0061,2026-07-27,2026-07-27 07:59:00,SKU-1003,Notebook Set,Stationery,South,249,2,15.0,498,423.3
ORD-20260727-0062,2026-07-27,2026-07-27 15:55:00,SKU-1006,Yoga Mat,Fitness,South,599,2,10.0,1198,1078.2
ORD-20260727-0063,2026-07-27,2026-07-27 07:45:00,SKU-1007,Water Bottle,Fitness,Unknown,349,1,0.0,349,349.0
ORD-20260727-0064,2026-07-27,2026-07-27 13:07:00,SKU-1008,Backpack,Accessories,South,1499,1,10.0,1499,1349.1
ORD-20260727-0065,2026-07-27,2026-07-27 12:04:00,SKU-1007,Water Bottle,Fitness,Central,349,2,0.0,698,698.0
ORD-20260727-0066,2026-07-27,2026-07-27 12:36:00,SKU-1003,Notebook Set,Stationery,North,249,1,0.0,249,249.0
ORD-20260727-0067,2026-07-27,2026-07-27 07:49:00,SKU-1004,Office Chair,Furniture,East,5499,2,0.0,10998,10998.0
ORD-20260727-0068,2026-07-27,2026-07-27 10:23:00,SKU-1006,Yoga Mat,Fitness,North,599,1,5.0,599,569.05
ORD-20260727-0069,2026-07-27,2026-07-27 13:06:00,SKU-1010,USB-C Cable,Electronics,Unknown,199,1,0.0,199,199.0
ORD-20260727-0070,2026-07-27,2026-07-27 07:56:00,SKU-1003,Notebook Set,Stationery,Central,249,1,0.0,249,249.0
ORD-20260727-0071,2026-07-27,2026-07-27 01:17:00,SKU-1008,Backpack,Accessories,East,1499,1,0.0,1499,1499.0
ORD-20260727-0072,2026-07-27,2026-07-27 03:27:00,SKU-1002,Bluetooth Speaker,Electronics,Central,1999,2,0.0,3998,3998.0
ORD-20260727-0073,2026-07-27,2026-07-27 01:42:00,SKU-1008,Backpack,Accessories,Unknown,1499,1,15.0,1499,1274.15
ORD-20260727-0074,2026-07-27,2026-07-27 19:52:00,SKU-1005,LED Desk Lamp,Furniture,East,899,1,0.0,899,899.0
ORD-20260727-0075,2026-07-27,2026-07-27 23:13:00,SKU-1003,Notebook Set,Stationery,North,249,1,0.0,249,249.0
ORD-20260727-0076,2026-07-27,2026-07-27 03:49:00,SKU-1005,LED Desk Lamp,Furniture,Central,899,1,0.0,899,899.0
ORD-20260727-0077,2026-07-27,2026-07-27 11:16:00,SKU-1009,Phone Case,Accessories,North,299,1,0.0,299,299.0
ORD-20260727-0078,2026-07-27,2026-07-27 06:55:00,SKU-1009,Phone Case,Accessories,North,299,4,0.0,1196,1196.0
ORD-20260727-0079,2026-07-27,2026-07-27 01:58:00,SKU-1004,Office Chair,Furniture,South,5499,1,0.0,5499,5499.0
ORD-20260727-0080,2026-07-27,2026-07-27 13:55:00,SKU-1005,LED Desk Lamp,Furniture,West,899,1,0.0,899,899.0
ORD-20260727-0081,2026-07-27,2026-07-27 18:05:00,SKU-1002,Bluetooth Speaker,Electronics,Unknown,1999,1,0.0,1999,1999.0
ORD-20260727-0082,2026-07-27,2026-07-27 21:50:00,SKU-1002,Bluetooth Speaker,Electronics,West,1999,1,10.0,1999,1799.1
ORD-20260727-0083,2026-07-27,2026-07-27 11:17:00,SKU-1009,Phone Case,Accessories,South,299,4,0.0,1196,1196.0
ORD-20260727-0084,2026-07-27,2026-07-27 14:29:00,SKU-1003,Notebook Set,Stationery,Unknown,249,1,0.0,249,249.0
ORD-20260727-0085,2026-07-27,2026-07-27 22:25:00,SKU-1008,Backpack,Accessories,East,1499,1,0.0,1499,1499.0
ORD-20260727-0086,2026-07-27,2026-07-27 18:36:00,SKU-1005,LED Desk Lamp,Furniture,East,899,2,0.0,1798,1798.0
ORD-20260727-0087,2026-07-27,2026-07-27 04:10:00,SKU-1006,Yoga Mat,Fitness,East,599,1,0.0,599,599.0
ORD-20260727-0088,2026-07-27,2026-07-27 08:36:00,SKU-1006,Yoga Mat,Fitness,North,599,2,5.0,1198,1138.1
ORD-20260727-0089,2026-07-27,2026-07-27 23:37:00,SKU-1006,Yoga Mat,Fitness,South,599,1,0.0,599,599.0
ORD-20260727-0090,2026-07-27,2026-07-27 18:51:00,SKU-1002,Bluetooth Speaker,Electronics,East,1999,2,0.0,3998,3998.0
ORD-20260727-0091,2026-07-27,2026-07-27 17:23:00,SKU-1004,Office Chair,Furniture,Unknown,5499,1,0.0,5499,5499.0
ORD-20260727-0092,2026-07-27,2026-07-27 17:52:00,SKU-1007,Water Bottle,Fitness,West,349,3,0.0,1047,1047.0
ORD-20260727-0093,2026-07-27,2026-07-27 07:56:00,SKU-1008,Backpack,Accessories,East,1499,2,0.0,2998,2998.0
ORD-20260727-0094,2026-07-27,2026-07-27 14:54:00,SKU-1005,LED Desk Lamp,Furniture,Unknown,899,2,10.0,1798,1618.2
ORD-20260727-0095,2026-07-27,2026-07-27 02:37:00,SKU-1010,USB-C Cable,Electronics,East,199,1,10.0,199,179.1
ORD-20260727-0096,2026-07-27,2026-07-27 01:37:00,SKU-1005,LED Desk Lamp,Furniture,West,899,2,0.0,1798,1798.0
ORD-20260727-0097,2026-07-27,2026-07-27 21:51:00,SKU-1003,Notebook Set,Stationery,East,249,1,0.0,249,249.0
ORD-20260727-0098,2026-07-27,2026-07-27 23:53:00,SKU-1007,Water Bottle,Fitness,Unknown,349,1,0.0,349,349.0
ORD-20260727-0099,2026-07-27,2026-07-27 20:15:00,SKU-1008,Backpack,Accessories,East,1499,1,0.0,1499,1499.0
ORD-20260727-0100,2026-07-27,2026-07-27 09:48:00,SKU-1009,Phone Case,Accessories,Unknown,299,1,15.0,299,254.15
ORD-20260727-0101,2026-07-27,2026-07-27 23:52:00,SKU-1001,Wireless Mouse,Electronics,East,799,1,0.0,799,799.0
ORD-20260727-0102,2026-07-27,2026-07-27 13:47:00,SKU-1008,Backpack,Accessories,North,1499,1,10.0,1499,1349.1
ORD-20260727-0103,2026-07-27,2026-07-27 15:16:00,SKU-1002,Bluetooth Speaker,Electronics,Unknown,1999,1,10.0,1999,1799.1
ORD-20260727-0104,2026-07-27,2026-07-27 17:37:00,SKU-1005,LED Desk Lamp,Furniture,North,899,2,15.0,1798,1528.3
ORD-20260727-0105,2026-07-27,2026-07-27 01:43:00,SKU-1003,Notebook Set,Stationery,North,249,1,5.0,249,236.55
ORD-20260727-0106,2026-07-27,2026-07-27 11:10:00,SKU-1001,Wireless Mouse,Electronics,West,799,1,0.0,799,799.0
ORD-20260727-0107,2026-07-27,2026-07-27 19:28:00,SKU-1003,Notebook Set,Stationery,West,249,3,15.0,747,634.95
ORD-20260727-0108,2026-07-27,2026-07-27 11:40:00,SKU-1005,LED Desk Lamp,Furniture,Central,899,1,15.0,899,764.15
ORD-20260727-0109,2026-07-27,2026-07-27 12:33:00,SKU-1006,Yoga Mat,Fitness,South,599,2,5.0,1198,1138.1
ORD-20260727-0110,2026-07-27,2026-07-27 15:19:00,SKU-1009,Phone Case,Accessories,Unknown,299,1,0.0,299,299.0
ORD-20260727-0111,2026-07-27,2026-07-27 02:19:00,SKU-1004,Office Chair,Furniture,East,5499,1,0.0,5499,5499.0
ORD-20260727-0112,2026-07-27,2026-07-27 19:26:00,SKU-1002,Bluetooth Speaker,Electronics,South,1999,2,10.0,3998,3598.2
ORD-20260727-0113,2026-07-27,2026-07-27 16:40:00,SKU-1009,Phone Case,Accessories,South,299,4,0.0,1196,1196.0
ORD-20260727-0114,2026-07-27,2026-07-27 13:56:00,SKU-1008,Backpack,Accessories,West,1499,1,0.0,1499,1499.0
ORD-20260727-0115,2026-07-27,2026-07-27 04:01:00,SKU-1003,Notebook Set,Stationery,North,249,1,0.0,249,249.0
ORD-20260727-0116,2026-07-27,2026-07-27 13:57:00,SKU-1007,Water Bottle,Fitness,West,349,2,5.0,698,663.1
ORD-20260727-0117,2026-07-27,2026-07-27 11:09:00,SKU-1006,Yoga Mat,Fitness,North,599,3,0.0,1797,1797.0
ORD-20260728-0000,2026-07-28,2026-07-28 16:48:00,SKU-1010,USB-C Cable,Electronics,Unknown,199,2,15.0,398,338.3
ORD-20260728-0001,2026-07-28,2026-07-28 18:57:00,SKU-1009,Phone Case,Accessories,East,299,2,5.0,598,568.1
ORD-20260728-0002,2026-07-28,2026-07-28 10:42:00,SKU-1004,Office Chair,Furniture,West,5499,1,10.0,5499,4949.1
ORD-20260728-0003,2026-07-28,2026-07-28 14:12:00,SKU-1002,Bluetooth Speaker,Electronics,Central,1999,3,0.0,5997,5997.0
ORD-20260728-0004,2026-07-28,2026-07-28 14:04:00,SKU-1003,Notebook Set,Stationery,South,249,1,0.0,249,249.0
ORD-20260728-0005,2026-07-28,2026-07-28 18:20:00,SKU-1006,Yoga Mat,Fitness,South,599,1,10.0,599,539.1
ORD-20260728-0006,2026-07-28,2026-07-28 20:14:00,SKU-1006,Yoga Mat,Fitness,Unknown,599,2,5.0,1198,1138.1
ORD-20260728-0007,2026-07-28,2026-07-28 11:55:00,SKU-1010,USB-C Cable,Electronics,South,199,4,5.0,796,756.2
ORD-20260728-0008,2026-07-28,2026-07-28 08:26:00,SKU-1005,LED Desk Lamp,Furniture,North,899,2,10.0,1798,1618.2
ORD-20260728-0009,2026-07-28,2026-07-28 13:01:00,SKU-1008,Backpack,Accessories,South,1499,1,5.0,1499,1424.05
ORD-20260728-0010,2026-07-28,2026-07-28 23:30:00,SKU-1008,Backpack,Accessories,West,1499,1,0.0,1499,1499.0
ORD-20260728-0011,2026-07-28,2026-07-28 18:05:00,SKU-1003,Notebook Set,Stationery,North,249,4,10.0,996,896.4
ORD-20260728-0012,2026-07-28,2026-07-28 10:04:00,SKU-1005,LED Desk Lamp,Furniture,West,899,2,0.0,1798,1798.0
ORD-20260728-0013,2026-07-28,2026-07-28 06:02:00,SKU-1001,Wireless Mouse,Electronics,Unknown,799,4,0.0,3196,3196.0
ORD-20260728-0014,2026-07-28,2026-07-28 15:05:00,SKU-1003,Notebook Set,Stationery,Central,249,1,0.0,249,249.0
ORD-20260728-0015,2026-07-28,2026-07-28 00:03:00,SKU-1001,Wireless Mouse,Electronics,West,799,1,15.0,799,679.15
ORD-20260728-0016,2026-07-28,2026-07-28 01:38:00,SKU-1005,LED Desk Lamp,Furniture,Central,899,1,0.0,899,899.0
ORD-20260728-0017,2026-07-28,2026-07-28 15:20:00,SKU-1006,Yoga Mat,Fitness,West,599,1,10.0,599,539.1
ORD-20260728-0018,2026-07-28,2026-07-28 08:43:00,SKU-1007,Water Bottle,Fitness,North,349,1,10.0,349,314.1
ORD-20260728-0019,2026-07-28,2026-07-28 03:38:00,SKU-1002,Bluetooth Speaker,Electronics,North,1999,1,0.0,1999,1999.0
ORD-20260728-0020,2026-07-28,2026-07-28 18:59:00,SKU-1009,Phone Case,Accessories,Unknown,299,2,10.0,598,538.2
ORD-20260728-0021,2026-07-28,2026-07-28 10:08:00,SKU-1002,Bluetooth Speaker,Electronics,Central,1999,2,0.0,3998,3998.0
ORD-20260728-0022,2026-07-28,2026-07-28 23:53:00,SKU-1010,USB-C Cable,Electronics,Unknown,199,1,15.0,199,169.15
ORD-20260728-0023,2026-07-28,2026-07-28 09:42:00,SKU-1009,Phone Case,Accessories,North,299,1,5.0,299,284.05
ORD-20260728-0024,2026-07-28,2026-07-28 14:39:00,SKU-1003,Notebook Set,Stationery,Unknown,249,1,15.0,249,211.65
ORD-20260728-0025,2026-07-28,2026-07-28 13:51:00,SKU-1004,Office Chair,Furniture,West,5499,1,5.0,5499,5224.05
ORD-20260728-0026,2026-07-28,2026-07-28 17:28:00,SKU-1010,USB-C Cable,Electronics,West,199,1,10.0,199,179.1
ORD-20260728-0027,2026-07-28,2026-07-28 04:27:00,SKU-1007,Water Bottle,Fitness,West,349,1,0.0,349,349.0
ORD-20260728-0028,2026-07-28,2026-07-28 05:19:00,SKU-1008,Backpack,Accessories,South,1499,1,0.0,1499,1499.0
ORD-20260728-0029,2026-07-28,2026-07-28 08:14:00,SKU-1010,USB-C Cable,Electronics,East,199,2,0.0,398,398.0
ORD-20260728-0030,2026-07-28,2026-07-28 19:15:00,SKU-1005,LED Desk Lamp,Furniture,East,899,1,0.0,899,899.0
ORD-20260728-0031,2026-07-28,2026-07-28 04:14:00,SKU-1010,USB-C Cable,Electronics,West,199,2,5.0,398,378.1
ORD-20260728-0032,2026-07-28,2026-07-28 23:09:00,SKU-1009,Phone Case,Accessories,South,299,1,0.0,299,299.0
ORD-20260728-0033,2026-07-28,2026-07-28 13:06:00,SKU-1010,USB-C Cable,Electronics,Unknown,199,1,0.0,199,199.0
ORD-20260728-0034,2026-07-28,2026-07-28 04:16:00,SKU-1004,Office Chair,Furniture,West,5499,2,0.0,10998,10998.0
ORD-20260728-0035,2026-07-28,2026-07-28 02:29:00,SKU-1009,Phone Case,Accessories,East,299,1,0.0,299,299.0
ORD-20260728-0036,2026-07-28,2026-07-28 21:30:00,SKU-1004,Office Chair,Furniture,West,5499,2,0.0,10998,10998.0
ORD-20260728-0037,2026-07-28,2026-07-28 04:20:00,SKU-1006,Yoga Mat,Fitness,East,599,1,0.0,599,599.0
ORD-20260728-0038,2026-07-28,2026-07-28 11:45:00,SKU-1005,LED Desk Lamp,Furniture,West,899,1,0.0,899,899.0
ORD-20260728-0039,2026-07-28,2026-07-28 19:33:00,SKU-1008,Backpack,Accessories,Central,1499,3,0.0,4497,4497.0
ORD-20260728-0040,2026-07-28,2026-07-28 17:38:00,SKU-1003,Notebook Set,Stationery,Unknown,249,1,10.0,249,224.1
ORD-20260728-0041,2026-07-28,2026-07-28 16:32:00,SKU-1004,Office Chair,Furniture,Unknown,5499,1,5.0,5499,5224.05
ORD-20260728-0042,2026-07-28,2026-07-28 12:57:00,SKU-1002,Bluetooth Speaker,Electronics,North,1999,2,0.0,3998,3998.0
ORD-20260728-0043,2026-07-28,2026-07-28 21:31:00,SKU-1005,LED Desk Lamp,Furniture,Central,899,1,0.0,899,899.0
ORD-20260728-0044,2026-07-28,2026-07-28 04:43:00,SKU-1004,Office Chair,Furniture,Central,5499,1,10.0,5499,4949.1
ORD-20260728-0045,2026-07-28,2026-07-28 10:04:00,SKU-1006,Yoga Mat,Fitness,North,599,2,10.0,1198,1078.2
ORD-20260728-0046,2026-07-28,2026-07-28 20:13:00,SKU-1001,Wireless Mouse,Electronics,Central,799,1,0.0,799,799.0
ORD-20260728-0047,2026-07-28,2026-07-28 11:56:00,SKU-1007,Water Bottle,Fitness,East,349,2,0.0,698,698.0
ORD-20260728-0048,2026-07-28,2026-07-28 18:45:00,SKU-1002,Bluetooth Speaker,Electronics,North,1999,2,0.0,3998,3998.0
ORD-20260728-0049,2026-07-28,2026-07-28 18:44:00,SKU-1003,Notebook Set,Stationery,East,249,1,15.0,249,211.65
ORD-20260728-0050,2026-07-28,2026-07-28 22:52:00,SKU-1001,Wireless Mouse,Electronics,North,799,4,0.0,3196,3196.0
ORD-20260728-0051,2026-07-28,2026-07-28 10:35:00,SKU-1004,Office Chair,Furniture,North,5499,1,0.0,5499,5499.0
ORD-20260728-0052,2026-07-28,2026-07-28 20:52:00,SKU-1009,Phone Case,Accessories,East,299,4,5.0,1196,1136.2
ORD-20260728-0053,2026-07-28,2026-07-28 03:23:00,SKU-1007,Water Bottle,Fitness,North,349,1,5.0,349,331.55
ORD-20260728-0054,2026-07-28,2026-07-28 13:00:00,SKU-1005,LED Desk Lamp,Furniture,East,899,1,5.0,899,854.05
ORD-20260728-0055,2026-07-28,2026-07-28 11:40:00,SKU-1010,USB-C Cable,Electronics,Central,199,1,0.0,199,199.0
ORD-20260728-0056,2026-07-28,2026-07-28 04:15:00,SKU-1008,Backpack,Accessories,North,1499,1,0.0,1499,1499.0
ORD-20260728-0057,2026-07-28,2026-07-28 22:38:00,SKU-1008,Backpack,Accessories,North,1499,1,0.0,1499,1499.0
ORD-20260728-0058,2026-07-28,2026-07-28 09:58:00,SKU-1002,Bluetooth Speaker,Electronics,East,1999,4,0.0,7996,7996.0
ORD-20260728-0059,2026-07-28,2026-07-28 10:16:00,SKU-1001,Wireless Mouse,Electronics,Central,799,4,15.0,3196,2716.6
ORD-20260728-0060,2026-07-28,2026-07-28 11:30:00,SKU-1001,Wireless Mouse,Electronics,North,799,3,15.0,2397,2037.45
ORD-20260728-0061,2026-07-28,2026-07-28 07:33:00,SKU-1007,Water Bottle,Fitness,West,349,1,15.0,349,296.65
ORD-20260728-0062,2026-07-28,2026-07-28 14:34:00,SKU-1001,Wireless Mouse,Electronics,East,799,1,0.0,799,799.0
ORD-20260728-0063,2026-07-28,2026-07-28 21:00:00,SKU-1001,Wireless Mouse,Electronics,West,799,2,15.0,1598,1358.3
ORD-20260728-0064,2026-07-28,2026-07-28 19:36:00,SKU-1008,Backpack,Accessories,Unknown,1499,1,0.0,1499,1499.0
ORD-20260728-0065,2026-07-28,2026-07-28 04:33:00,SKU-1001,Wireless Mouse,Electronics,Unknown,799,3,10.0,2397,2157.3
ORD-20260728-0066,2026-07-28,2026-07-28 15:46:00,SKU-1004,Office Chair,Furniture,Unknown,5499,2,0.0,10998,10998.0
ORD-20260728-0067,2026-07-28,2026-07-28 10:47:00,SKU-1007,Water Bottle,Fitness,Central,349,1,0.0,349,349.0
ORD-20260728-0068,2026-07-28,2026-07-28 18:58:00,SKU-1007,Water Bottle,Fitness,South,349,3,0.0,1047,1047.0
ORD-20260728-0069,2026-07-28,2026-07-28 15:33:00,SKU-1009,Phone Case,Accessories,West,299,2,0.0,598,598.0
ORD-20260728-0070,2026-07-28,2026-07-28 23:44:00,SKU-1009,Phone Case,Accessories,Unknown,299,2,5.0,598,568.1
ORD-20260728-0071,2026-07-28,2026-07-28 09:40:00,SKU-1006,Yoga Mat,Fitness,South,599,2,0.0,1198,1198.0
ORD-20260728-0072,2026-07-28,2026-07-28 14:38:00,SKU-1005,LED Desk Lamp,Furniture,Central,899,1,0.0,899,899.0
ORD-20260728-0073,2026-07-28,2026-07-28 23:24:00,SKU-1004,Office Chair,Furniture,West,5499,1,0.0,5499,5499.0
ORD-20260728-0074,2026-07-28,2026-07-28 10:56:00,SKU-1006,Yoga Mat,Fitness,West,599,4,5.0,2396,2276.2
ORD-20260728-0075,2026-07-28,2026-07-28 00:15:00,SKU-1007,Water Bottle,Fitness,North,349,1,5.0,349,331.55
ORD-20260728-0076,2026-07-28,2026-07-28 00:48:00,SKU-1009,Phone Case,Accessories,West,299,2,15.0,598,508.3
ORD-20260728-0077,2026-07-28,2026-07-28 15:20:00,SKU-1006,Yoga Mat,Fitness,North,599,3,0.0,1797,1797.0
ORD-20260728-0078,2026-07-28,2026-07-28 11:48:00,SKU-1007,Water Bottle,Fitness,South,349,1,0.0,349,349.0
ORD-20260728-0079,2026-07-28,2026-07-28 09:43:00,SKU-1004,Office Chair,Furniture,Central,5499,1,0.0,5499,5499.0
ORD-20260728-0080,2026-07-28,2026-07-28 00:07:00,SKU-1009,Phone Case,Accessories,Central,299,2,0.0,598,598.0
ORD-20260728-0081,2026-07-28,2026-07-28 05:52:00,SKU-1007,Water Bottle,Fitness,Unknown,349,1,0.0,349,349.0
ORD-20260728-0082,2026-07-28,2026-07-28 22:20:00,SKU-1010,USB-C Cable,Electronics,Central,199,2,0.0,398,398.0
ORD-20260728-0083,2026-07-28,2026-07-28 08:21:00,SKU-1009,Phone Case,Accessories,North,299,3,10.0,897,807.3
ORD-20260728-0084,2026-07-28,2026-07-28 05:11:00,SKU-1006,Yoga Mat,Fitness,North,599,2,15.0,1198,1018.3
ORD-20260728-0085,2026-07-28,2026-07-28 14:34:00,SKU-1004,Office Chair,Furniture,Unknown,5499,2,0.0,10998,10998.0
ORD-20260729-0000,2026-07-29,2026-07-29 08:13:00,SKU-1008,Backpack,Accessories,North,1499,3,5.0,4497,4272.15
ORD-20260729-0001,2026-07-29,2026-07-29 09:26:00,SKU-1002,Bluetooth Speaker,Electronics,South,1999,1,0.0,1999,1999.0
ORD-20260729-0002,2026-07-29,2026-07-29 00:02:00,SKU-1004,Office Chair,Furniture,Central,5499,1,5.0,5499,5224.05
ORD-20260729-0003,2026-07-29,2026-07-29 09:34:00,SKU-1001,Wireless Mouse,Electronics,Unknown,799,1,15.0,799,679.15
ORD-20260729-0004,2026-07-29,2026-07-29 23:47:00,SKU-1010,USB-C Cable,Electronics,Central,199,2,0.0,398,398.0
ORD-20260729-0005,2026-07-29,2026-07-29 21:10:00,SKU-1006,Yoga Mat,Fitness,Unknown,599,1,0.0,599,599.0
ORD-20260729-0006,2026-07-29,2026-07-29 15:17:00,SKU-1002,Bluetooth Speaker,Electronics,West,1999,1,5.0,1999,1899.05
ORD-20260729-0007,2026-07-29,2026-07-29 17:29:00,SKU-1001,Wireless Mouse,Electronics,East,799,1,0.0,799,799.0
ORD-20260729-0008,2026-07-29,2026-07-29 01:11:00,SKU-1004,Office Chair,Furniture,North,5499,1,0.0,5499,5499.0
ORD-20260729-0009,2026-07-29,2026-07-29 11:40:00,SKU-1004,Office Chair,Furniture,Unknown,5499,1,0.0,5499,5499.0
ORD-20260729-0010,2026-07-29,2026-07-29 00:01:00,SKU-1010,USB-C Cable,Electronics,South,199,3,15.0,597,507.45
ORD-20260729-0011,2026-07-29,2026-07-29 10:12:00,SKU-1007,Water Bottle,Fitness,West,349,1,0.0,349,349.0
ORD-20260729-0012,2026-07-29,2026-07-29 16:39:00,SKU-1001,Wireless Mouse,Electronics,South,799,3,0.0,2397,2397.0
ORD-20260729-0013,2026-07-29,2026-07-29 23:28:00,SKU-1009,Phone Case,Accessories,South,299,3,0.0,897,897.0
ORD-20260729-0014,2026-07-29,2026-07-29 04:03:00,SKU-1008,Backpack,Accessories,East,1499,2,15.0,2998,2548.3
ORD-20260729-0015,2026-07-29,2026-07-29 09:28:00,SKU-1004,Office Chair,Furniture,Central,5499,1,10.0,5499,4949.1
ORD-20260729-0016,2026-07-29,2026-07-29 14:33:00,SKU-1007,Water Bottle,Fitness,West,349,1,5.0,349,331.55
ORD-20260729-0017,2026-07-29,2026-07-29 01:12:00,SKU-1001,Wireless Mouse,Electronics,West,799,1,15.0,799,679.15
ORD-20260729-0018,2026-07-29,2026-07-29 00:27:00,SKU-1006,Yoga Mat,Fitness,North,599,1,15.0,599,509.15
ORD-20260729-0019,2026-07-29,2026-07-29 09:24:00,SKU-1006,Yoga Mat,Fitness,Central,599,2,10.0,1198,1078.2
ORD-20260729-0020,2026-07-29,2026-07-29 08:33:00,SKU-1009,Phone Case,Accessories,North,299,1,0.0,299,299.0
ORD-20260729-0021,2026-07-29,2026-07-29 08:11:00,SKU-1006,Yoga Mat,Fitness,West,599,1,10.0,599,539.1
ORD-20260729-0022,2026-07-29,2026-07-29 21:06:00,SKU-1007,Water Bottle,Fitness,West,349,1,0.0,349,349.0
ORD-20260729-0023,2026-07-29,2026-07-29 12:39:00,SKU-1002,Bluetooth Speaker,Electronics,Central,1999,1,5.0,1999,1899.05
ORD-20260729-0024,2026-07-29,2026-07-29 22:55:00,SKU-1004,Office Chair,Furniture,West,5499,1,10.0,5499,4949.1
ORD-20260729-0025,2026-07-29,2026-07-29 21:58:00,SKU-1005,LED Desk Lamp,Furniture,South,899,1,0.0,899,899.0
ORD-20260729-0026,2026-07-29,2026-07-29 09:40:00,SKU-1005,LED Desk Lamp,Furniture,Central,899,1,0.0,899,899.0
ORD-20260729-0027,2026-07-29,2026-07-29 04:51:00,SKU-1001,Wireless Mouse,Electronics,South,799,1,0.0,799,799.0
ORD-20260729-0028,2026-07-29,2026-07-29 08:09:00,SKU-1008,Backpack,Accessories,East,1499,3,0.0,4497,4497.0
ORD-20260729-0029,2026-07-29,2026-07-29 04:00:00,SKU-1010,USB-C Cable,Electronics,Unknown,199,1,0.0,199,199.0
ORD-20260729-0030,2026-07-29,2026-07-29 15:44:00,SKU-1003,Notebook Set,Stationery,East,249,2,10.0,498,448.2
ORD-20260729-0031,2026-07-29,2026-07-29 18:30:00,SKU-1009,Phone Case,Accessories,South,299,1,0.0,299,299.0
ORD-20260729-0032,2026-07-29,2026-07-29 15:41:00,SKU-1009,Phone Case,Accessories,South,299,2,15.0,598,508.3
ORD-20260729-0033,2026-07-29,2026-07-29 14:02:00,SKU-1001,Wireless Mouse,Electronics,East,799,1,15.0,799,679.15
ORD-20260729-0034,2026-07-29,2026-07-29 00:31:00,SKU-1006,Yoga Mat,Fitness,East,599,1,10.0,599,539.1
ORD-20260729-0035,2026-07-29,2026-07-29 03:54:00,SKU-1008,Backpack,Accessories,South,1499,1,0.0,1499,1499.0
ORD-20260729-0036,2026-07-29,2026-07-29 03:41:00,SKU-1010,USB-C Cable,Electronics,South,199,1,15.0,199,169.15
ORD-20260729-0037,2026-07-29,2026-07-29 01:14:00,SKU-1008,Backpack,Accessories,South,1499,2,0.0,2998,2998.0
ORD-20260729-0038,2026-07-29,2026-07-29 11:05:00,SKU-1009,Phone Case,Accessories,Unknown,299,1,0.0,299,299.0
ORD-20260729-0039,2026-07-29,2026-07-29 10:46:00,SKU-1001,Wireless Mouse,Electronics,West,799,1,10.0,799,719.1
ORD-20260729-0040,2026-07-29,2026-07-29 16:01:00,SKU-1001,Wireless Mouse,Electronics,North,799,2,10.0,1598,1438.2
ORD-20260729-0041,2026-07-29,2026-07-29 16:02:00,SKU-1005,LED Desk Lamp,Furniture,North,899,1,5.0,899,854.05
ORD-20260729-0042,2026-07-29,2026-07-29 23:49:00,SKU-1004,Office Chair,Furniture,South,5499,4,5.0,21996,20896.2
ORD-20260729-0043,2026-07-29,2026-07-29 17:57:00,SKU-1006,Yoga Mat,Fitness,Central,599,1,5.0,599,569.05
ORD-20260729-0044,2026-07-29,2026-07-29 18:17:00,SKU-1009,Phone Case,Accessories,West,299,1,0.0,299,299.0
ORD-20260729-0045,2026-07-29,2026-07-29 09:43:00,SKU-1006,Yoga Mat,Fitness,East,599,1,5.0,599,569.05
ORD-20260729-0046,2026-07-29,2026-07-29 00:51:00,SKU-1006,Yoga Mat,Fitness,Unknown,599,1,0.0,599,599.0
ORD-20260729-0047,2026-07-29,2026-07-29 11:41:00,SKU-1010,USB-C Cable,Electronics,South,199,2,5.0,398,378.1
ORD-20260729-0048,2026-07-29,2026-07-29 21:44:00,SKU-1001,Wireless Mouse,Electronics,North,799,1,0.0,799,799.0
ORD-20260729-0049,2026-07-29,2026-07-29 23:06:00,SKU-1004,Office Chair,Furniture,Unknown,5499,1,10.0,5499,4949.1
ORD-20260729-0050,2026-07-29,2026-07-29 18:08:00,SKU-1010,USB-C Cable,Electronics,South,199,3,0.0,597,597.0
ORD-20260729-0051,2026-07-29,2026-07-29 12:10:00,SKU-1006,Yoga Mat,Fitness,South,599,1,10.0,599,539.1
ORD-20260729-0052,2026-07-29,2026-07-29 17:10:00,SKU-1009,Phone Case,Accessories,Unknown,299,1,0.0,299,299.0
ORD-20260729-0053,2026-07-29,2026-07-29 06:15:00,SKU-1001,Wireless Mouse,Electronics,North,799,3,10.0,2397,2157.3
ORD-20260729-0054,2026-07-29,2026-07-29 02:44:00,SKU-1007,Water Bottle,Fitness,North,349,1,5.0,349,331.55
ORD-20260729-0055,2026-07-29,2026-07-29 09:28:00,SKU-1004,Office Chair,Furniture,West,5499,2,5.0,10998,10448.1
ORD-20260729-0056,2026-07-29,2026-07-29 08:52:00,SKU-1004,Office Chair,Furniture,North,5499,3,0.0,16497,16497.0
ORD-20260729-0057,2026-07-29,2026-07-29 23:07:00,SKU-1003,Notebook Set,Stationery,Central,249,1,10.0,249,224.1
ORD-20260730-0000,2026-07-30,2026-07-30 05:26:00,SKU-1005,LED Desk Lamp,Furniture,Unknown,899,1,10.0,899,809.1
ORD-20260730-0001,2026-07-30,2026-07-30 23:02:00,SKU-1006,Yoga Mat,Fitness,Unknown,599,4,0.0,2396,2396.0
ORD-20260730-0002,2026-07-30,2026-07-30 14:07:00,SKU-1007,Water Bottle,Fitness,East,349,1,0.0,349,349.0
ORD-20260730-0003,2026-07-30,2026-07-30 10:13:00,SKU-1001,Wireless Mouse,Electronics,East,799,3,0.0,2397,2397.0
ORD-20260730-0004,2026-07-30,2026-07-30 17:02:00,SKU-1007,Water Bottle,Fitness,Unknown,349,1,0.0,349,349.0
ORD-20260730-0005,2026-07-30,2026-07-30 10:45:00,SKU-1005,LED Desk Lamp,Furniture,East,899,1,0.0,899,899.0
ORD-20260730-0006,2026-07-30,2026-07-30 06:08:00,SKU-1002,Bluetooth Speaker,Electronics,West,1999,1,0.0,1999,1999.0
ORD-20260730-0007,2026-07-30,2026-07-30 01:20:00,SKU-1008,Backpack,Accessories,West,1499,2,5.0,2998,2848.1
ORD-20260730-0008,2026-07-30,2026-07-30 15:30:00,SKU-1009,Phone Case,Accessories,North,299,3,5.0,897,852.15
ORD-20260730-0009,2026-07-30,2026-07-30 09:03:00,SKU-1005,LED Desk Lamp,Furniture,East,899,2,15.0,1798,1528.3
ORD-20260730-0010,2026-07-30,2026-07-30 13:42:00,SKU-1007,Water Bottle,Fitness,North,349,1,10.0,349,314.1
ORD-20260730-0011,2026-07-30,2026-07-30 20:04:00,SKU-1004,Office Chair,Furniture,South,5499,3,0.0,16497,16497.0
ORD-20260730-0012,2026-07-30,2026-07-30 12:32:00,SKU-1008,Backpack,Accessories,North,1499,3,0.0,4497,4497.0
ORD-20260730-0013,2026-07-30,2026-07-30 08:36:00,SKU-1009,Phone Case,Accessories,West,299,1,0.0,299,299.0
ORD-20260730-0014,2026-07-30,2026-07-30 11:44:00,SKU-1005,LED Desk Lamp,Furniture,Unknown,899,2,0.0,1798,1798.0
ORD-20260730-0015,2026-07-30,2026-07-30 12:03:00,SKU-1010,USB-C Cable,Electronics,Unknown,199,1,15.0,199,169.15
ORD-20260730-0016,2026-07-30,2026-07-30 14:58:00,SKU-1004,Office Chair,Furniture,North,5499,1,0.0,5499,5499.0
ORD-20260730-0017,2026-07-30,2026-07-30 01:31:00,SKU-1003,Notebook Set,Stationery,East,249,3,0.0,747,747.0
ORD-20260730-0018,2026-07-30,2026-07-30 07:14:00,SKU-1009,Phone Case,Accessories,South,299,4,0.0,1196,1196.0
ORD-20260730-0019,2026-07-30,2026-07-30 02:14:00,SKU-1007,Water Bottle,Fitness,East,349,1,0.0,349,349.0
ORD-20260730-0020,2026-07-30,2026-07-30 07:34:00,SKU-1003,Notebook Set,Stationery,East,249,1,0.0,249,249.0
ORD-20260730-0021,2026-07-30,2026-07-30 00:15:00,SKU-1005,LED Desk Lamp,Furniture,North,899,1,10.0,899,809.1
ORD-20260730-0022,2026-07-30,2026-07-30 14:32:00,SKU-1010,USB-C Cable,Electronics,North,199,1,0.0,199,199.0
ORD-20260730-0023,2026-07-30,2026-07-30 15:13:00,SKU-1010,USB-C Cable,Electronics,Unknown,199,1,0.0,199,199.0
ORD-20260730-0024,2026-07-30,2026-07-30 13:02:00,SKU-1006,Yoga Mat,Fitness,Central,599,2,0.0,1198,1198.0
ORD-20260730-0025,2026-07-30,2026-07-30 15:50:00,SKU-1007,Water Bottle,Fitness,Unknown,349,4,5.0,1396,1326.2
ORD-20260730-0026,2026-07-30,2026-07-30 23:02:00,SKU-1009,Phone Case,Accessories,West,299,1,0.0,299,299.0
ORD-20260730-0027,2026-07-30,2026-07-30 21:30:00,SKU-1002,Bluetooth Speaker,Electronics,Unknown,1999,3,0.0,5997,5997.0
ORD-20260730-0028,2026-07-30,2026-07-30 13:01:00,SKU-1004,Office Chair,Furniture,East,5499,1,0.0,5499,5499.0
ORD-20260730-0029,2026-07-30,2026-07-30 11:30:00,SKU-1010,USB-C Cable,Electronics,South,199,1,10.0,199,179.1
ORD-20260730-0030,2026-07-30,2026-07-30 00:39:00,SKU-1007,Water Bottle,Fitness,South,349,2,0.0,698,698.0
ORD-20260730-0031,2026-07-30,2026-07-30 03:53:00,SKU-1007,Water Bottle,Fitness,North,349,2,15.0,698,593.3
ORD-20260730-0032,2026-07-30,2026-07-30 01:31:00,SKU-1005,LED Desk Lamp,Furniture,East,899,2,5.0,1798,1708.1
ORD-20260730-0033,2026-07-30,2026-07-30 03:02:00,SKU-1007,Water Bottle,Fitness,East,349,1,0.0,349,349.0
ORD-20260730-0034,2026-07-30,2026-07-30 10:50:00,SKU-1010,USB-C Cable,Electronics,North,199,1,5.0,199,189.05
ORD-20260730-0035,2026-07-30,2026-07-30 00:29:00,SKU-1010,USB-C Cable,Electronics,Unknown,199,1,0.0,199,199.0
ORD-20260730-0036,2026-07-30,2026-07-30 13:04:00,SKU-1005,LED Desk Lamp,Furniture,North,899,1,0.0,899,899.0
ORD-20260730-0037,2026-07-30,2026-07-30 17:13:00,SKU-1007,Water Bottle,Fitness,North,349,1,0.0,349,349.0
ORD-20260730-0038,2026-07-30,2026-07-30 22:17:00,SKU-1003,Notebook Set,Stationery,West,249,2,15.0,498,423.3
ORD-20260730-0039,2026-07-30,2026-07-30 10:46:00,SKU-1005,LED Desk Lamp,Furniture,South,899,2,0.0,1798,1798.0
ORD-20260730-0040,2026-07-30,2026-07-30 09:21:00,SKU-1008,Backpack,Accessories,West,1499,3,10.0,4497,4047.3
ORD-20260730-0041,2026-07-30,2026-07-30 14:02:00,SKU-1007,Water Bottle,Fitness,North,349,3,0.0,1047,1047.0
ORD-20260730-0042,2026-07-30,2026-07-30 04:40:00,SKU-1006,Yoga Mat,Fitness,North,599,1,5.0,599,569.05
ORD-20260730-0043,2026-07-30,2026-07-30 14:04:00,SKU-1001,Wireless Mouse,Electronics,West,799,1,0.0,799,799.0
ORD-20260730-0044,2026-07-30,2026-07-30 21:23:00,SKU-1005,LED Desk Lamp,Furniture,South,899,1,10.0,899,809.1
ORD-20260730-0045,2026-07-30,2026-07-30 01:10:00,SKU-1001,Wireless Mouse,Electronics,West,799,1,10.0,799,719.1
ORD-20260730-0046,2026-07-30,2026-07-30 04:48:00,SKU-1003,Notebook Set,Stationery,Unknown,249,1,0.0,249,249.0
ORD-20260730-0047,2026-07-30,2026-07-30 23:44:00,SKU-1008,Backpack,Accessories,Central,1499,3,5.0,4497,4272.15
ORD-20260730-0048,2026-07-30,2026-07-30 07:59:00,SKU-1003,Notebook Set,Stationery,Unknown,249,1,0.0,249,249.0
ORD-20260730-0049,2026-07-30,2026-07-30 22:17:00,SKU-1007,Water Bottle,Fitness,Unknown,349,3,0.0,1047,1047.0
ORD-20260730-0050,2026-07-30,2026-07-30 07:08:00,SKU-1009,Phone Case,Accessories,East,299,1,0.0,299,299.0
ORD-20260730-0051,2026-07-30,2026-07-30 16:30:00,SKU-1010,USB-C Cable,Electronics,East,199,1,10.0,199,179.1
ORD-20260730-0052,2026-07-30,2026-07-30 15:47:00,SKU-1007,Water Bottle,Fitness,West,349,1,5.0,349,331.55
ORD-20260730-0053,2026-07-30,2026-07-30 16:45:00,SKU-1009,Phone Case,Accessories,Central,299,1,5.0,299,284.05
ORD-20260730-0054,2026-07-30,2026-07-30 09:03:00,SKU-1008,Backpack,Accessories,East,1499,2,15.0,2998,2548.3
ORD-20260730-0055,2026-07-30,2026-07-30 02:51:00,SKU-1004,Office Chair,Furniture,Unknown,5499,3,5.0,16497,15672.15
ORD-20260730-0056,2026-07-30,2026-07-30 12:16:00,SKU-1001,Wireless Mouse,Electronics,South,799,3,15.0,2397,2037.45
ORD-20260730-0057,2026-07-30,2026-07-30 00:04:00,SKU-1003,Notebook Set,Stationery,South,249,1,0.0,249,249.0
ORD-20260730-0058,2026-07-30,2026-07-30 12:38:00,SKU-1001,Wireless Mouse,Electronics,West,799,3,5.0,2397,2277.15
ORD-20260731-0000,2026-07-31,2026-07-31 14:28:00,SKU-1007,Water Bottle,Fitness,West,349,1,10.0,349,314.1
ORD-20260731-0001,2026-07-31,2026-07-31 21:32:00,SKU-1002,Bluetooth Speaker,Electronics,Unknown,1999,1,10.0,1999,1799.1
ORD-20260731-0002,2026-07-31,2026-07-31 12:04:00,SKU-1010,USB-C Cable,Electronics,East,199,3,0.0,597,597.0
ORD-20260731-0003,2026-07-31,2026-07-31 10:05:00,SKU-1010,USB-C Cable,Electronics,North,199,2,15.0,398,338.3
ORD-20260731-0004,2026-07-31,2026-07-31 17:17:00,SKU-1007,Water Bottle,Fitness,West,349,1,0.0,349,349.0
ORD-20260731-0005,2026-07-31,2026-07-31 20:19:00,SKU-1006,Yoga Mat,Fitness,Unknown,599,2,0.0,1198,1198.0
ORD-20260731-0006,2026-07-31,2026-07-31 03:20:00,SKU-1003,Notebook Set,Stationery,Central,249,4,15.0,996,846.6
ORD-20260731-0007,2026-07-31,2026-07-31 03:05:00,SKU-1004,Office Chair,Furniture,East,5499,1,0.0,5499,5499.0
ORD-20260731-0008,2026-07-31,2026-07-31 04:06:00,SKU-1001,Wireless Mouse,Electronics,North,799,1,0.0,799,799.0
ORD-20260731-0009,2026-07-31,2026-07-31 13:37:00,SKU-1008,Backpack,Accessories,West,1499,1,10.0,1499,1349.1
ORD-20260731-0010,2026-07-31,2026-07-31 20:12:00,SKU-1010,USB-C Cable,Electronics,West,199,1,5.0,199,189.05
ORD-20260731-0011,2026-07-31,2026-07-31 09:24:00,SKU-1005,LED Desk Lamp,Furniture,East,899,2,0.0,1798,1798.0
ORD-20260731-0012,2026-07-31,2026-07-31 03:54:00,SKU-1005,LED Desk Lamp,Furniture,North,899,3,5.0,2697,2562.15
ORD-20260731-0013,2026-07-31,2026-07-31 03:46:00,SKU-1002,Bluetooth Speaker,Electronics,South,1999,1,0.0,1999,1999.0
ORD-20260731-0014,2026-07-31,2026-07-31 18:32:00,SKU-1001,Wireless Mouse,Electronics,South,799,3,0.0,2397,2397.0
ORD-20260731-0015,2026-07-31,2026-07-31 22:41:00,SKU-1006,Yoga Mat,Fitness,East,599,2,0.0,1198,1198.0
ORD-20260731-0016,2026-07-31,2026-07-31 04:54:00,SKU-1004,Office Chair,Furniture,Unknown,5499,1,0.0,5499,5499.0
ORD-20260731-0017,2026-07-31,2026-07-31 06:28:00,SKU-1009,Phone Case,Accessories,East,299,1,15.0,299,254.15
ORD-20260731-0018,2026-07-31,2026-07-31 03:09:00,SKU-1005,LED Desk Lamp,Furniture,West,899,1,0.0,899,899.0
ORD-20260731-0019,2026-07-31,2026-07-31 12:53:00,SKU-1005,LED Desk Lamp,Furniture,Unknown,899,2,0.0,1798,1798.0
ORD-20260731-0020,2026-07-31,2026-07-31 13:51:00,SKU-1001,Wireless Mouse,Electronics,North,799,3,5.0,2397,2277.15
ORD-20260731-0021,2026-07-31,2026-07-31 04:14:00,SKU-1001,Wireless Mouse,Electronics,Unknown,799,1,15.0,799,679.15
ORD-20260731-0022,2026-07-31,2026-07-31 14:56:00,SKU-1002,Bluetooth Speaker,Electronics,West,1999,1,0.0,1999,1999.0
ORD-20260731-0023,2026-07-31,2026-07-31 10:57:00,SKU-1005,LED Desk Lamp,Furniture,West,899,3,0.0,2697,2697.0
ORD-20260731-0024,2026-07-31,2026-07-31 13:24:00,SKU-1005,LED Desk Lamp,Furniture,West,899,1,0.0,899,899.0
ORD-20260731-0025,2026-07-31,2026-07-31 00:05:00,SKU-1009,Phone Case,Accessories,Unknown,299,1,15.0,299,254.15
ORD-20260731-0026,2026-07-31,2026-07-31 08:50:00,SKU-1009,Phone Case,Accessories,Unknown,299,1,0.0,299,299.0
ORD-20260731-0027,2026-07-31,2026-07-31 01:07:00,SKU-1006,Yoga Mat,Fitness,West,599,1,10.0,599,539.1
ORD-20260731-0028,2026-07-31,2026-07-31 12:51:00,SKU-1008,Backpack,Accessories,Central,1499,1,0.0,1499,1499.0
ORD-20260731-0029,2026-07-31,2026-07-31 08:32:00,SKU-1009,Phone Case,Accessories,Central,299,2,15.0,598,508.3
ORD-20260731-0030,2026-07-31,2026-07-31 00:08:00,SKU-1010,USB-C Cable,Electronics,Unknown,199,1,0.0,199,199.0
ORD-20260731-0031,2026-07-31,2026-07-31 13:22:00,SKU-1001,Wireless Mouse,Electronics,South,799,2,0.0,1598,1598.0
ORD-20260731-0032,2026-07-31,2026-07-31 09:53:00,SKU-1007,Water Bottle,Fitness,North,349,2,10.0,698,628.2
ORD-20260731-0033,2026-07-31,2026-07-31 14:22:00,SKU-1003,Notebook Set,Stationery,South,249,1,10.0,249,224.1
ORD-20260731-0034,2026-07-31,2026-07-31 21:23:00,SKU-1009,Phone Case,Accessories,West,299,1,5.0,299,284.05
ORD-20260731-0035,2026-07-31,2026-07-31 01:23:00,SKU-1008,Backpack,Accessories,North,1499,2,10.0,2998,2698.2
ORD-20260731-0036,2026-07-31,2026-07-31 19:20:00,SKU-1003,Notebook Set,Stationery,East,249,1,10.0,249,224.1
ORD-20260731-0037,2026-07-31,2026-07-31 17:35:00,SKU-1010,USB-C Cable,Electronics,North,199,2,15.0,398,338.3
ORD-20260731-0038,2026-07-31,2026-07-31 18:00:00,SKU-1007,Water Bottle,Fitness,Unknown,349,1,0.0,349,349.0
ORD-20260731-0039,2026-07-31,2026-07-31 22:00:00,SKU-1008,Backpack,Accessories,West,1499,1,10.0,1499,1349.1
ORD-20260731-0040,2026-07-31,2026-07-31 04:41:00,SKU-1005,LED Desk Lamp,Furniture,West,899,1,0.0,899,899.0
ORD-20260731-0041,2026-07-31,2026-07-31 11:33:00,SKU-1005,LED Desk Lamp,Furniture,West,899,1,0.0,899,899.0
ORD-20260731-0042,2026-07-31,2026-07-31 18:56:00,SKU-1001,Wireless Mouse,Electronics,Unknown,799,2,15.0,1598,1358.3
ORD-20260731-0043,2026-07-31,2026-07-31 13:49:00,SKU-1002,Bluetooth Speaker,Electronics,South,1999,2,0.0,3998,3998.0
ORD-20260731-0044,2026-07-31,2026-07-31 17:36:00,SKU-1006,Yoga Mat,Fitness,Central,599,1,10.0,599,539.1
ORD-20260731-0045,2026-07-31,2026-07-31 15:29:00,SKU-1003,Notebook Set,Stationery,West,249,1,5.0,249,236.55
ORD-20260731-0046,2026-07-31,2026-07-31 07:13:00,SKU-1010,USB-C Cable,Electronics,South,199,4,0.0,796,796.0
ORD-20260731-0047,2026-07-31,2026-07-31 22:56:00,SKU-1004,Office Chair,Furniture,Unknown,5499,2,5.0,10998,10448.1
ORD-20260731-0048,2026-07-31,2026-07-31 03:23:00,SKU-1006,Yoga Mat,Fitness,East,599,4,15.0,2396,2036.6
ORD-20260731-0049,2026-07-31,2026-07-31 14:11:00,SKU-1005,LED Desk Lamp,Furniture,East,899,1,0.0,899,899.0
ORD-20260731-0050,2026-07-31,2026-07-31 07:29:00,SKU-1007,Water Bottle,Fitness,South,349,1,0.0,349,349.0
ORD-20260731-0051,2026-07-31,2026-07-31 06:35:00,SKU-1002,Bluetooth Speaker,Electronics,South,1999,1,0.0,1999,1999.0
ORD-20260731-0052,2026-07-31,2026-07-31 03:00:00,SKU-1002,Bluetooth Speaker,Electronics,North,1999,2,5.0,3998,3798.1
ORD-20260731-0053,2026-07-31,2026-07-31 17:57:00,SKU-1010,USB-C Cable,Electronics,West,199,1,0.0,199,199.0
ORD-20260731-0054,2026-07-31,2026-07-31 17:30:00,SKU-1007,Water Bottle,Fitness,West,349,2,0.0,698,698.0
ORD-20260731-0055,2026-07-31,2026-07-31 16:39:00,SKU-1006,Yoga Mat,Fitness,Central,599,1,10.0,599,539.1
ORD-20260731-0056,2026-07-31,2026-07-31 21:19:00,SKU-1009,Phone Case,Accessories,Central,299,2,15.0,598,508.3
ORD-20260731-0057,2026-07-31,2026-07-31 04:55:00,SKU-1002,Bluetooth Speaker,Electronics,West,1999,2,15.0,3998,3398.3
ORD-20260731-0058,2026-07-31,2026-07-31 03:26:00,SKU-1009,Phone Case,Accessories,West,299,1,15.0,299,254.15
ORD-20260731-0059,2026-07-31,2026-07-31 21:37:00,SKU-1007,Water Bottle,Fitness,Unknown,349,1,0.0,349,349.0
ORD-20260731-0060,2026-07-31,2026-07-31 17:28:00,SKU-1008,Backpack,Accessories,Central,1499,3,5.0,4497,4272.15
ORD-20260731-0061,2026-07-31,2026-07-31 04:07:00,SKU-1008,Backpack,Accessories,West,1499,1,5.0,1499,1424.05
ORD-20260731-0062,2026-07-31,2026-07-31 19:40:00,SKU-1008,Backpack,Accessories,South,1499,1,10.0,1499,1349.1
ORD-20260731-0063,2026-07-31,2026-07-31 20:39:00,SKU-1005,LED Desk Lamp,Furniture,East,899,3,5.0,2697,2562.15
ORD-20260731-0064,2026-07-31,2026-07-31 21:18:00,SKU-1002,Bluetooth Speaker,Electronics,East,1999,1,0.0,1999,1999.0
ORD-20260731-0065,2026-07-31,2026-07-31 21:43:00,SKU-1001,Wireless Mouse,Electronics,South,799,2,0.0,1598,1598.0
ORD-20260731-0066,2026-07-31,2026-07-31 01:02:00,SKU-1008,Backpack,Accessories,East,1499,2,0.0,2998,2998.0
ORD-20260731-0067,2026-07-31,2026-07-31 19:10:00,SKU-1009,Phone Case,Accessories,Unknown,299,2,0.0,598,598.0
ORD-20260731-0068,2026-07-31,2026-07-31 17:11:00,SKU-1002,Bluetooth Speaker,Electronics,North,1999,1,0.0,1999,1999.0
ORD-20260731-0069,2026-07-31,2026-07-31 21:02:00,SKU-1004,Office Chair,Furniture,South,5499,1,5.0,5499,5224.05
ORD-20260731-0070,2026-07-31,2026-07-31 13:25:00,SKU-1010,USB-C Cable,Electronics,East,199,2,5.0,398,378.1
ORD-20260731-0071,2026-07-31,2026-07-31 06:37:00,SKU-1002,Bluetooth Speaker,Electronics,Central,1999,2,0.0,3998,3998.0
ORD-20260731-0072,2026-07-31,2026-07-31 22:39:00,SKU-1007,Water Bottle,Fitness,West,349,1,0.0,349,349.0
ORD-20260731-0073,2026-07-31,2026-07-31 22:51:00,SKU-1010,USB-C Cable,Electronics,Central,199,2,0.0,398,398.0
ORD-20260731-0074,2026-07-31,2026-07-31 22:54:00,SKU-1001,Wireless Mouse,Electronics,West,799,1,15.0,799,679.15
ORD-20260731-0075,2026-07-31,2026-07-31 10:48:00,SKU-1005,LED Desk Lamp,Furniture,West,899,3,0.0,2697,2697.0
ORD-20260731-0076,2026-07-31,2026-07-31 12:24:00,SKU-1008,Backpack,Accessories,South,1499,1,0.0,1499,1499.0
ORD-20260731-0077,2026-07-31,2026-07-31 16:28:00,SKU-1008,Backpack,Accessories,East,1499,1,0.0,1499,1499.0
ORD-20260731-0078,2026-07-31,2026-07-31 20:10:00,SKU-1010,USB-C Cable,Electronics,Central,199,1,0.0,199,199.0
ORD-20260731-0079,2026-07-31,2026-07-31 05:48:00,SKU-1003,Notebook Set,Stationery,West,249,1,0.0,249,249.0
ORD-20260731-0080,2026-07-31,2026-07-31 15:12:00,SKU-1006,Yoga Mat,Fitness,Central,599,2,15.0,1198,1018.3
ORD-20260731-0081,2026-07-31,2026-07-31 02:15:00,SKU-1009,Phone Case,Accessories,South,299,2,0.0,598,598.0
ORD-20260731-0082,2026-07-31,2026-07-31 09:48:00,SKU-1006,Yoga Mat,Fitness,East,599,1,0.0,599,599.0
ORD-20260731-0083,2026-07-31,2026-07-31 22:22:00,SKU-1004,Office Chair,Furniture,Unknown,5499,2,10.0,10998,9898.2
ORD-20260731-0084,2026-07-31,2026-07-31 23:36:00,SKU-1007,Water Bottle,Fitness,North,349,1,0.0,349,349.0
ORD-20260731-0085,2026-07-31,2026-07-31 00:04:00,SKU-1003,Notebook Set,Stationery,South,249,1,0.0,249,249.0
ORD-20260731-0086,2026-07-31,2026-07-31 18:32:00,SKU-1009,Phone Case,Accessories,West,299,2,0.0,598,598.0
ORD-20260731-0087,2026-07-31,2026-07-31 18:16:00,SKU-1002,Bluetooth Speaker,Electronics,South,1999,1,0.0,1999,1999.0
ORD-20260731-0088,2026-07-31,2026-07-31 11:47:00,SKU-1010,USB-C Cable,Electronics,Unknown,199,2,0.0,398,398.0
ORD-20260731-0089,2026-07-31,2026-07-31 05:47:00,SKU-1001,Wireless Mouse,Electronics,South,799,1,0.0,799,799.0
ORD-20260731-0090,2026-07-31,2026-07-31 09:40:00,SKU-1009,Phone Case,Accessories,West,299,1,0.0,299,299.0
ORD-20260731-0091,2026-07-31,2026-07-31 00:32:00,SKU-1003,Notebook Set,Stationery,Unknown,249,2,0.0,498,498.0
ORD-20260731-0092,2026-07-31,2026-07-31 23:09:00,SKU-1002,Bluetooth Speaker,Electronics,East,1999,1,0.0,1999,1999.0
ORD-20260731-0093,2026-07-31,2026-07-31 08:05:00,SKU-1007,Water Bottle,Fitness,Central,349,1,0.0,349,349.0
ORD-20260731-0094,2026-07-31,2026-07-31 13:05:00,SKU-1001,Wireless Mouse,Electronics,West,799,1,0.0,799,799.0
ORD-20260731-0095,2026-07-31,2026-07-31 23:38:00,SKU-1007,Water Bottle,Fitness,Unknown,349,2,5.0,698,663.1
ORD-20260731-0096,2026-07-31,2026-07-31 13:59:00,SKU-1004,Office Chair,Furniture,West,5499,1,0.0,5499,5499.0
ORD-20260731-0097,2026-07-31,2026-07-31 21:04:00,SKU-1003,Notebook Set,Stationery,Central,249,3,15.0,747,634.95
ORD-20260731-0098,2026-07-31,2026-07-31 07:53:00,SKU-1004,Office Chair,Furniture,Central,5499,1,0.0,5499,5499.0
ORD-20260731-0099,2026-07-31,2026-07-31 00:44:00,SKU-1008,Backpack,Accessories,Central,1499,1,10.0,1499,1349.1
ORD-20260731-0100,2026-07-31,2026-07-31 02:49:00,SKU-1001,Wireless Mouse,Electronics,North,799,1,5.0,799,759.05
ORD-20260731-0101,2026-07-31,2026-07-31 23:14:00,SKU-1005,LED Desk Lamp,Furniture,Central,899,1,15.0,899,764.15
ORD-20260731-0102,2026-07-31,2026-07-31 08:48:00,SKU-1009,Phone Case,Accessories,North,299,2,10.0,598,538.2
ORD-20260731-0103,2026-07-31,2026-07-31 02:17:00,SKU-1003,Notebook Set,Stationery,South,249,1,0.0,249,249.0
ORD-20260731-0104,2026-07-31,2026-07-31 14:19:00,SKU-1003,Notebook Set,Stationery,Unknown,249,1,0.0,249,249.0
ORD-20260731-0105,2026-07-31,2026-07-31 12:45:00,SKU-1005,LED Desk Lamp,Furniture,South,899,4,10.0,3596,3236.4
ORD-20260731-0106,2026-07-31,2026-07-31 01:44:00,SKU-1006,Yoga Mat,Fitness,East,599,3,0.0,1797,1797.0
ORD-20260731-0107,2026-07-31,2026-07-31 08:24:00,SKU-1006,Yoga Mat,Fitness,Central,599,1,15.0,599,509.15
ORD-20260731-0108,2026-07-31,2026-07-31 19:38:00,SKU-1008,Backpack,Accessories,Unknown,1499,2,15.0,2998,2548.3
ORD-20260801-0000,2026-08-01,2026-08-01 21:12:00,SKU-1002,Bluetooth Speaker,Electronics,East,1999,2,0.0,3998,3998.0
ORD-20260801-0001,2026-08-01,2026-08-01 05:18:00,SKU-1007,Water Bottle,Fitness,East,349,1,5.0,349,331.55
ORD-20260801-0002,2026-08-01,2026-08-01 09:41:00,SKU-1005,LED Desk Lamp,Furniture,Unknown,899,1,0.0,899,899.0
ORD-20260801-0003,2026-08-01,2026-08-01 07:32:00,SKU-1005,LED Desk Lamp,Furniture,Central,899,4,0.0,3596,3596.0
ORD-20260801-0004,2026-08-01,2026-08-01 02:25:00,SKU-1010,USB-C Cable,Electronics,South,199,2,0.0,398,398.0
ORD-20260801-0005,2026-08-01,2026-08-01 05:19:00,SKU-1008,Backpack,Accessories,West,1499,1,0.0,1499,1499.0
ORD-20260801-0006,2026-08-01,2026-08-01 18:20:00,SKU-1008,Backpack,Accessories,North,1499,2,0.0,2998,2998.0
ORD-20260801-0007,2026-08-01,2026-08-01 13:36:00,SKU-1003,Notebook Set,Stationery,North,249,1,15.0,249,211.65
ORD-20260801-0008,2026-08-01,2026-08-01 12:45:00,SKU-1008,Backpack,Accessories,West,1499,2,5.0,2998,2848.1
ORD-20260801-0009,2026-08-01,2026-08-01 04:27:00,SKU-1006,Yoga Mat,Fitness,Central,599,1,0.0,599,599.0
ORD-20260801-0010,2026-08-01,2026-08-01 06:18:00,SKU-1004,Office Chair,Furniture,South,5499,1,10.0,5499,4949.1
ORD-20260801-0011,2026-08-01,2026-08-01 13:44:00,SKU-1005,LED Desk Lamp,Furniture,Unknown,899,2,0.0,1798,1798.0
ORD-20260801-0012,2026-08-01,2026-08-01 13:36:00,SKU-1006,Yoga Mat,Fitness,Central,599,1,0.0,599,599.0
ORD-20260801-0013,2026-08-01,2026-08-01 17:06:00,SKU-1010,USB-C Cable,Electronics,West,199,2,5.0,398,378.1
ORD-20260801-0014,2026-08-01,2026-08-01 04:26:00,SKU-1005,LED Desk Lamp,Furniture,West,899,1,0.0,899,899.0
ORD-20260801-0015,2026-08-01,2026-08-01 18:59:00,SKU-1004,Office Chair,Furniture,Unknown,5499,4,10.0,21996,19796.4
ORD-20260801-0016,2026-08-01,2026-08-01 16:44:00,SKU-1002,Bluetooth Speaker,Electronics,Unknown,1999,1,0.0,1999,1999.0
ORD-20260801-0017,2026-08-01,2026-08-01 09:22:00,SKU-1007,Water Bottle,Fitness,Central,349,1,0.0,349,349.0
ORD-20260801-0018,2026-08-01,2026-08-01 07:18:00,SKU-1004,Office Chair,Furniture,Central,5499,1,15.0,5499,4674.15
ORD-20260801-0019,2026-08-01,2026-08-01 05:28:00,SKU-1007,Water Bottle,Fitness,South,349,1,0.0,349,349.0
ORD-20260801-0020,2026-08-01,2026-08-01 02:58:00,SKU-1007,Water Bottle,Fitness,West,349,1,0.0,349,349.0
ORD-20260801-0021,2026-08-01,2026-08-01 11:32:00,SKU-1001,Wireless Mouse,Electronics,Central,799,1,5.0,799,759.05
ORD-20260801-0022,2026-08-01,2026-08-01 12:01:00,SKU-1009,Phone Case,Accessories,Unknown,299,1,0.0,299,299.0
ORD-20260801-0023,2026-08-01,2026-08-01 05:43:00,SKU-1002,Bluetooth Speaker,Electronics,West,1999,2,0.0,3998,3998.0
ORD-20260801-0024,2026-08-01,2026-08-01 04:31:00,SKU-1003,Notebook Set,Stationery,Central,249,3,5.0,747,709.65
ORD-20260801-0025,2026-08-01,2026-08-01 08:41:00,SKU-1004,Office Chair,Furniture,Unknown,5499,1,0.0,5499,5499.0
ORD-20260801-0026,2026-08-01,2026-08-01 18:04:00,SKU-1007,Water Bottle,Fitness,Unknown,349,3,0.0,1047,1047.0
ORD-20260801-0027,2026-08-01,2026-08-01 00:19:00,SKU-1004,Office Chair,Furniture,East,5499,1,0.0,5499,5499.0
ORD-20260801-0028,2026-08-01,2026-08-01 03:01:00,SKU-1005,LED Desk Lamp,Furniture,Unknown,899,1,0.0,899,899.0
ORD-20260801-0029,2026-08-01,2026-08-01 01:58:00,SKU-1008,Backpack,Accessories,East,1499,2,0.0,2998,2998.0
ORD-20260801-0030,2026-08-01,2026-08-01 05:58:00,SKU-1002,Bluetooth Speaker,Electronics,East,1999,1,15.0,1999,1699.15
ORD-20260801-0031,2026-08-01,2026-08-01 07:41:00,SKU-1008,Backpack,Accessories,Central,1499,2,5.0,2998,2848.1
ORD-20260801-0032,2026-08-01,2026-08-01 13:46:00,SKU-1007,Water Bottle,Fitness,East,349,1,0.0,349,349.0
ORD-20260801-0033,2026-08-01,2026-08-01 22:42:00,SKU-1007,Water Bottle,Fitness,West,349,1,0.0,349,349.0
ORD-20260801-0034,2026-08-01,2026-08-01 06:21:00,SKU-1002,Bluetooth Speaker,Electronics,Central,1999,1,5.0,1999,1899.05
ORD-20260801-0035,2026-08-01,2026-08-01 09:24:00,SKU-1007,Water Bottle,Fitness,South,349,1,0.0,349,349.0
ORD-20260801-0036,2026-08-01,2026-08-01 13:22:00,SKU-1004,Office Chair,Furniture,East,5499,1,10.0,5499,4949.1
ORD-20260801-0037,2026-08-01,2026-08-01 08:03:00,SKU-1009,Phone Case,Accessories,West,299,1,0.0,299,299.0
ORD-20260801-0038,2026-08-01,2026-08-01 01:15:00,SKU-1006,Yoga Mat,Fitness,West,599,3,0.0,1797,1797.0
ORD-20260801-0039,2026-08-01,2026-08-01 01:30:00,SKU-1004,Office Chair,Furniture,East,5499,1,10.0,5499,4949.1
ORD-20260801-0040,2026-08-01,2026-08-01 00:00:00,SKU-1009,Phone Case,Accessories,West,299,1,0.0,299,299.0
ORD-20260801-0041,2026-08-01,2026-08-01 17:56:00,SKU-1003,Notebook Set,Stationery,East,249,2,0.0,498,498.0
ORD-20260801-0042,2026-08-01,2026-08-01 06:35:00,SKU-1008,Backpack,Accessories,South,1499,2,10.0,2998,2698.2
ORD-20260801-0043,2026-08-01,2026-08-01 20:26:00,SKU-1010,USB-C Cable,Electronics,East,199,1,0.0,199,199.0
ORD-20260801-0044,2026-08-01,2026-08-01 08:54:00,SKU-1010,USB-C Cable,Electronics,East,199,3,15.0,597,507.45
ORD-20260801-0045,2026-08-01,2026-08-01 21:18:00,SKU-1006,Yoga Mat,Fitness,South,599,1,10.0,599,539.1
ORD-20260801-0046,2026-08-01,2026-08-01 11:14:00,SKU-1007,Water Bottle,Fitness,Unknown,349,2,0.0,698,698.0
ORD-20260801-0047,2026-08-01,2026-08-01 20:51:00,SKU-1001,Wireless Mouse,Electronics,West,799,3,15.0,2397,2037.45
ORD-20260801-0048,2026-08-01,2026-08-01 08:17:00,SKU-1009,Phone Case,Accessories,South,299,1,15.0,299,254.15
ORD-20260801-0049,2026-08-01,2026-08-01 13:55:00,SKU-1004,Office Chair,Furniture,East,5499,2,5.0,10998,10448.1
ORD-20260801-0050,2026-08-01,2026-08-01 10:21:00,SKU-1007,Water Bottle,Fitness,South,349,1,5.0,349,331.55
ORD-20260801-0051,2026-08-01,2026-08-01 15:40:00,SKU-1002,Bluetooth Speaker,Electronics,North,1999,3,10.0,5997,5397.3
ORD-20260801-0052,2026-08-01,2026-08-01 20:20:00,SKU-1008,Backpack,Accessories,East,1499,2,0.0,2998,2998.0
ORD-20260801-0053,2026-08-01,2026-08-01 21:28:00,SKU-1002,Bluetooth Speaker,Electronics,Central,1999,1,0.0,1999,1999.0
ORD-20260801-0054,2026-08-01,2026-08-01 19:15:00,SKU-1002,Bluetooth Speaker,Electronics,North,1999,1,0.0,1999,1999.0
ORD-20260801-0055,2026-08-01,2026-08-01 21:46:00,SKU-1007,Water Bottle,Fitness,East,349,3,0.0,1047,1047.0
ORD-20260801-0056,2026-08-01,2026-08-01 06:36:00,SKU-1001,Wireless Mouse,Electronics,Central,799,3,10.0,2397,2157.3
ORD-20260801-0057,2026-08-01,2026-08-01 09:48:00,SKU-1009,Phone Case,Accessories,East,299,1,0.0,299,299.0
ORD-20260801-0058,2026-08-01,2026-08-01 19:37:00,SKU-1007,Water Bottle,Fitness,North,349,2,10.0,698,628.2
ORD-20260801-0059,2026-08-01,2026-08-01 21:50:00,SKU-1009,Phone Case,Accessories,South,299,1,10.0,299,269.1
ORD-20260801-0060,2026-08-01,2026-08-01 11:58:00,SKU-1004,Office Chair,Furniture,Central,5499,1,10.0,5499,4949.1
ORD-20260801-0061,2026-08-01,2026-08-01 08:04:00,SKU-1005,LED Desk Lamp,Furniture,Central,899,1,15.0,899,764.15
ORD-20260801-0062,2026-08-01,2026-08-01 12:44:00,SKU-1010,USB-C Cable,Electronics,South,199,3,0.0,597,597.0
ORD-20260801-0063,2026-08-01,2026-08-01 19:46:00,SKU-1001,Wireless Mouse,Electronics,East,799,4,10.0,3196,2876.4
ORD-20260801-0064,2026-08-01,2026-08-01 11:02:00,SKU-1003,Notebook Set,Stationery,North,249,1,0.0,249,249.0
ORD-20260801-0065,2026-08-01,2026-08-01 04:38:00,SKU-1005,LED Desk Lamp,Furniture,West,899,1,15.0,899,764.15
ORD-20260801-0066,2026-08-01,2026-08-01 00:24:00,SKU-1003,Notebook Set,Stationery,West,249,1,15.0,249,211.65
ORD-20260801-0067,2026-08-01,2026-08-01 10:02:00,SKU-1006,Yoga Mat,Fitness,Central,599,1,0.0,599,599.0
ORD-20260801-0068,2026-08-01,2026-08-01 21:30:00,SKU-1009,Phone Case,Accessories,Unknown,299,1,5.0,299,284.05
ORD-20260801-0069,2026-08-01,2026-08-01 18:36:00,SKU-1008,Backpack,Accessories,Unknown,1499,1,5.0,1499,1424.05
ORD-20260801-0070,2026-08-01,2026-08-01 04:04:00,SKU-1008,Backpack,Accessories,West,1499,1,0.0,1499,1499.0
ORD-20260801-0071,2026-08-01,2026-08-01 12:39:00,SKU-1004,Office Chair,Furniture,Unknown,5499,1,5.0,5499,5224.05
ORD-20260801-0072,2026-08-01,2026-08-01 14:08:00,SKU-1002,Bluetooth Speaker,Electronics,East,1999,1,0.0,1999,1999.0
ORD-20260801-0073,2026-08-01,2026-08-01 22:58:00,SKU-1005,LED Desk Lamp,Furniture,Unknown,899,1,0.0,899,899.0
ORD-20260801-0074,2026-08-01,2026-08-01 23:58:00,SKU-1008,Backpack,Accessories,East,1499,1,5.0,1499,1424.05
ORD-20260801-0075,2026-08-01,2026-08-01 14:09:00,SKU-1005,LED Desk Lamp,Furniture,South,899,2,15.0,1798,1528.3
ORD-20260801-0076,2026-08-01,2026-08-01 23:05:00,SKU-1005,LED Desk Lamp,Furniture,Unknown,899,1,5.0,899,854.05
ORD-20260801-0077,2026-08-01,2026-08-01 03:32:00,SKU-1005,LED Desk Lamp,Furniture,Central,899,2,0.0,1798,1798.0
ORD-20260801-0078,2026-08-01,2026-08-01 14:39:00,SKU-1006,Yoga Mat,Fitness,Unknown,599,2,0.0,1198,1198.0
ORD-20260801-0079,2026-08-01,2026-08-01 16:02:00,SKU-1004,Office Chair,Furniture,Central,5499,1,5.0,5499,5224.05
ORD-20260801-0080,2026-08-01,2026-08-01 20:25:00,SKU-1006,Yoga Mat,Fitness,Unknown,599,1,10.0,599,539.1
ORD-20260801-0081,2026-08-01,2026-08-01 10:11:00,SKU-1008,Backpack,Accessories,Unknown,1499,3,0.0,4497,4497.0
ORD-20260801-0082,2026-08-01,2026-08-01 00:56:00,SKU-1003,Notebook Set,Stationery,South,249,2,0.0,498,498.0
ORD-20260801-0083,2026-08-01,2026-08-01 03:42:00,SKU-1005,LED Desk Lamp,Furniture,South,899,1,5.0,899,854.05
ORD-20260801-0084,2026-08-01,2026-08-01 04:02:00,SKU-1007,Water Bottle,Fitness,North,349,1,0.0,349,349.0
ORD-20260801-0085,2026-08-01,2026-08-01 04:51:00,SKU-1008,Backpack,Accessories,South,1499,2,0.0,2998,2998.0
ORD-20260801-0086,2026-08-01,2026-08-01 19:37:00,SKU-1001,Wireless Mouse,Electronics,North,799,2,0.0,1598,1598.0
ORD-20260801-0087,2026-08-01,2026-08-01 00:30:00,SKU-1008,Backpack,Accessories,Unknown,1499,1,0.0,1499,1499.0
ORD-20260801-0088,2026-08-01,2026-08-01 20:13:00,SKU-1009,Phone Case,Accessories,West,299,2,0.0,598,598.0
ORD-20260801-0089,2026-08-01,2026-08-01 12:51:00,SKU-1005,LED Desk Lamp,Furniture,East,899,1,0.0,899,899.0
ORD-20260801-0090,2026-08-01,2026-08-01 16:01:00,SKU-1002,Bluetooth Speaker,Electronics,South,1999,2,0.0,3998,3998.0
ORD-20260801-0091,2026-08-01,2026-08-01 23:41:00,SKU-1005,LED Desk Lamp,Furniture,North,899,1,0.0,899,899.0
ORD-20260801-0092,2026-08-01,2026-08-01 00:46:00,SKU-1002,Bluetooth Speaker,Electronics,West,1999,2,5.0,3998,3798.1
ORD-20260801-0093,2026-08-01,2026-08-01 13:38:00,SKU-1009,Phone Case,Accessories,Unknown,299,4,10.0,1196,1076.4
ORD-20260801-0094,2026-08-01,2026-08-01 13:01:00,SKU-1008,Backpack,Accessories,Central,1499,1,0.0,1499,1499.0
ORD-20260801-0095,2026-08-01,2026-08-01 07:37:00,SKU-1007,Water Bottle,Fitness,North,349,1,5.0,349,331.55
ORD-20260801-0096,2026-08-01,2026-08-01 03:22:00,SKU-1003,Notebook Set,Stationery,North,249,1,15.0,249,211.65
ORD-20260801-0097,2026-08-01,2026-08-01 22:01:00,SKU-1006,Yoga Mat,Fitness,South,599,1,0.0,599,599.0
ORD-20260801-0098,2026-08-01,2026-08-01 09:06:00,SKU-1009,Phone Case,Accessories,South,299,1,0.0,299,299.0
ORD-20260801-0099,2026-08-01,2026-08-01 04:08:00,SKU-1004,Office Chair,Furniture,South,5499,1,5.0,5499,5224.05
ORD-20260801-0100,2026-08-01,2026-08-01 11:52:00,SKU-1010,USB-C Cable,Electronics,South,199,1,0.0,199,199.0
ORD-20260801-0101,2026-08-01,2026-08-01 13:39:00,SKU-1006,Yoga Mat,Fitness,North,599,2,0.0,1198,1198.0
ORD-20260801-0102,2026-08-01,2026-08-01 22:30:00,SKU-1002,Bluetooth Speaker,Electronics,Central,1999,1,5.0,1999,1899.05
ORD-20260801-0103,2026-08-01,2026-08-01 12:14:00,SKU-1008,Backpack,Accessories,South,1499,2,5.0,2998,2848.1
ORD-20260801-0104,2026-08-01,2026-08-01 14:29:00,SKU-1009,Phone Case,Accessories,Central,299,1,5.0,299,284.05
ORD-20260801-0105,2026-08-01,2026-08-01 04:52:00,SKU-1001,Wireless Mouse,Electronics,South,799,4,0.0,3196,3196.0
ORD-20260801-0106,2026-08-01,2026-08-01 20:52:00,SKU-1003,Notebook Set,Stationery,East,249,1,0.0,249,249.0
ORD-20260801-0107,2026-08-01,2026-08-01 02:03:00,SKU-1010,USB-C Cable,Electronics,Central,199,2,15.0,398,338.3
ORD-20260801-0108,2026-08-01,2026-08-01 22:28:00,SKU-1005,LED Desk Lamp,Furniture,Central,899,2,0.0,1798,1798.0
ORD-20260801-0109,2026-08-01,2026-08-01 07:14:00,SKU-1004,Office Chair,Furniture,East,5499,2,0.0,10998,10998.0
ORD-20260801-0110,2026-08-01,2026-08-01 00:59:00,SKU-1010,USB-C Cable,Electronics,Central,199,3,15.0,597,507.45
ORD-20260801-0111,2026-08-01,2026-08-01 15:06:00,SKU-1002,Bluetooth Speaker,Electronics,Central,1999,1,0.0,1999,1999.0
ORD-20260801-0112,2026-08-01,2026-08-01 17:03:00,SKU-1001,Wireless Mouse,Electronics,Unknown,799,4,0.0,3196,3196.0
ORD-20260802-0000,2026-08-02,2026-08-02 21:30:00,SKU-1010,USB-C Cable,Electronics,Central,199,3,0.0,597,597.0
ORD-20260802-0001,2026-08-02,2026-08-02 08:51:00,SKU-1009,Phone Case,Accessories,West,299,1,0.0,299,299.0
ORD-20260802-0002,2026-08-02,2026-08-02 04:28:00,SKU-1001,Wireless Mouse,Electronics,Unknown,799,1,15.0,799,679.15
ORD-20260802-0003,2026-08-02,2026-08-02 21:35:00,SKU-1008,Backpack,Accessories,Unknown,1499,3,0.0,4497,4497.0
ORD-20260802-0004,2026-08-02,2026-08-02 16:07:00,SKU-1003,Notebook Set,Stationery,South,249,1,0.0,249,249.0
ORD-20260802-0005,2026-08-02,2026-08-02 17:59:00,SKU-1004,Office Chair,Furniture,Unknown,5499,1,5.0,5499,5224.05
ORD-20260802-0006,2026-08-02,2026-08-02 09:25:00,SKU-1002,Bluetooth Speaker,Electronics,East,1999,1,0.0,1999,1999.0
ORD-20260802-0007,2026-08-02,2026-08-02 01:56:00,SKU-1006,Yoga Mat,Fitness,North,599,1,0.0,599,599.0
ORD-20260802-0008,2026-08-02,2026-08-02 11:02:00,SKU-1008,Backpack,Accessories,East,1499,3,10.0,4497,4047.3
ORD-20260802-0009,2026-08-02,2026-08-02 09:51:00,SKU-1006,Yoga Mat,Fitness,West,599,4,15.0,2396,2036.6
ORD-20260802-0010,2026-08-02,2026-08-02 12:06:00,SKU-1006,Yoga Mat,Fitness,Unknown,599,1,0.0,599,599.0
ORD-20260802-0011,2026-08-02,2026-08-02 02:20:00,SKU-1009,Phone Case,Accessories,Unknown,299,2,15.0,598,508.3
ORD-20260802-0012,2026-08-02,2026-08-02 00:46:00,SKU-1001,Wireless Mouse,Electronics,Unknown,799,1,0.0,799,799.0
ORD-20260802-0013,2026-08-02,2026-08-02 09:50:00,SKU-1004,Office Chair,Furniture,Central,5499,1,0.0,5499,5499.0
ORD-20260802-0014,2026-08-02,2026-08-02 03:20:00,SKU-1001,Wireless Mouse,Electronics,Unknown,799,1,15.0,799,679.15
ORD-20260802-0015,2026-08-02,2026-08-02 01:39:00,SKU-1008,Backpack,Accessories,East,1499,2,10.0,2998,2698.2
ORD-20260802-0016,2026-08-02,2026-08-02 20:13:00,SKU-1006,Yoga Mat,Fitness,Unknown,599,2,0.0,1198,1198.0
ORD-20260802-0017,2026-08-02,2026-08-02 22:13:00,SKU-1006,Yoga Mat,Fitness,West,599,1,0.0,599,599.0
ORD-20260802-0018,2026-08-02,2026-08-02 14:48:00,SKU-1003,Notebook Set,Stationery,North,249,1,0.0,249,249.0
ORD-20260802-0019,2026-08-02,2026-08-02 01:21:00,SKU-1001,Wireless Mouse,Electronics,North,799,2,0.0,1598,1598.0
ORD-20260802-0020,2026-08-02,2026-08-02 19:51:00,SKU-1009,Phone Case,Accessories,East,299,2,15.0,598,508.3
ORD-20260802-0021,2026-08-02,2026-08-02 15:59:00,SKU-1001,Wireless Mouse,Electronics,Unknown,799,1,5.0,799,759.05
ORD-20260802-0022,2026-08-02,2026-08-02 13:53:00,SKU-1001,Wireless Mouse,Electronics,North,799,1,10.0,799,719.1
ORD-20260802-0023,2026-08-02,2026-08-02 06:29:00,SKU-1001,Wireless Mouse,Electronics,North,799,2,0.0,1598,1598.0
ORD-20260802-0024,2026-08-02,2026-08-02 11:12:00,SKU-1006,Yoga Mat,Fitness,North,599,1,0.0,599,599.0
ORD-20260802-0025,2026-08-02,2026-08-02 01:59:00,SKU-1001,Wireless Mouse,Electronics,East,799,2,0.0,1598,1598.0
ORD-20260802-0026,2026-08-02,2026-08-02 23:37:00,SKU-1008,Backpack,Accessories,West,1499,3,0.0,4497,4497.0
ORD-20260802-0027,2026-08-02,2026-08-02 11:40:00,SKU-1006,Yoga Mat,Fitness,Unknown,599,1,0.0,599,599.0
ORD-20260802-0028,2026-08-02,2026-08-02 21:17:00,SKU-1008,Backpack,Accessories,Central,1499,1,10.0,1499,1349.1
ORD-20260802-0029,2026-08-02,2026-08-02 04:48:00,SKU-1009,Phone Case,Accessories,Central,299,1,10.0,299,269.1
ORD-20260802-0030,2026-08-02,2026-08-02 23:57:00,SKU-1003,Notebook Set,Stationery,West,249,1,0.0,249,249.0
ORD-20260802-0031,2026-08-02,2026-08-02 19:54:00,SKU-1009,Phone Case,Accessories,Central,299,2,0.0,598,598.0
ORD-20260802-0032,2026-08-02,2026-08-02 14:45:00,SKU-1004,Office Chair,Furniture,East,5499,1,10.0,5499,4949.1
ORD-20260802-0033,2026-08-02,2026-08-02 19:51:00,SKU-1010,USB-C Cable,Electronics,North,199,2,15.0,398,338.3
ORD-20260802-0034,2026-08-02,2026-08-02 17:58:00,SKU-1002,Bluetooth Speaker,Electronics,South,1999,2,0.0,3998,3998.0
ORD-20260802-0035,2026-08-02,2026-08-02 23:00:00,SKU-1003,Notebook Set,Stationery,North,249,2,0.0,498,498.0
ORD-20260802-0036,2026-08-02,2026-08-02 21:34:00,SKU-1008,Backpack,Accessories,West,1499,2,0.0,2998,2998.0
ORD-20260802-0037,2026-08-02,2026-08-02 15:56:00,SKU-1003,Notebook Set,Stationery,West,249,1,0.0,249,249.0
ORD-20260802-0038,2026-08-02,2026-08-02 18:15:00,SKU-1001,Wireless Mouse,Electronics,East,799,3,0.0,2397,2397.0
ORD-20260802-0039,2026-08-02,2026-08-02 20:01:00,SKU-1003,Notebook Set,Stationery,South,249,1,0.0,249,249.0
ORD-20260802-0040,2026-08-02,2026-08-02 07:12:00,SKU-1005,LED Desk Lamp,Furniture,South,899,4,0.0,3596,3596.0
ORD-20260802-0041,2026-08-02,2026-08-02 11:50:00,SKU-1001,Wireless Mouse,Electronics,South,799,1,0.0,799,799.0
ORD-20260802-0042,2026-08-02,2026-08-02 15:45:00,SKU-1005,LED Desk Lamp,Furniture,Unknown,899,1,0.0,899,899.0
ORD-20260802-0043,2026-08-02,2026-08-02 21:44:00,SKU-1001,Wireless Mouse,Electronics,East,799,2,0.0,1598,1598.0
ORD-20260802-0044,2026-08-02,2026-08-02 07:23:00,SKU-1002,Bluetooth Speaker,Electronics,East,1999,2,0.0,3998,3998.0
ORD-20260802-0045,2026-08-02,2026-08-02 06:31:00,SKU-1004,Office Chair,Furniture,West,5499,2,15.0,10998,9348.3
ORD-20260802-0046,2026-08-02,2026-08-02 12:25:00,SKU-1001,Wireless Mouse,Electronics,West,799,3,0.0,2397,2397.0
ORD-20260802-0047,2026-08-02,2026-08-02 03:42:00,SKU-1010,USB-C Cable,Electronics,Unknown,199,1,0.0,199,199.0
ORD-20260802-0048,2026-08-02,2026-08-02 13:02:00,SKU-1005,LED Desk Lamp,Furniture,Central,899,1,10.0,899,809.1
ORD-20260802-0049,2026-08-02,2026-08-02 09:39:00,SKU-1008,Backpack,Accessories,North,1499,2,10.0,2998,2698.2
ORD-20260802-0050,2026-08-02,2026-08-02 13:44:00,SKU-1005,LED Desk Lamp,Furniture,West,899,1,0.0,899,899.0
ORD-20260802-0051,2026-08-02,2026-08-02 11:10:00,SKU-1009,Phone Case,Accessories,Unknown,299,2,0.0,598,598.0
ORD-20260802-0052,2026-08-02,2026-08-02 12:25:00,SKU-1008,Backpack,Accessories,South,1499,1,0.0,1499,1499.0
ORD-20260802-0053,2026-08-02,2026-08-02 14:38:00,SKU-1006,Yoga Mat,Fitness,East,599,3,5.0,1797,1707.15
ORD-20260802-0054,2026-08-02,2026-08-02 21:34:00,SKU-1003,Notebook Set,Stationery,Central,249,1,15.0,249,211.65
ORD-20260802-0055,2026-08-02,2026-08-02 03:37:00,SKU-1003,Notebook Set,Stationery,East,249,4,15.0,996,846.6
ORD-20260802-0056,2026-08-02,2026-08-02 22:47:00,SKU-1002,Bluetooth Speaker,Electronics,Central,1999,1,0.0,1999,1999.0
ORD-20260802-0057,2026-08-02,2026-08-02 06:49:00,SKU-1007,Water Bottle,Fitness,North,349,2,0.0,698,698.0
ORD-20260802-0058,2026-08-02,2026-08-02 05:07:00,SKU-1002,Bluetooth Speaker,Electronics,South,1999,2,0.0,3998,3998.0
ORD-20260802-0059,2026-08-02,2026-08-02 23:55:00,SKU-1007,Water Bottle,Fitness,South,349,2,10.0,698,628.2
ORD-20260802-0060,2026-08-02,2026-08-02 17:28:00,SKU-1002,Bluetooth Speaker,Electronics,Central,1999,1,5.0,1999,1899.05
ORD-20260802-0061,2026-08-02,2026-08-02 06:36:00,SKU-1003,Notebook Set,Stationery,Unknown,249,1,0.0,249,249.0
ORD-20260802-0062,2026-08-02,2026-08-02 01:08:00,SKU-1006,Yoga Mat,Fitness,South,599,1,10.0,599,539.1
ORD-20260802-0063,2026-08-02,2026-08-02 04:33:00,SKU-1005,LED Desk Lamp,Furniture,East,899,3,0.0,2697,2697.0
ORD-20260802-0064,2026-08-02,2026-08-02 07:41:00,SKU-1004,Office Chair,Furniture,South,5499,2,0.0,10998,10998.0
ORD-20260802-0065,2026-08-02,2026-08-02 10:34:00,SKU-1010,USB-C Cable,Electronics,West,199,3,0.0,597,597.0
ORD-20260802-0066,2026-08-02,2026-08-02 06:21:00,SKU-1002,Bluetooth Speaker,Electronics,East,1999,1,10.0,1999,1799.1
ORD-20260802-0067,2026-08-02,2026-08-02 14:57:00,SKU-1007,Water Bottle,Fitness,Central,349,1,5.0,349,331.55
ORD-20260802-0068,2026-08-02,2026-08-02 07:05:00,SKU-1001,Wireless Mouse,Electronics,West,799,1,0.0,799,799.0
ORD-20260802-0069,2026-08-02,2026-08-02 19:31:00,SKU-1005,LED Desk Lamp,Furniture,South,899,3,5.0,2697,2562.15
ORD-20260802-0070,2026-08-02,2026-08-02 10:30:00,SKU-1008,Backpack,Accessories,South,1499,4,5.0,5996,5696.2
ORD-20260802-0071,2026-08-02,2026-08-02 18:14:00,SKU-1008,Backpack,Accessories,East,1499,1,15.0,1499,1274.15
ORD-20260802-0072,2026-08-02,2026-08-02 19:11:00,SKU-1009,Phone Case,Accessories,Unknown,299,2,0.0,598,598.0
ORD-20260802-0073,2026-08-02,2026-08-02 05:41:00,SKU-1009,Phone Case,Accessories,South,299,3,10.0,897,807.3
ORD-20260802-0074,2026-08-02,2026-08-02 11:48:00,SKU-1005,LED Desk Lamp,Furniture,Central,899,3,0.0,2697,2697.0
ORD-20260802-0075,2026-08-02,2026-08-02 07:40:00,SKU-1001,Wireless Mouse,Electronics,South,799,1,10.0,799,719.1
ORD-20260802-0076,2026-08-02,2026-08-02 12:35:00,SKU-1007,Water Bottle,Fitness,South,349,1,0.0,349,349.0
ORD-20260802-0077,2026-08-02,2026-08-02 11:01:00,SKU-1003,Notebook Set,Stationery,Central,249,1,0.0,249,249.0
ORD-20260802-0078,2026-08-02,2026-08-02 17:55:00,SKU-1006,Yoga Mat,Fitness,Central,599,4,0.0,2396,2396.0
ORD-20260802-0079,2026-08-02,2026-08-02 23:01:00,SKU-1003,Notebook Set,Stationery,South,249,1,0.0,249,249.0
ORD-20260802-0080,2026-08-02,2026-08-02 15:45:00,SKU-1004,Office Chair,Furniture,North,5499,1,0.0,5499,5499.0
ORD-20260802-0081,2026-08-02,2026-08-02 17:40:00,SKU-1003,Notebook Set,Stationery,Central,249,1,0.0,249,249.0
ORD-20260802-0082,2026-08-02,2026-08-02 12:41:00,SKU-1009,Phone Case,Accessories,Central,299,1,0.0,299,299.0
ORD-20260802-0083,2026-08-02,2026-08-02 11:55:00,SKU-1005,LED Desk Lamp,Furniture,South,899,1,10.0,899,809.1
ORD-20260802-0084,2026-08-02,2026-08-02 07:02:00,SKU-1005,LED Desk Lamp,Furniture,West,899,1,5.0,899,854.05
ORD-20260802-0085,2026-08-02,2026-08-02 05:25:00,SKU-1007,Water Bottle,Fitness,North,349,2,0.0,698,698.0
ORD-20260802-0086,2026-08-02,2026-08-02 16:39:00,SKU-1003,Notebook Set,Stationery,Central,249,1,0.0,249,249.0
ORD-20260802-0087,2026-08-02,2026-08-02 00:44:00,SKU-1001,Wireless Mouse,Electronics,Unknown,799,4,0.0,3196,3196.0
ORD-20260802-0088,2026-08-02,2026-08-02 13:20:00,SKU-1001,Wireless Mouse,Electronics,South,799,1,0.0,799,799.0
ORD-20260802-0089,2026-08-02,2026-08-02 17:37:00,SKU-1006,Yoga Mat,Fitness,South,599,1,5.0,599,569.05
ORD-20260802-0090,2026-08-02,2026-08-02 21:54:00,SKU-1009,Phone Case,Accessories,West,299,3,15.0,897,762.45
ORD-20260802-0091,2026-08-02,2026-08-02 08:18:00,SKU-1002,Bluetooth Speaker,Electronics,East,1999,2,0.0,3998,3998.0
ORD-20260802-0092,2026-08-02,2026-08-02 08:20:00,SKU-1002,Bluetooth Speaker,Electronics,North,1999,2,10.0,3998,3598.2
ORD-20260802-0093,2026-08-02,2026-08-02 18:23:00,SKU-1002,Bluetooth Speaker,Electronics,East,1999,3,10.0,5997,5397.3
ORD-20260802-0094,2026-08-02,2026-08-02 12:58:00,SKU-1009,Phone Case,Accessories,South,299,1,0.0,299,299.0
ORD-20260802-0095,2026-08-02,2026-08-02 18:19:00,SKU-1007,Water Bottle,Fitness,Unknown,349,1,0.0,349,349.0
ORD-20260802-0096,2026-08-02,2026-08-02 02:29:00,SKU-1002,Bluetooth Speaker,Electronics,North,1999,1,10.0,1999,1799.1
ORD-20260802-0097,2026-08-02,2026-08-02 01:22:00,SKU-1007,Water Bottle,Fitness,Central,349,1,0.0,349,349.0
ORD-20260802-0098,2026-08-02,2026-08-02 12:01:00,SKU-1002,Bluetooth Speaker,Electronics,Central,1999,1,10.0,1999,1799.1
ORD-20260802-0099,2026-08-02,2026-08-02 21:41:00,SKU-1003,Notebook Set,Stationery,Unknown,249,2,10.0,498,448.2
ORD-20260803-0000,2026-08-03,2026-08-03 10:32:00,SKU-1002,Bluetooth Speaker,Electronics,Central,1999,1,0.0,1999,1999.0
ORD-20260803-0001,2026-08-03,2026-08-03 06:53:00,SKU-1006,Yoga Mat,Fitness,South,599,1,10.0,599,539.1
ORD-20260803-0002,2026-08-03,2026-08-03 11:47:00,SKU-1001,Wireless Mouse,Electronics,South,799,1,0.0,799,799.0
ORD-20260803-0003,2026-08-03,2026-08-03 01:48:00,SKU-1003,Notebook Set,Stationery,South,249,2,15.0,498,423.3
ORD-20260803-0004,2026-08-03,2026-08-03 18:02:00,SKU-1001,Wireless Mouse,Electronics,South,799,1,0.0,799,799.0
ORD-20260803-0005,2026-08-03,2026-08-03 05:29:00,SKU-1001,Wireless Mouse,Electronics,North,799,2,0.0,1598,1598.0
ORD-20260803-0006,2026-08-03,2026-08-03 05:11:00,SKU-1002,Bluetooth Speaker,Electronics,West,1999,2,15.0,3998,3398.3
ORD-20260803-0007,2026-08-03,2026-08-03 10:58:00,SKU-1010,USB-C Cable,Electronics,West,199,1,15.0,199,169.15
ORD-20260803-0008,2026-08-03,2026-08-03 04:14:00,SKU-1006,Yoga Mat,Fitness,Central,599,3,0.0,1797,1797.0
ORD-20260803-0009,2026-08-03,2026-08-03 22:57:00,SKU-1005,LED Desk Lamp,Furniture,East,899,3,15.0,2697,2292.45
ORD-20260803-0010,2026-08-03,2026-08-03 05:04:00,SKU-1008,Backpack,Accessories,Central,1499,1,0.0,1499,1499.0
ORD-20260803-0011,2026-08-03,2026-08-03 08:17:00,SKU-1006,Yoga Mat,Fitness,South,599,1,0.0,599,599.0
ORD-20260803-0012,2026-08-03,2026-08-03 15:20:00,SKU-1002,Bluetooth Speaker,Electronics,Unknown,1999,1,10.0,1999,1799.1
ORD-20260803-0013,2026-08-03,2026-08-03 14:54:00,SKU-1005,LED Desk Lamp,Furniture,Unknown,899,1,0.0,899,899.0
ORD-20260803-0014,2026-08-03,2026-08-03 13:31:00,SKU-1010,USB-C Cable,Electronics,East,199,1,0.0,199,199.0
ORD-20260803-0015,2026-08-03,2026-08-03 04:10:00,SKU-1001,Wireless Mouse,Electronics,Central,799,1,10.0,799,719.1
ORD-20260803-0016,2026-08-03,2026-08-03 16:58:00,SKU-1005,LED Desk Lamp,Furniture,North,899,1,15.0,899,764.15
ORD-20260803-0017,2026-08-03,2026-08-03 22:35:00,SKU-1007,Water Bottle,Fitness,West,349,3,5.0,1047,994.65
ORD-20260803-0018,2026-08-03,2026-08-03 02:52:00,SKU-1007,Water Bottle,Fitness,East,349,3,0.0,1047,1047.0
ORD-20260803-0019,2026-08-03,2026-08-03 10:35:00,SKU-1003,Notebook Set,Stationery,East,249,1,0.0,249,249.0
ORD-20260803-0020,2026-08-03,2026-08-03 02:08:00,SKU-1007,Water Bottle,Fitness,Unknown,349,2,0.0,698,698.0
ORD-20260803-0021,2026-08-03,2026-08-03 10:51:00,SKU-1006,Yoga Mat,Fitness,West,599,1,15.0,599,509.15
ORD-20260803-0022,2026-08-03,2026-08-03 06:46:00,SKU-1008,Backpack,Accessories,Unknown,1499,2,15.0,2998,2548.3
ORD-20260803-0023,2026-08-03,2026-08-03 06:40:00,SKU-1001,Wireless Mouse,Electronics,Unknown,799,1,0.0,799,799.0
ORD-20260803-0024,2026-08-03,2026-08-03 13:57:00,SKU-1010,USB-C Cable,Electronics,Central,199,1,0.0,199,199.0
ORD-20260803-0025,2026-08-03,2026-08-03 07:23:00,SKU-1009,Phone Case,Accessories,South,299,1,0.0,299,299.0
ORD-20260803-0026,2026-08-03,2026-08-03 00:31:00,SKU-1004,Office Chair,Furniture,West,5499,1,10.0,5499,4949.1
ORD-20260803-0027,2026-08-03,2026-08-03 05:55:00,SKU-1008,Backpack,Accessories,East,1499,1,15.0,1499,1274.15
ORD-20260803-0028,2026-08-03,2026-08-03 01:05:00,SKU-1009,Phone Case,Accessories,West,299,1,10.0,299,269.1
ORD-20260803-0029,2026-08-03,2026-08-03 12:36:00,SKU-1006,Yoga Mat,Fitness,North,599,1,15.0,599,509.15
ORD-20260803-0030,2026-08-03,2026-08-03 08:25:00,SKU-1007,Water Bottle,Fitness,West,349,1,10.0,349,314.1
ORD-20260803-0031,2026-08-03,2026-08-03 20:12:00,SKU-1005,LED Desk Lamp,Furniture,Unknown,899,2,10.0,1798,1618.2
ORD-20260803-0032,2026-08-03,2026-08-03 04:28:00,SKU-1009,Phone Case,Accessories,East,299,3,15.0,897,762.45
ORD-20260803-0033,2026-08-03,2026-08-03 02:13:00,SKU-1002,Bluetooth Speaker,Electronics,Central,1999,1,0.0,1999,1999.0
ORD-20260803-0034,2026-08-03,2026-08-03 19:42:00,SKU-1003,Notebook Set,Stationery,Unknown,249,1,10.0,249,224.1
ORD-20260803-0035,2026-08-03,2026-08-03 08:10:00,SKU-1003,Notebook Set,Stationery,West,249,2,15.0,498,423.3
ORD-20260803-0036,2026-08-03,2026-08-03 07:59:00,SKU-1009,Phone Case,Accessories,North,299,1,15.0,299,254.15
ORD-20260803-0037,2026-08-03,2026-08-03 00:34:00,SKU-1003,Notebook Set,Stationery,East,249,1,0.0,249,249.0
ORD-20260803-0038,2026-08-03,2026-08-03 16:25:00,SKU-1001,Wireless Mouse,Electronics,West,799,1,0.0,799,799.0
ORD-20260803-0039,2026-08-03,2026-08-03 11:58:00,SKU-1002,Bluetooth Speaker,Electronics,East,1999,3,0.0,5997,5997.0
ORD-20260803-0040,2026-08-03,2026-08-03 09:26:00,SKU-1004,Office Chair,Furniture,South,5499,1,15.0,5499,4674.15
ORD-20260803-0041,2026-08-03,2026-08-03 21:10:00,SKU-1002,Bluetooth Speaker,Electronics,South,1999,2,0.0,3998,3998.0
ORD-20260803-0042,2026-08-03,2026-08-03 06:14:00,SKU-1006,Yoga Mat,Fitness,Unknown,599,1,0.0,599,599.0
ORD-20260803-0043,2026-08-03,2026-08-03 23:18:00,SKU-1008,Backpack,Accessories,North,1499,1,15.0,1499,1274.15
ORD-20260803-0044,2026-08-03,2026-08-03 04:59:00,SKU-1002,Bluetooth Speaker,Electronics,West,1999,1,0.0,1999,1999.0
ORD-20260803-0045,2026-08-03,2026-08-03 21:48:00,SKU-1004,Office Chair,Furniture,Central,5499,2,5.0,10998,10448.1
ORD-20260803-0046,2026-08-03,2026-08-03 11:25:00,SKU-1003,Notebook Set,Stationery,West,249,2,0.0,498,498.0
ORD-20260803-0047,2026-08-03,2026-08-03 07:17:00,SKU-1001,Wireless Mouse,Electronics,South,799,2,5.0,1598,1518.1
ORD-20260803-0048,2026-08-03,2026-08-03 12:11:00,SKU-1003,Notebook Set,Stationery,South,249,1,0.0,249,249.0
ORD-20260803-0049,2026-08-03,2026-08-03 10:23:00,SKU-1009,Phone Case,Accessories,South,299,1,15.0,299,254.15
ORD-20260803-0050,2026-08-03,2026-08-03 09:46:00,SKU-1001,Wireless Mouse,Electronics,North,799,1,10.0,799,719.1
ORD-20260803-0051,2026-08-03,2026-08-03 15:20:00,SKU-1007,Water Bottle,Fitness,Central,349,2,5.0,698,663.1
ORD-20260803-0052,2026-08-03,2026-08-03 00:30:00,SKU-1005,LED Desk Lamp,Furniture,East,899,1,0.0,899,899.0
ORD-20260803-0053,2026-08-03,2026-08-03 21:32:00,SKU-1001,Wireless Mouse,Electronics,Unknown,799,1,0.0,799,799.0
ORD-20260803-0054,2026-08-03,2026-08-03 17:28:00,SKU-1009,Phone Case,Accessories,Central,299,1,0.0,299,299.0
ORD-20260803-0055,2026-08-03,2026-08-03 11:51:00,SKU-1006,Yoga Mat,Fitness,North,599,2,5.0,1198,1138.1
ORD-20260803-0056,2026-08-03,2026-08-03 00:48:00,SKU-1008,Backpack,Accessories,East,1499,3,0.0,4497,4497.0
ORD-20260803-0057,2026-08-03,2026-08-03 23:51:00,SKU-1005,LED Desk Lamp,Furniture,North,899,1,0.0,899,899.0
ORD-20260803-0058,2026-08-03,2026-08-03 04:03:00,SKU-1002,Bluetooth Speaker,Electronics,Unknown,1999,1,10.0,1999,1799.1
ORD-20260803-0059,2026-08-03,2026-08-03 00:03:00,SKU-1010,USB-C Cable,Electronics,Unknown,199,1,0.0,199,199.0
ORD-20260803-0060,2026-08-03,2026-08-03 20:57:00,SKU-1007,Water Bottle,Fitness,North,349,1,0.0,349,349.0
ORD-20260803-0061,2026-08-03,2026-08-03 05:48:00,SKU-1007,Water Bottle,Fitness,West,349,3,10.0,1047,942.3
ORD-20260803-0062,2026-08-03,2026-08-03 22:36:00,SKU-1001,Wireless Mouse,Electronics,North,799,2,0.0,1598,1598.0
ORD-20260803-0063,2026-08-03,2026-08-03 08:30:00,SKU-1002,Bluetooth Speaker,Electronics,North,1999,1,15.0,1999,1699.15
ORD-20260803-0064,2026-08-03,2026-08-03 07:16:00,SKU-1006,Yoga Mat,Fitness,South,599,1,10.0,599,539.1
ORD-20260803-0065,2026-08-03,2026-08-03 01:26:00,SKU-1008,Backpack,Accessories,South,1499,2,0.0,2998,2998.0
ORD-20260803-0066,2026-08-03,2026-08-03 21:04:00,SKU-1002,Bluetooth Speaker,Electronics,Central,1999,4,0.0,7996,7996.0
ORD-20260803-0067,2026-08-03,2026-08-03 14:40:00,SKU-1007,Water Bottle,Fitness,Central,349,1,0.0,349,349.0
ORD-20260803-0068,2026-08-03,2026-08-03 07:12:00,SKU-1009,Phone Case,Accessories,West,299,1,15.0,299,254.15
ORD-20260803-0069,2026-08-03,2026-08-03 09:21:00,SKU-1009,Phone Case,Accessories,East,299,3,0.0,897,897.0
ORD-20260803-0070,2026-08-03,2026-08-03 09:44:00,SKU-1001,Wireless Mouse,Electronics,South,799,1,0.0,799,799.0
ORD-20260803-0071,2026-08-03,2026-08-03 08:33:00,SKU-1009,Phone Case,Accessories,Unknown,299,3,0.0,897,897.0
ORD-20260803-0072,2026-08-03,2026-08-03 03:39:00,SKU-1001,Wireless Mouse,Electronics,North,799,1,0.0,799,799.0
ORD-20260803-0073,2026-08-03,2026-08-03 13:27:00,SKU-1010,USB-C Cable,Electronics,West,199,1,5.0,199,189.05
ORD-20260803-0074,2026-08-03,2026-08-03 08:15:00,SKU-1008,Backpack,Accessories,West,1499,1,5.0,1499,1424.05
ORD-20260803-0075,2026-08-03,2026-08-03 13:11:00,SKU-1002,Bluetooth Speaker,Electronics,North,1999,3,0.0,5997,5997.0
ORD-20260803-0076,2026-08-03,2026-08-03 10:41:00,SKU-1009,Phone Case,Accessories,East,299,1,0.0,299,299.0
ORD-20260803-0077,2026-08-03,2026-08-03 22:31:00,SKU-1005,LED Desk Lamp,Furniture,North,899,1,0.0,899,899.0
ORD-20260803-0078,2026-08-03,2026-08-03 15:26:00,SKU-1003,Notebook Set,Stationery,East,249,1,0.0,249,249.0
ORD-20260803-0079,2026-08-03,2026-08-03 13:14:00,SKU-1002,Bluetooth Speaker,Electronics,Central,1999,1,0.0,1999,1999.0
ORD-20260803-0080,2026-08-03,2026-08-03 10:33:00,SKU-1007,Water Bottle,Fitness,West,349,3,10.0,1047,942.3
ORD-20260803-0081,2026-08-03,2026-08-03 07:02:00,SKU-1009,Phone Case,Accessories,North,299,3,0.0,897,897.0
ORD-20260803-0082,2026-08-03,2026-08-03 21:20:00,SKU-1002,Bluetooth Speaker,Electronics,Central,1999,1,5.0,1999,1899.05
ORD-20260803-0083,2026-08-03,2026-08-03 15:20:00,SKU-1002,Bluetooth Speaker,Electronics,West,1999,3,15.0,5997,5097.45
ORD-20260803-0084,2026-08-03,2026-08-03 13:35:00,SKU-1001,Wireless Mouse,Electronics,North,799,1,10.0,799,719.1
ORD-20260803-0085,2026-08-03,2026-08-03 15:44:00,SKU-1005,LED Desk Lamp,Furniture,Central,899,4,0.0,3596,3596.0
ORD-20260803-0086,2026-08-03,2026-08-03 06:45:00,SKU-1003,Notebook Set,Stationery,Unknown,249,1,0.0,249,249.0
ORD-20260803-0087,2026-08-03,2026-08-03 11:30:00,SKU-1002,Bluetooth Speaker,Electronics,East,1999,1,0.0,1999,1999.0
ORD-20260803-0088,2026-08-03,2026-08-03 06:00:00,SKU-1009,Phone Case,Accessories,Unknown,299,1,0.0,299,299.0
ORD-20260803-0089,2026-08-03,2026-08-03 17:13:00,SKU-1009,Phone Case,Accessories,Central,299,3,0.0,897,897.0
ORD-20260803-0090,2026-08-03,2026-08-03 01:26:00,SKU-1009,Phone Case,Accessories,West,299,2,5.0,598,568.1
ORD-20260803-0091,2026-08-03,2026-08-03 03:04:00,SKU-1009,Phone Case,Accessories,West,299,1,5.0,299,284.05
ORD-20260803-0092,2026-08-03,2026-08-03 15:26:00,SKU-1010,USB-C Cable,Electronics,West,199,1,15.0,199,169.15
ORD-20260803-0093,2026-08-03,2026-08-03 14:20:00,SKU-1006,Yoga Mat,Fitness,Central,599,2,0.0,1198,1198.0
ORD-20260803-0094,2026-08-03,2026-08-03 20:30:00,SKU-1005,LED Desk Lamp,Furniture,Unknown,899,1,0.0,899,899.0
ORD-20260803-0095,2026-08-03,2026-08-03 17:05:00,SKU-1003,Notebook Set,Stationery,East,249,3,10.0,747,672.3
ORD-20260803-0096,2026-08-03,2026-08-03 17:43:00,SKU-1009,Phone Case,Accessories,Central,299,1,0.0,299,299.0
ORD-20260803-0097,2026-08-03,2026-08-03 16:54:00,SKU-1003,Notebook Set,Stationery,West,249,2,0.0,498,498.0
ORD-20260803-0098,2026-08-03,2026-08-03 18:45:00,SKU-1005,LED Desk Lamp,Furniture,West,899,4,0.0,3596,3596.0
ORD-20260803-0099,2026-08-03,2026-08-03 08:05:00,SKU-1008,Backpack,Accessories,North,1499,4,10.0,5996,5396.4
ORD-20260803-0100,2026-08-03,2026-08-03 15:25:00,SKU-1010,USB-C Cable,Electronics,North,199,2,10.0,398,358.2
ORD-20260803-0101,2026-08-03,2026-08-03 05:20:00,SKU-1003,Notebook Set,Stationery,South,249,4,15.0,996,846.6
ORD-20260803-0102,2026-08-03,2026-08-03 10:58:00,SKU-1001,Wireless Mouse,Electronics,West,799,1,0.0,799,799.0
ORD-20260803-0103,2026-08-03,2026-08-03 18:21:00,SKU-1001,Wireless Mouse,Electronics,North,799,2,5.0,1598,1518.1
ORD-20260804-0000,2026-08-04,2026-08-04 06:33:00,SKU-1007,Water Bottle,Fitness,Unknown,349,1,0.0,349,349.0
ORD-20260804-0001,2026-08-04,2026-08-04 08:18:00,SKU-1002,Bluetooth Speaker,Electronics,West,1999,3,0.0,5997,5997.0
ORD-20260804-0002,2026-08-04,2026-08-04 08:35:00,SKU-1002,Bluetooth Speaker,Electronics,Central,1999,2,5.0,3998,3798.1
ORD-20260804-0003,2026-08-04,2026-08-04 20:02:00,SKU-1001,Wireless Mouse,Electronics,North,799,2,0.0,1598,1598.0
ORD-20260804-0004,2026-08-04,2026-08-04 00:33:00,SKU-1001,Wireless Mouse,Electronics,Central,799,2,0.0,1598,1598.0
ORD-20260804-0005,2026-08-04,2026-08-04 14:04:00,SKU-1006,Yoga Mat,Fitness,South,599,3,15.0,1797,1527.45
ORD-20260804-0006,2026-08-04,2026-08-04 12:18:00,SKU-1007,Water Bottle,Fitness,South,349,3,0.0,1047,1047.0
ORD-20260804-0007,2026-08-04,2026-08-04 17:06:00,SKU-1005,LED Desk Lamp,Furniture,South,899,1,0.0,899,899.0
ORD-20260804-0008,2026-08-04,2026-08-04 04:43:00,SKU-1008,Backpack,Accessories,Unknown,1499,2,5.0,2998,2848.1
ORD-20260804-0009,2026-08-04,2026-08-04 18:01:00,SKU-1001,Wireless Mouse,Electronics,South,799,3,5.0,2397,2277.15
ORD-20260804-0010,2026-08-04,2026-08-04 05:34:00,SKU-1010,USB-C Cable,Electronics,West,199,2,0.0,398,398.0
ORD-20260804-0011,2026-08-04,2026-08-04 20:24:00,SKU-1009,Phone Case,Accessories,Unknown,299,2,0.0,598,598.0
ORD-20260804-0012,2026-08-04,2026-08-04 07:45:00,SKU-1010,USB-C Cable,Electronics,East,199,2,0.0,398,398.0
ORD-20260804-0013,2026-08-04,2026-08-04 09:51:00,SKU-1007,Water Bottle,Fitness,Central,349,2,10.0,698,628.2
ORD-20260804-0014,2026-08-04,2026-08-04 03:17:00,SKU-1008,Backpack,Accessories,East,1499,1,0.0,1499,1499.0
ORD-20260804-0015,2026-08-04,2026-08-04 14:35:00,SKU-1006,Yoga Mat,Fitness,West,599,2,0.0,1198,1198.0
ORD-20260804-0016,2026-08-04,2026-08-04 04:16:00,SKU-1010,USB-C Cable,Electronics,East,199,1,0.0,199,199.0
ORD-20260804-0017,2026-08-04,2026-08-04 07:13:00,SKU-1002,Bluetooth Speaker,Electronics,South,1999,2,0.0,3998,3998.0
ORD-20260804-0018,2026-08-04,2026-08-04 07:35:00,SKU-1001,Wireless Mouse,Electronics,Unknown,799,1,0.0,799,799.0
ORD-20260804-0019,2026-08-04,2026-08-04 09:15:00,SKU-1007,Water Bottle,Fitness,Unknown,349,2,5.0,698,663.1
ORD-20260804-0020,2026-08-04,2026-08-04 02:46:00,SKU-1009,Phone Case,Accessories,Unknown,299,1,0.0,299,299.0
ORD-20260804-0021,2026-08-04,2026-08-04 16:13:00,SKU-1006,Yoga Mat,Fitness,East,599,2,0.0,1198,1198.0
ORD-20260804-0022,2026-08-04,2026-08-04 13:07:00,SKU-1008,Backpack,Accessories,East,1499,2,15.0,2998,2548.3
ORD-20260804-0023,2026-08-04,2026-08-04 22:55:00,SKU-1003,Notebook Set,Stationery,North,249,1,5.0,249,236.55
ORD-20260804-0024,2026-08-04,2026-08-04 04:48:00,SKU-1001,Wireless Mouse,Electronics,North,799,3,5.0,2397,2277.15
ORD-20260804-0025,2026-08-04,2026-08-04 08:09:00,SKU-1010,USB-C Cable,Electronics,Central,199,1,10.0,199,179.1
ORD-20260804-0026,2026-08-04,2026-08-04 20:56:00,SKU-1006,Yoga Mat,Fitness,Central,599,1,5.0,599,569.05
ORD-20260804-0027,2026-08-04,2026-08-04 09:44:00,SKU-1002,Bluetooth Speaker,Electronics,North,1999,1,0.0,1999,1999.0
ORD-20260804-0028,2026-08-04,2026-08-04 18:14:00,SKU-1004,Office Chair,Furniture,North,5499,2,5.0,10998,10448.1
ORD-20260804-0029,2026-08-04,2026-08-04 22:49:00,SKU-1001,Wireless Mouse,Electronics,Central,799,1,15.0,799,679.15
ORD-20260804-0030,2026-08-04,2026-08-04 11:49:00,SKU-1005,LED Desk Lamp,Furniture,Unknown,899,1,0.0,899,899.0
ORD-20260804-0031,2026-08-04,2026-08-04 23:59:00,SKU-1005,LED Desk Lamp,Furniture,South,899,1,10.0,899,809.1
ORD-20260804-0032,2026-08-04,2026-08-04 21:38:00,SKU-1002,Bluetooth Speaker,Electronics,West,1999,1,0.0,1999,1999.0
ORD-20260804-0033,2026-08-04,2026-08-04 17:00:00,SKU-1003,Notebook Set,Stationery,Central,249,1,0.0,249,249.0
ORD-20260804-0034,2026-08-04,2026-08-04 01:32:00,SKU-1006,Yoga Mat,Fitness,North,599,1,0.0,599,599.0
ORD-20260804-0035,2026-08-04,2026-08-04 02:43:00,SKU-1010,USB-C Cable,Electronics,Central,199,3,5.0,597,567.15
ORD-20260804-0036,2026-08-04,2026-08-04 10:48:00,SKU-1003,Notebook Set,Stationery,Central,249,1,10.0,249,224.1
ORD-20260804-0037,2026-08-04,2026-08-04 00:25:00,SKU-1001,Wireless Mouse,Electronics,South,799,4,10.0,3196,2876.4
ORD-20260804-0038,2026-08-04,2026-08-04 11:59:00,SKU-1008,Backpack,Accessories,West,1499,1,0.0,1499,1499.0
ORD-20260804-0039,2026-08-04,2026-08-04 19:45:00,SKU-1008,Backpack,Accessories,Central,1499,2,0.0,2998,2998.0
ORD-20260804-0040,2026-08-04,2026-08-04 02:07:00,SKU-1001,Wireless Mouse,Electronics,Unknown,799,3,0.0,2397,2397.0
ORD-20260804-0041,2026-08-04,2026-08-04 03:31:00,SKU-1005,LED Desk Lamp,Furniture,Central,899,1,5.0,899,854.05
ORD-20260804-0042,2026-08-04,2026-08-04 12:14:00,SKU-1008,Backpack,Accessories,West,1499,1,15.0,1499,1274.15
ORD-20260804-0043,2026-08-04,2026-08-04 04:34:00,SKU-1001,Wireless Mouse,Electronics,South,799,1,5.0,799,759.05
ORD-20260804-0044,2026-08-04,2026-08-04 03:08:00,SKU-1005,LED Desk Lamp,Furniture,West,899,2,15.0,1798,1528.3
ORD-20260804-0045,2026-08-04,2026-08-04 09:17:00,SKU-1007,Water Bottle,Fitness,East,349,4,15.0,1396,1186.6
ORD-20260804-0046,2026-08-04,2026-08-04 20:03:00,SKU-1007,Water Bottle,Fitness,Central,349,1,0.0,349,349.0
ORD-20260804-0047,2026-08-04,2026-08-04 04:35:00,SKU-1003,Notebook Set,Stationery,West,249,1,15.0,249,211.65
ORD-20260804-0048,2026-08-04,2026-08-04 07:59:00,SKU-1004,Office Chair,Furniture,Unknown,5499,1,0.0,5499,5499.0
ORD-20260804-0049,2026-08-04,2026-08-04 12:31:00,SKU-1007,Water Bottle,Fitness,South,349,1,10.0,349,314.1
ORD-20260804-0050,2026-08-04,2026-08-04 15:14:00,SKU-1003,Notebook Set,Stationery,South,249,1,15.0,249,211.65
ORD-20260804-0051,2026-08-04,2026-08-04 02:26:00,SKU-1008,Backpack,Accessories,North,1499,3,0.0,4497,4497.0
ORD-20260804-0052,2026-08-04,2026-08-04 09:38:00,SKU-1001,Wireless Mouse,Electronics,South,799,1,5.0,799,759.05
ORD-20260804-0053,2026-08-04,2026-08-04 07:26:00,SKU-1010,USB-C Cable,Electronics,Central,199,3,0.0,597,597.0
ORD-20260804-0054,2026-08-04,2026-08-04 16:55:00,SKU-1004,Office Chair,Furniture,Unknown,5499,4,0.0,21996,21996.0
ORD-20260804-0055,2026-08-04,2026-08-04 18:08:00,SKU-1004,Office Chair,Furniture,North,5499,1,0.0,5499,5499.0
ORD-20260804-0056,2026-08-04,2026-08-04 01:06:00,SKU-1005,LED Desk Lamp,Furniture,East,899,4,0.0,3596,3596.0
ORD-20260804-0057,2026-08-04,2026-08-04 05:41:00,SKU-1003,Notebook Set,Stationery,Unknown,249,1,0.0,249,249.0
ORD-20260804-0058,2026-08-04,2026-08-04 05:57:00,SKU-1002,Bluetooth Speaker,Electronics,South,1999,1,0.0,1999,1999.0
ORD-20260804-0059,2026-08-04,2026-08-04 18:04:00,SKU-1002,Bluetooth Speaker,Electronics,West,1999,1,10.0,1999,1799.1
ORD-20260804-0060,2026-08-04,2026-08-04 14:42:00,SKU-1009,Phone Case,Accessories,Central,299,1,15.0,299,254.15
ORD-20260804-0061,2026-08-04,2026-08-04 19:24:00,SKU-1001,Wireless Mouse,Electronics,Central,799,1,0.0,799,799.0
ORD-20260804-0062,2026-08-04,2026-08-04 21:22:00,SKU-1009,Phone Case,Accessories,Unknown,299,1,10.0,299,269.1
ORD-20260804-0063,2026-08-04,2026-08-04 03:28:00,SKU-1006,Yoga Mat,Fitness,North,599,1,0.0,599,599.0
ORD-20260804-0064,2026-08-04,2026-08-04 03:30:00,SKU-1006,Yoga Mat,Fitness,West,599,2,0.0,1198,1198.0
ORD-20260804-0065,2026-08-04,2026-08-04 15:38:00,SKU-1001,Wireless Mouse,Electronics,Unknown,799,2,15.0,1598,1358.3
ORD-20260804-0066,2026-08-04,2026-08-04 18:58:00,SKU-1003,Notebook Set,Stationery,Central,249,2,0.0,498,498.0
ORD-20260804-0067,2026-08-04,2026-08-04 14:48:00,SKU-1002,Bluetooth Speaker,Electronics,Central,1999,1,0.0,1999,1999.0
ORD-20260804-0068,2026-08-04,2026-08-04 16:48:00,SKU-1005,LED Desk Lamp,Furniture,West,899,2,0.0,1798,1798.0
ORD-20260804-0069,2026-08-04,2026-08-04 04:49:00,SKU-1003,Notebook Set,Stationery,West,249,1,5.0,249,236.55
ORD-20260804-0070,2026-08-04,2026-08-04 10:34:00,SKU-1007,Water Bottle,Fitness,North,349,1,15.0,349,296.65
ORD-20260805-0000,2026-08-05,2026-08-05 13:53:00,SKU-1007,Water Bottle,Fitness,Unknown,349,2,5.0,698,663.1
ORD-20260805-0001,2026-08-05,2026-08-05 09:04:00,SKU-1001,Wireless Mouse,Electronics,Central,799,1,0.0,799,799.0
ORD-20260805-0002,2026-08-05,2026-08-05 10:17:00,SKU-1008,Backpack,Accessories,Central,1499,3,0.0,4497,4497.0
ORD-20260805-0003,2026-08-05,2026-08-05 09:03:00,SKU-1002,Bluetooth Speaker,Electronics,North,1999,1,0.0,1999,1999.0
ORD-20260805-0004,2026-08-05,2026-08-05 14:56:00,SKU-1006,Yoga Mat,Fitness,Central,599,4,10.0,2396,2156.4
ORD-20260805-0005,2026-08-05,2026-08-05 09:59:00,SKU-1004,Office Chair,Furniture,Unknown,5499,1,0.0,5499,5499.0
ORD-20260805-0006,2026-08-05,2026-08-05 05:36:00,SKU-1010,USB-C Cable,Electronics,Central,199,2,15.0,398,338.3
ORD-20260805-0007,2026-08-05,2026-08-05 15:34:00,SKU-1007,Water Bottle,Fitness,Central,349,2,0.0,698,698.0
ORD-20260805-0008,2026-08-05,2026-08-05 13:06:00,SKU-1001,Wireless Mouse,Electronics,East,799,1,15.0,799,679.15
ORD-20260805-0009,2026-08-05,2026-08-05 06:11:00,SKU-1005,LED Desk Lamp,Furniture,Unknown,899,1,10.0,899,809.1
ORD-20260805-0010,2026-08-05,2026-08-05 04:19:00,SKU-1008,Backpack,Accessories,Unknown,1499,1,0.0,1499,1499.0
ORD-20260805-0011,2026-08-05,2026-08-05 12:31:00,SKU-1008,Backpack,Accessories,North,1499,1,15.0,1499,1274.15
ORD-20260805-0012,2026-08-05,2026-08-05 11:18:00,SKU-1009,Phone Case,Accessories,East,299,1,0.0,299,299.0
ORD-20260805-0013,2026-08-05,2026-08-05 17:18:00,SKU-1007,Water Bottle,Fitness,North,349,1,0.0,349,349.0
ORD-20260805-0014,2026-08-05,2026-08-05 14:04:00,SKU-1001,Wireless Mouse,Electronics,Central,799,1,0.0,799,799.0
ORD-20260805-0015,2026-08-05,2026-08-05 03:18:00,SKU-1006,Yoga Mat,Fitness,North,599,4,0.0,2396,2396.0
ORD-20260805-0016,2026-08-05,2026-08-05 13:03:00,SKU-1010,USB-C Cable,Electronics,South,199,3,10.0,597,537.3
ORD-20260805-0017,2026-08-05,2026-08-05 03:45:00,SKU-1001,Wireless Mouse,Electronics,Central,799,3,0.0,2397,2397.0
ORD-20260805-0018,2026-08-05,2026-08-05 08:19:00,SKU-1010,USB-C Cable,Electronics,Central,199,1,5.0,199,189.05
ORD-20260805-0019,2026-08-05,2026-08-05 00:26:00,SKU-1005,LED Desk Lamp,Furniture,Unknown,899,2,0.0,1798,1798.0
ORD-20260805-0020,2026-08-05,2026-08-05 05:02:00,SKU-1003,Notebook Set,Stationery,West,249,1,0.0,249,249.0
ORD-20260805-0021,2026-08-05,2026-08-05 06:10:00,SKU-1002,Bluetooth Speaker,Electronics,West,1999,2,0.0,3998,3998.0
ORD-20260805-0022,2026-08-05,2026-08-05 12:38:00,SKU-1007,Water Bottle,Fitness,West,349,1,15.0,349,296.65
ORD-20260805-0023,2026-08-05,2026-08-05 03:39:00,SKU-1007,Water Bottle,Fitness,East,349,1,0.0,349,349.0
ORD-20260805-0024,2026-08-05,2026-08-05 03:11:00,SKU-1010,USB-C Cable,Electronics,Central,199,1,0.0,199,199.0
ORD-20260805-0025,2026-08-05,2026-08-05 17:53:00,SKU-1008,Backpack,Accessories,Central,1499,1,10.0,1499,1349.1
ORD-20260805-0026,2026-08-05,2026-08-05 07:46:00,SKU-1006,Yoga Mat,Fitness,West,599,1,0.0,599,599.0
ORD-20260805-0027,2026-08-05,2026-08-05 04:16:00,SKU-1004,Office Chair,Furniture,Central,5499,4,15.0,21996,18696.6
ORD-20260805-0028,2026-08-05,2026-08-05 22:51:00,SKU-1006,Yoga Mat,Fitness,Central,599,1,0.0,599,599.0
ORD-20260805-0029,2026-08-05,2026-08-05 03:42:00,SKU-1005,LED Desk Lamp,Furniture,North,899,2,5.0,1798,1708.1
ORD-20260805-0030,2026-08-05,2026-08-05 23:06:00,SKU-1002,Bluetooth Speaker,Electronics,South,1999,1,0.0,1999,1999.0
ORD-20260805-0031,2026-08-05,2026-08-05 01:25:00,SKU-1002,Bluetooth Speaker,Electronics,West,1999,1,5.0,1999,1899.05
ORD-20260805-0032,2026-08-05,2026-08-05 12:57:00,SKU-1002,Bluetooth Speaker,Electronics,East,1999,2,0.0,3998,3998.0
ORD-20260805-0033,2026-08-05,2026-08-05 21:29:00,SKU-1007,Water Bottle,Fitness,East,349,1,10.0,349,314.1
ORD-20260805-0034,2026-08-05,2026-08-05 16:47:00,SKU-1007,Water Bottle,Fitness,South,349,2,5.0,698,663.1
ORD-20260805-0035,2026-08-05,2026-08-05 21:51:00,SKU-1004,Office Chair,Furniture,Central,5499,1,5.0,5499,5224.05
ORD-20260805-0036,2026-08-05,2026-08-05 13:29:00,SKU-1005,LED Desk Lamp,Furniture,West,899,1,5.0,899,854.05
ORD-20260805-0037,2026-08-05,2026-08-05 00:01:00,SKU-1002,Bluetooth Speaker,Electronics,East,1999,2,5.0,3998,3798.1
ORD-20260805-0038,2026-08-05,2026-08-05 15:59:00,SKU-1003,Notebook Set,Stationery,Unknown,249,1,10.0,249,224.1
ORD-20260805-0039,2026-08-05,2026-08-05 00:46:00,SKU-1006,Yoga Mat,Fitness,Central,599,1,0.0,599,599.0
ORD-20260805-0040,2026-08-05,2026-08-05 21:24:00,SKU-1002,Bluetooth Speaker,Electronics,Central,1999,1,0.0,1999,1999.0
ORD-20260805-0041,2026-08-05,2026-08-05 02:44:00,SKU-1003,Notebook Set,Stationery,West,249,3,0.0,747,747.0
ORD-20260805-0042,2026-08-05,2026-08-05 22:28:00,SKU-1008,Backpack,Accessories,West,1499,1,5.0,1499,1424.05
ORD-20260805-0043,2026-08-05,2026-08-05 06:28:00,SKU-1010,USB-C Cable,Electronics,North,199,2,0.0,398,398.0
ORD-20260805-0044,2026-08-05,2026-08-05 11:44:00,SKU-1004,Office Chair,Furniture,North,5499,2,0.0,10998,10998.0
ORD-20260805-0045,2026-08-05,2026-08-05 03:13:00,SKU-1004,Office Chair,Furniture,South,5499,4,5.0,21996,20896.2
ORD-20260805-0046,2026-08-05,2026-08-05 08:55:00,SKU-1007,Water Bottle,Fitness,West,349,2,0.0,698,698.0
ORD-20260805-0047,2026-08-05,2026-08-05 13:20:00,SKU-1001,Wireless Mouse,Electronics,East,799,2,15.0,1598,1358.3
ORD-20260805-0048,2026-08-05,2026-08-05 19:05:00,SKU-1007,Water Bottle,Fitness,Central,349,1,0.0,349,349.0
ORD-20260805-0049,2026-08-05,2026-08-05 10:11:00,SKU-1004,Office Chair,Furniture,North,5499,1,5.0,5499,5224.05
ORD-20260805-0050,2026-08-05,2026-08-05 02:02:00,SKU-1010,USB-C Cable,Electronics,Unknown,199,1,0.0,199,199.0
ORD-20260805-0051,2026-08-05,2026-08-05 08:26:00,SKU-1001,Wireless Mouse,Electronics,East,799,1,5.0,799,759.05
ORD-20260805-0052,2026-08-05,2026-08-05 22:19:00,SKU-1009,Phone Case,Accessories,South,299,1,0.0,299,299.0
ORD-20260805-0053,2026-08-05,2026-08-05 00:31:00,SKU-1010,USB-C Cable,Electronics,West,199,4,10.0,796,716.4
ORD-20260805-0054,2026-08-05,2026-08-05 12:20:00,SKU-1010,USB-C Cable,Electronics,West,199,1,15.0,199,169.15
ORD-20260805-0055,2026-08-05,2026-08-05 20:26:00,SKU-1004,Office Chair,Furniture,North,5499,3,0.0,16497,16497.0
ORD-20260805-0056,2026-08-05,2026-08-05 19:10:00,SKU-1010,USB-C Cable,Electronics,East,199,1,15.0,199,169.15
ORD-20260805-0057,2026-08-05,2026-08-05 03:01:00,SKU-1003,Notebook Set,Stationery,West,249,2,5.0,498,473.1
ORD-20260805-0058,2026-08-05,2026-08-05 15:54:00,SKU-1009,Phone Case,Accessories,Unknown,299,3,15.0,897,762.45
ORD-20260805-0059,2026-08-05,2026-08-05 06:02:00,SKU-1009,Phone Case,Accessories,West,299,1,0.0,299,299.0
ORD-20260805-0060,2026-08-05,2026-08-05 10:44:00,SKU-1005,LED Desk Lamp,Furniture,Unknown,899,1,0.0,899,899.0
ORD-20260805-0061,2026-08-05,2026-08-05 07:42:00,SKU-1004,Office Chair,Furniture,North,5499,1,15.0,5499,4674.15
ORD-20260805-0062,2026-08-05,2026-08-05 14:21:00,SKU-1007,Water Bottle,Fitness,Unknown,349,2,0.0,698,698.0
ORD-20260805-0063,2026-08-05,2026-08-05 15:00:00,SKU-1005,LED Desk Lamp,Furniture,Central,899,1,5.0,899,854.05
ORD-20260805-0064,2026-08-05,2026-08-05 12:29:00,SKU-1009,Phone Case,Accessories,Central,299,1,10.0,299,269.1
ORD-20260805-0065,2026-08-05,2026-08-05 10:50:00,SKU-1001,Wireless Mouse,Electronics,Central,799,2,0.0,1598,1598.0
ORD-20260805-0066,2026-08-05,2026-08-05 08:54:00,SKU-1010,USB-C Cable,Electronics,North,199,1,10.0,199,179.1
ORD-20260805-0067,2026-08-05,2026-08-05 03:33:00,SKU-1010,USB-C Cable,Electronics,North,199,1,15.0,199,169.15
ORD-20260805-0068,2026-08-05,2026-08-05 14:49:00,SKU-1001,Wireless Mouse,Electronics,North,799,2,15.0,1598,1358.3
ORD-20260805-0069,2026-08-05,2026-08-05 16:58:00,SKU-1008,Backpack,Accessories,Unknown,1499,1,5.0,1499,1424.05
ORD-20260805-0070,2026-08-05,2026-08-05 21:57:00,SKU-1001,Wireless Mouse,Electronics,South,799,1,0.0,799,799.0
ORD-20260805-0071,2026-08-05,2026-08-05 09:41:00,SKU-1007,Water Bottle,Fitness,South,349,1,5.0,349,331.55
ORD-20260806-0000,2026-08-06,2026-08-06 04:52:00,SKU-1007,Water Bottle,Fitness,West,349,2,15.0,698,593.3
ORD-20260806-0001,2026-08-06,2026-08-06 14:31:00,SKU-1009,Phone Case,Accessories,Central,299,1,0.0,299,299.0
ORD-20260806-0002,2026-08-06,2026-08-06 23:20:00,SKU-1008,Backpack,Accessories,West,1499,3,15.0,4497,3822.45
ORD-20260806-0003,2026-08-06,2026-08-06 05:06:00,SKU-1006,Yoga Mat,Fitness,East,599,2,0.0,1198,1198.0
ORD-20260806-0004,2026-08-06,2026-08-06 19:14:00,SKU-1005,LED Desk Lamp,Furniture,West,899,1,0.0,899,899.0
ORD-20260806-0005,2026-08-06,2026-08-06 21:31:00,SKU-1004,Office Chair,Furniture,Central,5499,1,0.0,5499,5499.0
ORD-20260806-0006,2026-08-06,2026-08-06 03:01:00,SKU-1005,LED Desk Lamp,Furniture,South,899,2,0.0,1798,1798.0
ORD-20260806-0007,2026-08-06,2026-08-06 10:46:00,SKU-1003,Notebook Set,Stationery,East,249,1,0.0,249,249.0
ORD-20260806-0008,2026-08-06,2026-08-06 07:03:00,SKU-1002,Bluetooth Speaker,Electronics,Central,1999,1,0.0,1999,1999.0
ORD-20260806-0009,2026-08-06,2026-08-06 01:36:00,SKU-1004,Office Chair,Furniture,South,5499,2,15.0,10998,9348.3
ORD-20260806-0010,2026-08-06,2026-08-06 00:23:00,SKU-1006,Yoga Mat,Fitness,South,599,1,0.0,599,599.0
ORD-20260806-0011,2026-08-06,2026-08-06 14:53:00,SKU-1004,Office Chair,Furniture,West,5499,3,0.0,16497,16497.0
ORD-20260806-0012,2026-08-06,2026-08-06 21:36:00,SKU-1006,Yoga Mat,Fitness,West,599,2,10.0,1198,1078.2
ORD-20260806-0013,2026-08-06,2026-08-06 20:53:00,SKU-1002,Bluetooth Speaker,Electronics,Unknown,1999,1,0.0,1999,1999.0
ORD-20260806-0014,2026-08-06,2026-08-06 20:09:00,SKU-1006,Yoga Mat,Fitness,Unknown,599,2,0.0,1198,1198.0
ORD-20260806-0015,2026-08-06,2026-08-06 00:16:00,SKU-1005,LED Desk Lamp,Furniture,Central,899,1,0.0,899,899.0
ORD-20260806-0016,2026-08-06,2026-08-06 10:42:00,SKU-1010,USB-C Cable,Electronics,North,199,1,0.0,199,199.0
ORD-20260806-0017,2026-08-06,2026-08-06 04:59:00,SKU-1004,Office Chair,Furniture,Unknown,5499,1,10.0,5499,4949.1
ORD-20260806-0018,2026-08-06,2026-08-06 05:14:00,SKU-1008,Backpack,Accessories,Unknown,1499,1,0.0,1499,1499.0
ORD-20260806-0019,2026-08-06,2026-08-06 13:10:00,SKU-1009,Phone Case,Accessories,Unknown,299,2,0.0,598,598.0
ORD-20260806-0020,2026-08-06,2026-08-06 16:00:00,SKU-1006,Yoga Mat,Fitness,Central,599,2,0.0,1198,1198.0
ORD-20260806-0021,2026-08-06,2026-08-06 18:23:00,SKU-1008,Backpack,Accessories,North,1499,1,15.0,1499,1274.15
ORD-20260806-0022,2026-08-06,2026-08-06 08:52:00,SKU-1007,Water Bottle,Fitness,West,349,2,0.0,698,698.0
ORD-20260806-0023,2026-08-06,2026-08-06 20:38:00,SKU-1008,Backpack,Accessories,Central,1499,1,5.0,1499,1424.05
ORD-20260806-0024,2026-08-06,2026-08-06 17:10:00,SKU-1008,Backpack,Accessories,South,1499,1,0.0,1499,1499.0
ORD-20260806-0025,2026-08-06,2026-08-06 12:08:00,SKU-1007,Water Bottle,Fitness,Unknown,349,3,0.0,1047,1047.0
ORD-20260806-0026,2026-08-06,2026-08-06 18:28:00,SKU-1006,Yoga Mat,Fitness,South,599,1,0.0,599,599.0
ORD-20260806-0027,2026-08-06,2026-08-06 04:18:00,SKU-1008,Backpack,Accessories,North,1499,1,10.0,1499,1349.1
ORD-20260806-0028,2026-08-06,2026-08-06 17:06:00,SKU-1004,Office Chair,Furniture,West,5499,1,10.0,5499,4949.1
ORD-20260806-0029,2026-08-06,2026-08-06 10:18:00,SKU-1008,Backpack,Accessories,South,1499,1,0.0,1499,1499.0
ORD-20260806-0030,2026-08-06,2026-08-06 06:51:00,SKU-1005,LED Desk Lamp,Furniture,South,899,2,10.0,1798,1618.2
ORD-20260806-0031,2026-08-06,2026-08-06 07:56:00,SKU-1006,Yoga Mat,Fitness,South,599,1,0.0,599,599.0
ORD-20260806-0032,2026-08-06,2026-08-06 11:24:00,SKU-1008,Backpack,Accessories,North,1499,1,10.0,1499,1349.1
ORD-20260806-0033,2026-08-06,2026-08-06 07:32:00,SKU-1009,Phone Case,Accessories,Unknown,299,1,0.0,299,299.0
ORD-20260806-0034,2026-08-06,2026-08-06 19:24:00,SKU-1010,USB-C Cable,Electronics,North,199,1,0.0,199,199.0
ORD-20260806-0035,2026-08-06,2026-08-06 17:38:00,SKU-1008,Backpack,Accessories,Unknown,1499,2,0.0,2998,2998.0
ORD-20260806-0036,2026-08-06,2026-08-06 02:09:00,SKU-1006,Yoga Mat,Fitness,Central,599,2,10.0,1198,1078.2
ORD-20260806-0037,2026-08-06,2026-08-06 20:24:00,SKU-1010,USB-C Cable,Electronics,Unknown,199,1,15.0,199,169.15
ORD-20260806-0038,2026-08-06,2026-08-06 19:52:00,SKU-1007,Water Bottle,Fitness,Central,349,1,15.0,349,296.65
ORD-20260806-0039,2026-08-06,2026-08-06 15:06:00,SKU-1004,Office Chair,Furniture,West,5499,4,0.0,21996,21996.0
ORD-20260806-0040,2026-08-06,2026-08-06 21:34:00,SKU-1002,Bluetooth Speaker,Electronics,South,1999,1,10.0,1999,1799.1
ORD-20260806-0041,2026-08-06,2026-08-06 09:59:00,SKU-1004,Office Chair,Furniture,East,5499,2,10.0,10998,9898.2
ORD-20260806-0042,2026-08-06,2026-08-06 14:17:00,SKU-1009,Phone Case,Accessories,West,299,2,0.0,598,598.0
ORD-20260806-0043,2026-08-06,2026-08-06 03:52:00,SKU-1006,Yoga Mat,Fitness,South,599,1,0.0,599,599.0
ORD-20260806-0044,2026-08-06,2026-08-06 16:53:00,SKU-1004,Office Chair,Furniture,Central,5499,1,10.0,5499,4949.1
ORD-20260806-0045,2026-08-06,2026-08-06 18:21:00,SKU-1001,Wireless Mouse,Electronics,West,799,1,5.0,799,759.05
ORD-20260806-0046,2026-08-06,2026-08-06 01:58:00,SKU-1008,Backpack,Accessories,Unknown,1499,2,0.0,2998,2998.0
ORD-20260806-0047,2026-08-06,2026-08-06 07:27:00,SKU-1008,Backpack,Accessories,West,1499,2,0.0,2998,2998.0
ORD-20260806-0048,2026-08-06,2026-08-06 16:38:00,SKU-1001,Wireless Mouse,Electronics,North,799,2,5.0,1598,1518.1
ORD-20260806-0049,2026-08-06,2026-08-06 11:48:00,SKU-1002,Bluetooth Speaker,Electronics,East,1999,1,0.0,1999,1999.0
ORD-20260806-0050,2026-08-06,2026-08-06 14:22:00,SKU-1002,Bluetooth Speaker,Electronics,Unknown,1999,1,0.0,1999,1999.0
ORD-20260806-0051,2026-08-06,2026-08-06 10:42:00,SKU-1003,Notebook Set,Stationery,West,249,2,0.0,498,498.0
ORD-20260806-0052,2026-08-06,2026-08-06 06:53:00,SKU-1002,Bluetooth Speaker,Electronics,West,1999,1,0.0,1999,1999.0
ORD-20260806-0053,2026-08-06,2026-08-06 07:13:00,SKU-1003,Notebook Set,Stationery,East,249,3,0.0,747,747.0
ORD-20260806-0054,2026-08-06,2026-08-06 18:48:00,SKU-1001,Wireless Mouse,Electronics,East,799,2,10.0,1598,1438.2
ORD-20260806-0055,2026-08-06,2026-08-06 18:03:00,SKU-1010,USB-C Cable,Electronics,West,199,1,0.0,199,199.0
ORD-20260806-0056,2026-08-06,2026-08-06 14:41:00,SKU-1006,Yoga Mat,Fitness,South,599,1,0.0,599,599.0
ORD-20260806-0057,2026-08-06,2026-08-06 04:32:00,SKU-1003,Notebook Set,Stationery,Unknown,249,1,0.0,249,249.0
ORD-20260807-0000,2026-08-07,2026-08-07 21:39:00,SKU-1001,Wireless Mouse,Electronics,South,799,1,15.0,799,679.15
ORD-20260807-0001,2026-08-07,2026-08-07 20:17:00,SKU-1009,Phone Case,Accessories,Central,299,1,0.0,299,299.0
ORD-20260807-0002,2026-08-07,2026-08-07 09:16:00,SKU-1002,Bluetooth Speaker,Electronics,Unknown,1999,1,0.0,1999,1999.0
ORD-20260807-0003,2026-08-07,2026-08-07 02:02:00,SKU-1004,Office Chair,Furniture,South,5499,1,0.0,5499,5499.0
ORD-20260807-0004,2026-08-07,2026-08-07 16:53:00,SKU-1010,USB-C Cable,Electronics,West,199,1,0.0,199,199.0
ORD-20260807-0005,2026-08-07,2026-08-07 08:35:00,SKU-1004,Office Chair,Furniture,Unknown,5499,2,15.0,10998,9348.3
ORD-20260807-0006,2026-08-07,2026-08-07 16:43:00,SKU-1003,Notebook Set,Stationery,South,249,1,0.0,249,249.0
ORD-20260807-0007,2026-08-07,2026-08-07 08:17:00,SKU-1006,Yoga Mat,Fitness,West,599,3,5.0,1797,1707.15
ORD-20260807-0008,2026-08-07,2026-08-07 23:38:00,SKU-1003,Notebook Set,Stationery,East,249,2,0.0,498,498.0
ORD-20260807-0009,2026-08-07,2026-08-07 23:54:00,SKU-1001,Wireless Mouse,Electronics,Central,799,1,0.0,799,799.0
ORD-20260807-0010,2026-08-07,2026-08-07 01:22:00,SKU-1009,Phone Case,Accessories,Unknown,299,2,0.0,598,598.0
ORD-20260807-0011,2026-08-07,2026-08-07 03:01:00,SKU-1010,USB-C Cable,Electronics,Central,199,1,15.0,199,169.15
ORD-20260807-0012,2026-08-07,2026-08-07 20:47:00,SKU-1010,USB-C Cable,Electronics,North,199,1,0.0,199,199.0
ORD-20260807-0013,2026-08-07,2026-08-07 17:22:00,SKU-1006,Yoga Mat,Fitness,Central,599,1,15.0,599,509.15
ORD-20260807-0014,2026-08-07,2026-08-07 21:04:00,SKU-1005,LED Desk Lamp,Furniture,Central,899,1,0.0,899,899.0
ORD-20260807-0015,2026-08-07,2026-08-07 02:43:00,SKU-1002,Bluetooth Speaker,Electronics,South,1999,1,0.0,1999,1999.0
ORD-20260807-0016,2026-08-07,2026-08-07 13:52:00,SKU-1002,Bluetooth Speaker,Electronics,Central,1999,1,0.0,1999,1999.0
ORD-20260807-0017,2026-08-07,2026-08-07 23:59:00,SKU-1005,LED Desk Lamp,Furniture,West,899,2,10.0,1798,1618.2
ORD-20260807-0018,2026-08-07,2026-08-07 20:23:00,SKU-1001,Wireless Mouse,Electronics,East,799,2,10.0,1598,1438.2
ORD-20260807-0019,2026-08-07,2026-08-07 02:36:00,SKU-1001,Wireless Mouse,Electronics,East,799,3,10.0,2397,2157.3
ORD-20260807-0020,2026-08-07,2026-08-07 20:50:00,SKU-1007,Water Bottle,Fitness,Unknown,349,2,0.0,698,698.0
ORD-20260807-0021,2026-08-07,2026-08-07 15:31:00,SKU-1010,USB-C Cable,Electronics,North,199,1,0.0,199,199.0
ORD-20260807-0022,2026-08-07,2026-08-07 15:49:00,SKU-1010,USB-C Cable,Electronics,East,199,4,10.0,796,716.4
ORD-20260807-0023,2026-08-07,2026-08-07 07:08:00,SKU-1009,Phone Case,Accessories,North,299,4,15.0,1196,1016.6
ORD-20260807-0024,2026-08-07,2026-08-07 22:22:00,SKU-1010,USB-C Cable,Electronics,West,199,2,0.0,398,398.0
ORD-20260807-0025,2026-08-07,2026-08-07 00:25:00,SKU-1003,Notebook Set,Stationery,South,249,2,0.0,498,498.0
ORD-20260807-0026,2026-08-07,2026-08-07 22:10:00,SKU-1006,Yoga Mat,Fitness,West,599,3,10.0,1797,1617.3
ORD-20260807-0027,2026-08-07,2026-08-07 21:09:00,SKU-1002,Bluetooth Speaker,Electronics,North,1999,1,0.0,1999,1999.0
ORD-20260807-0028,2026-08-07,2026-08-07 08:29:00,SKU-1008,Backpack,Accessories,South,1499,1,0.0,1499,1499.0
ORD-20260807-0029,2026-08-07,2026-08-07 03:19:00,SKU-1005,LED Desk Lamp,Furniture,South,899,1,0.0,899,899.0
ORD-20260807-0030,2026-08-07,2026-08-07 12:27:00,SKU-1006,Yoga Mat,Fitness,Unknown,599,1,0.0,599,599.0
ORD-20260807-0031,2026-08-07,2026-08-07 23:05:00,SKU-1010,USB-C Cable,Electronics,Central,199,3,10.0,597,537.3
ORD-20260807-0032,2026-08-07,2026-08-07 00:37:00,SKU-1001,Wireless Mouse,Electronics,Unknown,799,1,0.0,799,799.0
ORD-20260807-0033,2026-08-07,2026-08-07 14:10:00,SKU-1001,Wireless Mouse,Electronics,East,799,4,0.0,3196,3196.0
ORD-20260807-0034,2026-08-07,2026-08-07 14:17:00,SKU-1009,Phone Case,Accessories,West,299,1,0.0,299,299.0
ORD-20260807-0035,2026-08-07,2026-08-07 13:54:00,SKU-1010,USB-C Cable,Electronics,North,199,3,0.0,597,597.0
ORD-20260807-0036,2026-08-07,2026-08-07 22:51:00,SKU-1007,Water Bottle,Fitness,Central,349,1,5.0,349,331.55
ORD-20260807-0037,2026-08-07,2026-08-07 02:45:00,SKU-1007,Water Bottle,Fitness,Central,349,1,0.0,349,349.0
ORD-20260807-0038,2026-08-07,2026-08-07 07:52:00,SKU-1004,Office Chair,Furniture,East,5499,2,0.0,10998,10998.0
ORD-20260807-0039,2026-08-07,2026-08-07 21:20:00,SKU-1006,Yoga Mat,Fitness,North,599,1,0.0,599,599.0
ORD-20260807-0040,2026-08-07,2026-08-07 23:12:00,SKU-1001,Wireless Mouse,Electronics,South,799,3,15.0,2397,2037.45
ORD-20260807-0041,2026-08-07,2026-08-07 01:18:00,SKU-1001,Wireless Mouse,Electronics,West,799,1,10.0,799,719.1
ORD-20260807-0042,2026-08-07,2026-08-07 06:25:00,SKU-1004,Office Chair,Furniture,North,5499,1,0.0,5499,5499.0
ORD-20260807-0043,2026-08-07,2026-08-07 00:08:00,SKU-1006,Yoga Mat,Fitness,Unknown,599,1,0.0,599,599.0
ORD-20260807-0044,2026-08-07,2026-08-07 20:01:00,SKU-1002,Bluetooth Speaker,Electronics,Unknown,1999,2,15.0,3998,3398.3
ORD-20260807-0045,2026-08-07,2026-08-07 15:49:00,SKU-1003,Notebook Set,Stationery,West,249,1,5.0,249,236.55
ORD-20260807-0046,2026-08-07,2026-08-07 04:45:00,SKU-1002,Bluetooth Speaker,Electronics,East,1999,1,0.0,1999,1999.0
ORD-20260807-0047,2026-08-07,2026-08-07 11:51:00,SKU-1009,Phone Case,Accessories,East,299,2,0.0,598,598.0
ORD-20260807-0048,2026-08-07,2026-08-07 05:00:00,SKU-1008,Backpack,Accessories,West,1499,1,0.0,1499,1499.0
ORD-20260807-0049,2026-08-07,2026-08-07 17:28:00,SKU-1001,Wireless Mouse,Electronics,West,799,1,0.0,799,799.0
ORD-20260807-0050,2026-08-07,2026-08-07 14:32:00,SKU-1002,Bluetooth Speaker,Electronics,North,1999,2,0.0,3998,3998.0
ORD-20260807-0051,2026-08-07,2026-08-07 18:40:00,SKU-1006,Yoga Mat,Fitness,Unknown,599,1,0.0,599,599.0
ORD-20260807-0052,2026-08-07,2026-08-07 09:55:00,SKU-1004,Office Chair,Furniture,North,5499,1,10.0,5499,4949.1
ORD-20260807-0053,2026-08-07,2026-08-07 12:19:00,SKU-1002,Bluetooth Speaker,Electronics,East,1999,2,0.0,3998,3998.0
ORD-20260807-0054,2026-08-07,2026-08-07 17:02:00,SKU-1007,Water Bottle,Fitness,Unknown,349,3,0.0,1047,1047.0
ORD-20260807-0055,2026-08-07,2026-08-07 03:39:00,SKU-1010,USB-C Cable,Electronics,West,199,1,0.0,199,199.0
ORD-20260807-0056,2026-08-07,2026-08-07 22:04:00,SKU-1003,Notebook Set,Stationery,Unknown,249,3,0.0,747,747.0
ORD-20260807-0057,2026-08-07,2026-08-07 23:52:00,SKU-1002,Bluetooth Speaker,Electronics,West,1999,1,0.0,1999,1999.0
ORD-20260807-0058,2026-08-07,2026-08-07 15:29:00,SKU-1005,LED Desk Lamp,Furniture,West,899,2,0.0,1798,1798.0
ORD-20260807-0059,2026-08-07,2026-08-07 14:48:00,SKU-1006,Yoga Mat,Fitness,East,599,4,0.0,2396,2396.0
ORD-20260807-0060,2026-08-07,2026-08-07 16:04:00,SKU-1009,Phone Case,Accessories,North,299,2,0.0,598,598.0
ORD-20260807-0061,2026-08-07,2026-08-07 20:52:00,SKU-1002,Bluetooth Speaker,Electronics,West,1999,4,0.0,7996,7996.0
ORD-20260807-0062,2026-08-07,2026-08-07 04:51:00,SKU-1007,Water Bottle,Fitness,North,349,1,10.0,349,314.1
ORD-20260807-0063,2026-08-07,2026-08-07 19:17:00,SKU-1005,LED Desk Lamp,Furniture,Unknown,899,2,10.0,1798,1618.2
ORD-20260807-0064,2026-08-07,2026-08-07 17:19:00,SKU-1005,LED Desk Lamp,Furniture,North,899,1,10.0,899,809.1
ORD-20260807-0065,2026-08-07,2026-08-07 15:08:00,SKU-1007,Water Bottle,Fitness,Unknown,349,1,5.0,349,331.55
ORD-20260807-0066,2026-08-07,2026-08-07 14:09:00,SKU-1002,Bluetooth Speaker,Electronics,North,1999,1,10.0,1999,1799.1
ORD-20260807-0067,2026-08-07,2026-08-07 03:42:00,SKU-1002,Bluetooth Speaker,Electronics,West,1999,1,5.0,1999,1899.05
ORD-20260807-0068,2026-08-07,2026-08-07 03:21:00,SKU-1007,Water Bottle,Fitness,Central,349,1,10.0,349,314.1
ORD-20260807-0069,2026-08-07,2026-08-07 03:30:00,SKU-1005,LED Desk Lamp,Furniture,North,899,2,15.0,1798,1528.3
ORD-20260808-0000,2026-08-08,2026-08-08 23:02:00,SKU-1007,Water Bottle,Fitness,Central,349,1,10.0,349,314.1
ORD-20260808-0001,2026-08-08,2026-08-08 09:23:00,SKU-1007,Water Bottle,Fitness,East,349,2,10.0,698,628.2
ORD-20260808-0002,2026-08-08,2026-08-08 07:39:00,SKU-1007,Water Bottle,Fitness,South,349,1,0.0,349,349.0
ORD-20260808-0003,2026-08-08,2026-08-08 22:27:00,SKU-1003,Notebook Set,Stationery,South,249,1,15.0,249,211.65
ORD-20260808-0004,2026-08-08,2026-08-08 00:43:00,SKU-1007,Water Bottle,Fitness,East,349,1,0.0,349,349.0
ORD-20260808-0005,2026-08-08,2026-08-08 07:37:00,SKU-1008,Backpack,Accessories,West,1499,1,0.0,1499,1499.0
ORD-20260808-0006,2026-08-08,2026-08-08 11:55:00,SKU-1008,Backpack,Accessories,North,1499,3,0.0,4497,4497.0
ORD-20260808-0007,2026-08-08,2026-08-08 01:29:00,SKU-1004,Office Chair,Furniture,Central,5499,1,0.0,5499,5499.0
ORD-20260808-0008,2026-08-08,2026-08-08 08:13:00,SKU-1010,USB-C Cable,Electronics,East,199,1,0.0,199,199.0
ORD-20260808-0009,2026-08-08,2026-08-08 13:11:00,SKU-1004,Office Chair,Furniture,South,5499,1,5.0,5499,5224.05
ORD-20260808-0010,2026-08-08,2026-08-08 05:38:00,SKU-1004,Office Chair,Furniture,North,5499,1,0.0,5499,5499.0
ORD-20260808-0011,2026-08-08,2026-08-08 21:27:00,SKU-1003,Notebook Set,Stationery,South,249,2,0.0,498,498.0
ORD-20260808-0012,2026-08-08,2026-08-08 14:13:00,SKU-1001,Wireless Mouse,Electronics,West,799,3,5.0,2397,2277.15
ORD-20260808-0013,2026-08-08,2026-08-08 02:13:00,SKU-1009,Phone Case,Accessories,North,299,2,0.0,598,598.0
ORD-20260808-0014,2026-08-08,2026-08-08 03:11:00,SKU-1008,Backpack,Accessories,East,1499,1,0.0,1499,1499.0
ORD-20260808-0015,2026-08-08,2026-08-08 17:27:00,SKU-1010,USB-C Cable,Electronics,West,199,2,10.0,398,358.2
ORD-20260808-0016,2026-08-08,2026-08-08 19:23:00,SKU-1010,USB-C Cable,Electronics,South,199,2,0.0,398,398.0
ORD-20260808-0017,2026-08-08,2026-08-08 06:50:00,SKU-1008,Backpack,Accessories,Unknown,1499,1,0.0,1499,1499.0
ORD-20260808-0018,2026-08-08,2026-08-08 20:16:00,SKU-1009,Phone Case,Accessories,Unknown,299,1,0.0,299,299.0
ORD-20260808-0019,2026-08-08,2026-08-08 10:09:00,SKU-1009,Phone Case,Accessories,North,299,3,5.0,897,852.15
ORD-20260808-0020,2026-08-08,2026-08-08 22:27:00,SKU-1008,Backpack,Accessories,East,1499,1,10.0,1499,1349.1
ORD-20260808-0021,2026-08-08,2026-08-08 12:28:00,SKU-1007,Water Bottle,Fitness,North,349,3,5.0,1047,994.65
ORD-20260808-0022,2026-08-08,2026-08-08 09:13:00,SKU-1005,LED Desk Lamp,Furniture,West,899,2,5.0,1798,1708.1
ORD-20260808-0023,2026-08-08,2026-08-08 08:13:00,SKU-1002,Bluetooth Speaker,Electronics,Unknown,1999,1,0.0,1999,1999.0
ORD-20260808-0024,2026-08-08,2026-08-08 07:32:00,SKU-1002,Bluetooth Speaker,Electronics,West,1999,1,0.0,1999,1999.0
ORD-20260808-0025,2026-08-08,2026-08-08 23:43:00,SKU-1006,Yoga Mat,Fitness,East,599,2,10.0,1198,1078.2
ORD-20260808-0026,2026-08-08,2026-08-08 13:13:00,SKU-1001,Wireless Mouse,Electronics,South,799,1,0.0,799,799.0
ORD-20260808-0027,2026-08-08,2026-08-08 01:01:00,SKU-1009,Phone Case,Accessories,South,299,4,0.0,1196,1196.0
ORD-20260808-0028,2026-08-08,2026-08-08 07:15:00,SKU-1001,Wireless Mouse,Electronics,East,799,2,5.0,1598,1518.1
ORD-20260808-0029,2026-08-08,2026-08-08 19:05:00,SKU-1006,Yoga Mat,Fitness,South,599,2,0.0,1198,1198.0
ORD-20260808-0030,2026-08-08,2026-08-08 04:21:00,SKU-1005,LED Desk Lamp,Furniture,South,899,1,0.0,899,899.0
ORD-20260808-0031,2026-08-08,2026-08-08 06:27:00,SKU-1008,Backpack,Accessories,Unknown,1499,3,0.0,4497,4497.0
ORD-20260808-0032,2026-08-08,2026-08-08 17:45:00,SKU-1009,Phone Case,Accessories,East,299,2,0.0,598,598.0
ORD-20260808-0033,2026-08-08,2026-08-08 07:02:00,SKU-1008,Backpack,Accessories,East,1499,1,0.0,1499,1499.0
ORD-20260808-0034,2026-08-08,2026-08-08 05:03:00,SKU-1007,Water Bottle,Fitness,East,349,1,0.0,349,349.0
ORD-20260808-0035,2026-08-08,2026-08-08 15:10:00,SKU-1002,Bluetooth Speaker,Electronics,South,1999,1,0.0,1999,1999.0
ORD-20260808-0036,2026-08-08,2026-08-08 16:39:00,SKU-1007,Water Bottle,Fitness,East,349,2,0.0,698,698.0
ORD-20260808-0037,2026-08-08,2026-08-08 20:54:00,SKU-1007,Water Bottle,Fitness,Unknown,349,1,0.0,349,349.0
ORD-20260808-0038,2026-08-08,2026-08-08 01:55:00,SKU-1006,Yoga Mat,Fitness,East,599,1,0.0,599,599.0
ORD-20260808-0039,2026-08-08,2026-08-08 04:51:00,SKU-1005,LED Desk Lamp,Furniture,Unknown,899,1,0.0,899,899.0
ORD-20260809-0000,2026-08-09,2026-08-09 19:34:00,SKU-1007,Water Bottle,Fitness,East,349,2,0.0,698,698.0
ORD-20260809-0001,2026-08-09,2026-08-09 17:46:00,SKU-1009,Phone Case,Accessories,Unknown,299,1,0.0,299,299.0
ORD-20260809-0002,2026-08-09,2026-08-09 00:07:00,SKU-1005,LED Desk Lamp,Furniture,Unknown,899,1,5.0,899,854.05
ORD-20260809-0003,2026-08-09,2026-08-09 20:08:00,SKU-1008,Backpack,Accessories,Central,1499,2,5.0,2998,2848.1
ORD-20260809-0004,2026-08-09,2026-08-09 15:26:00,SKU-1003,Notebook Set,Stationery,Unknown,249,2,5.0,498,473.1
ORD-20260809-0005,2026-08-09,2026-08-09 12:05:00,SKU-1007,Water Bottle,Fitness,South,349,3,0.0,1047,1047.0
ORD-20260809-0006,2026-08-09,2026-08-09 04:18:00,SKU-1008,Backpack,Accessories,South,1499,1,0.0,1499,1499.0
ORD-20260809-0007,2026-08-09,2026-08-09 06:52:00,SKU-1004,Office Chair,Furniture,West,5499,1,0.0,5499,5499.0
ORD-20260809-0008,2026-08-09,2026-08-09 15:49:00,SKU-1007,Water Bottle,Fitness,East,349,3,15.0,1047,889.95
ORD-20260809-0009,2026-08-09,2026-08-09 04:23:00,SKU-1010,USB-C Cable,Electronics,West,199,1,10.0,199,179.1
ORD-20260809-0010,2026-08-09,2026-08-09 09:51:00,SKU-1008,Backpack,Accessories,West,1499,1,0.0,1499,1499.0
ORD-20260809-0011,2026-08-09,2026-08-09 05:17:00,SKU-1007,Water Bottle,Fitness,North,349,2,15.0,698,593.3
ORD-20260809-0012,2026-08-09,2026-08-09 03:42:00,SKU-1007,Water Bottle,Fitness,South,349,1,0.0,349,349.0
ORD-20260809-0013,2026-08-09,2026-08-09 01:49:00,SKU-1003,Notebook Set,Stationery,North,249,1,10.0,249,224.1
ORD-20260809-0014,2026-08-09,2026-08-09 05:56:00,SKU-1008,Backpack,Accessories,South,1499,1,0.0,1499,1499.0
ORD-20260809-0015,2026-08-09,2026-08-09 02:54:00,SKU-1009,Phone Case,Accessories,Unknown,299,1,10.0,299,269.1
ORD-20260809-0016,2026-08-09,2026-08-09 14:12:00,SKU-1003,Notebook Set,Stationery,North,249,1,5.0,249,236.55
ORD-20260809-0017,2026-08-09,2026-08-09 06:34:00,SKU-1010,USB-C Cable,Electronics,Unknown,199,1,10.0,199,179.1
ORD-20260809-0018,2026-08-09,2026-08-09 20:41:00,SKU-1010,USB-C Cable,Electronics,Central,199,1,15.0,199,169.15
ORD-20260809-0019,2026-08-09,2026-08-09 15:48:00,SKU-1009,Phone Case,Accessories,West,299,2,0.0,598,598.0
ORD-20260809-0020,2026-08-09,2026-08-09 13:01:00,SKU-1007,Water Bottle,Fitness,South,349,1,5.0,349,331.55
ORD-20260809-0021,2026-08-09,2026-08-09 16:43:00,SKU-1008,Backpack,Accessories,North,1499,2,0.0,2998,2998.0
ORD-20260809-0022,2026-08-09,2026-08-09 12:04:00,SKU-1002,Bluetooth Speaker,Electronics,West,1999,2,0.0,3998,3998.0
ORD-20260809-0023,2026-08-09,2026-08-09 21:25:00,SKU-1005,LED Desk Lamp,Furniture,Central,899,2,0.0,1798,1798.0
ORD-20260809-0024,2026-08-09,2026-08-09 17:23:00,SKU-1009,Phone Case,Accessories,North,299,1,15.0,299,254.15
ORD-20260809-0025,2026-08-09,2026-08-09 07:40:00,SKU-1005,LED Desk Lamp,Furniture,South,899,1,5.0,899,854.05
ORD-20260809-0026,2026-08-09,2026-08-09 14:34:00,SKU-1008,Backpack,Accessories,West,1499,2,0.0,2998,2998.0
ORD-20260809-0027,2026-08-09,2026-08-09 11:51:00,SKU-1009,Phone Case,Accessories,West,299,1,5.0,299,284.05
ORD-20260809-0028,2026-08-09,2026-08-09 15:11:00,SKU-1006,Yoga Mat,Fitness,South,599,1,15.0,599,509.15
ORD-20260809-0029,2026-08-09,2026-08-09 06:28:00,SKU-1005,LED Desk Lamp,Furniture,Unknown,899,1,0.0,899,899.0
ORD-20260809-0030,2026-08-09,2026-08-09 09:46:00,SKU-1004,Office Chair,Furniture,South,5499,1,0.0,5499,5499.0
ORD-20260809-0031,2026-08-09,2026-08-09 04:53:00,SKU-1009,Phone Case,Accessories,Central,299,2,0.0,598,598.0
ORD-20260809-0032,2026-08-09,2026-08-09 04:31:00,SKU-1003,Notebook Set,Stationery,North,249,2,10.0,498,448.2
ORD-20260809-0033,2026-08-09,2026-08-09 17:13:00,SKU-1007,Water Bottle,Fitness,North,349,2,10.0,698,628.2
ORD-20260809-0034,2026-08-09,2026-08-09 04:20:00,SKU-1010,USB-C Cable,Electronics,West,199,2,0.0,398,398.0
ORD-20260809-0035,2026-08-09,2026-08-09 09:03:00,SKU-1005,LED Desk Lamp,Furniture,Unknown,899,1,0.0,899,899.0
ORD-20260809-0036,2026-08-09,2026-08-09 06:21:00,SKU-1008,Backpack,Accessories,North,1499,1,0.0,1499,1499.0
ORD-20260809-0037,2026-08-09,2026-08-09 18:37:00,SKU-1005,LED Desk Lamp,Furniture,East,899,1,0.0,899,899.0
ORD-20260809-0038,2026-08-09,2026-08-09 19:22:00,SKU-1010,USB-C Cable,Electronics,East,199,1,0.0,199,199.0
ORD-20260809-0039,2026-08-09,2026-08-09 15:57:00,SKU-1001,Wireless Mouse,Electronics,Central,799,1,0.0,799,799.0
ORD-20260809-0040,2026-08-09,2026-08-09 07:23:00,SKU-1007,Water Bottle,Fitness,Central,349,2,0.0,698,698.0
ORD-20260809-0041,2026-08-09,2026-08-09 11:33:00,SKU-1004,Office Chair,Furniture,East,5499,1,0.0,5499,5499.0
ORD-20260809-0042,2026-08-09,2026-08-09 11:46:00,SKU-1004,Office Chair,Furniture,Central,5499,2,0.0,10998,10998.0
ORD-20260809-0043,2026-08-09,2026-08-09 14:32:00,SKU-1003,Notebook Set,Stationery,Central,249,3,5.0,747,709.65
ORD-20260809-0044,2026-08-09,2026-08-09 06:37:00,SKU-1006,Yoga Mat,Fitness,West,599,1,0.0,599,599.0
ORD-20260809-0045,2026-08-09,2026-08-09 10:45:00,SKU-1001,Wireless Mouse,Electronics,East,799,2,10.0,1598,1438.2
ORD-20260809-0046,2026-08-09,2026-08-09 07:36:00,SKU-1009,Phone Case,Accessories,East,299,1,0.0,299,299.0
ORD-20260809-0047,2026-08-09,2026-08-09 21:13:00,SKU-1006,Yoga Mat,Fitness,South,599,1,15.0,599,509.15
ORD-20260810-0000,2026-08-10,2026-08-10 01:13:00,SKU-1009,Phone Case,Accessories,East,299,2,15.0,598,508.3
ORD-20260810-0001,2026-08-10,2026-08-10 06:28:00,SKU-1004,Office Chair,Furniture,Central,5499,1,15.0,5499,4674.15
ORD-20260810-0002,2026-08-10,2026-08-10 06:28:00,SKU-1005,LED Desk Lamp,Furniture,West,899,1,0.0,899,899.0
ORD-20260810-0003,2026-08-10,2026-08-10 10:29:00,SKU-1010,USB-C Cable,Electronics,Central,199,1,0.0,199,199.0
ORD-20260810-0004,2026-08-10,2026-08-10 12:58:00,SKU-1008,Backpack,Accessories,North,1499,1,0.0,1499,1499.0
ORD-20260810-0005,2026-08-10,2026-08-10 07:25:00,SKU-1008,Backpack,Accessories,West,1499,1,5.0,1499,1424.05
ORD-20260810-0006,2026-08-10,2026-08-10 23:51:00,SKU-1004,Office Chair,Furniture,West,5499,1,5.0,5499,5224.05
ORD-20260810-0007,2026-08-10,2026-08-10 03:20:00,SKU-1002,Bluetooth Speaker,Electronics,North,1999,2,0.0,3998,3998.0
ORD-20260810-0008,2026-08-10,2026-08-10 17:02:00,SKU-1009,Phone Case,Accessories,North,299,1,0.0,299,299.0
ORD-20260810-0009,2026-08-10,2026-08-10 23:31:00,SKU-1006,Yoga Mat,Fitness,Unknown,599,1,10.0,599,539.1
ORD-20260810-0010,2026-08-10,2026-08-10 16:47:00,SKU-1009,Phone Case,Accessories,Unknown,299,2,0.0,598,598.0
ORD-20260810-0011,2026-08-10,2026-08-10 18:43:00,SKU-1008,Backpack,Accessories,West,1499,1,15.0,1499,1274.15
ORD-20260810-0012,2026-08-10,2026-08-10 16:16:00,SKU-1010,USB-C Cable,Electronics,East,199,1,0.0,199,199.0
ORD-20260810-0013,2026-08-10,2026-08-10 09:48:00,SKU-1010,USB-C Cable,Electronics,Unknown,199,1,5.0,199,189.05
ORD-20260810-0014,2026-08-10,2026-08-10 14:13:00,SKU-1004,Office Chair,Furniture,West,5499,1,15.0,5499,4674.15
ORD-20260810-0015,2026-08-10,2026-08-10 17:29:00,SKU-1007,Water Bottle,Fitness,Central,349,2,0.0,698,698.0
ORD-20260810-0016,2026-08-10,2026-08-10 15:07:00,SKU-1001,Wireless Mouse,Electronics,South,799,1,15.0,799,679.15
ORD-20260810-0017,2026-08-10,2026-08-10 07:43:00,SKU-1007,Water Bottle,Fitness,Unknown,349,1,10.0,349,314.1
ORD-20260810-0018,2026-08-10,2026-08-10 18:10:00,SKU-1004,Office Chair,Furniture,East,5499,2,15.0,10998,9348.3
ORD-20260810-0019,2026-08-10,2026-08-10 09:36:00,SKU-1006,Yoga Mat,Fitness,North,599,2,5.0,1198,1138.1
ORD-20260810-0020,2026-08-10,2026-08-10 07:28:00,SKU-1008,Backpack,Accessories,Unknown,1499,1,10.0,1499,1349.1
ORD-20260810-0021,2026-08-10,2026-08-10 17:13:00,SKU-1001,Wireless Mouse,Electronics,East,799,1,15.0,799,679.15
ORD-20260810-0022,2026-08-10,2026-08-10 02:12:00,SKU-1010,USB-C Cable,Electronics,South,199,1,0.0,199,199.0
ORD-20260810-0023,2026-08-10,2026-08-10 08:09:00,SKU-1003,Notebook Set,Stationery,Unknown,249,2,15.0,498,423.3
ORD-20260810-0024,2026-08-10,2026-08-10 02:50:00,SKU-1002,Bluetooth Speaker,Electronics,West,1999,1,10.0,1999,1799.1
ORD-20260810-0025,2026-08-10,2026-08-10 14:00:00,SKU-1005,LED Desk Lamp,Furniture,North,899,1,0.0,899,899.0
ORD-20260810-0026,2026-08-10,2026-08-10 15:32:00,SKU-1008,Backpack,Accessories,South,1499,2,0.0,2998,2998.0
ORD-20260810-0027,2026-08-10,2026-08-10 17:17:00,SKU-1001,Wireless Mouse,Electronics,Unknown,799,2,0.0,1598,1598.0
ORD-20260810-0028,2026-08-10,2026-08-10 05:47:00,SKU-1001,Wireless Mouse,Electronics,West,799,1,10.0,799,719.1
ORD-20260810-0029,2026-08-10,2026-08-10 03:18:00,SKU-1002,Bluetooth Speaker,Electronics,North,1999,2,0.0,3998,3998.0
ORD-20260810-0030,2026-08-10,2026-08-10 21:42:00,SKU-1009,Phone Case,Accessories,North,299,2,5.0,598,568.1
ORD-20260810-0031,2026-08-10,2026-08-10 12:42:00,SKU-1003,Notebook Set,Stationery,Central,249,1,0.0,249,249.0
ORD-20260810-0032,2026-08-10,2026-08-10 12:02:00,SKU-1006,Yoga Mat,Fitness,East,599,1,15.0,599,509.15
ORD-20260810-0033,2026-08-10,2026-08-10 01:49:00,SKU-1002,Bluetooth Speaker,Electronics,East,1999,3,0.0,5997,5997.0
ORD-20260810-0034,2026-08-10,2026-08-10 02:32:00,SKU-1006,Yoga Mat,Fitness,South,599,1,10.0,599,539.1
ORD-20260810-0035,2026-08-10,2026-08-10 13:35:00,SKU-1003,Notebook Set,Stationery,Unknown,249,1,0.0,249,249.0
ORD-20260810-0036,2026-08-10,2026-08-10 17:20:00,SKU-1010,USB-C Cable,Electronics,West,199,1,15.0,199,169.15
ORD-20260810-0037,2026-08-10,2026-08-10 20:46:00,SKU-1003,Notebook Set,Stationery,Central,249,2,15.0,498,423.3
ORD-20260810-0038,2026-08-10,2026-08-10 12:43:00,SKU-1004,Office Chair,Furniture,Unknown,5499,4,5.0,21996,20896.2
ORD-20260810-0039,2026-08-10,2026-08-10 06:30:00,SKU-1001,Wireless Mouse,Electronics,South,799,3,5.0,2397,2277.15
ORD-20260810-0040,2026-08-10,2026-08-10 01:35:00,SKU-1009,Phone Case,Accessories,East,299,4,10.0,1196,1076.4
ORD-20260810-0041,2026-08-10,2026-08-10 17:26:00,SKU-1004,Office Chair,Furniture,South,5499,1,5.0,5499,5224.05
ORD-20260810-0042,2026-08-10,2026-08-10 13:44:00,SKU-1002,Bluetooth Speaker,Electronics,Central,1999,2,0.0,3998,3998.0
ORD-20260810-0043,2026-08-10,2026-08-10 01:34:00,SKU-1001,Wireless Mouse,Electronics,Central,799,2,0.0,1598,1598.0
ORD-20260810-0044,2026-08-10,2026-08-10 13:16:00,SKU-1002,Bluetooth Speaker,Electronics,West,1999,2,5.0,3998,3798.1
ORD-20260810-0045,2026-08-10,2026-08-10 10:39:00,SKU-1002,Bluetooth Speaker,Electronics,Central,1999,1,0.0,1999,1999.0
ORD-20260810-0046,2026-08-10,2026-08-10 00:02:00,SKU-1004,Office Chair,Furniture,South,5499,1,10.0,5499,4949.1
ORD-20260810-0047,2026-08-10,2026-08-10 16:46:00,SKU-1008,Backpack,Accessories,East,1499,1,0.0,1499,1499.0
ORD-20260810-0048,2026-08-10,2026-08-10 10:20:00,SKU-1008,Backpack,Accessories,South,1499,4,0.0,5996,5996.0
ORD-20260810-0049,2026-08-10,2026-08-10 02:29:00,SKU-1002,Bluetooth Speaker,Electronics,Unknown,1999,3,10.0,5997,5397.3
ORD-20260810-0050,2026-08-10,2026-08-10 04:31:00,SKU-1005,LED Desk Lamp,Furniture,South,899,1,0.0,899,899.0
ORD-20260810-0051,2026-08-10,2026-08-10 01:03:00,SKU-1005,LED Desk Lamp,Furniture,South,899,1,0.0,899,899.0
ORD-20260810-0052,2026-08-10,2026-08-10 08:43:00,SKU-1006,Yoga Mat,Fitness,Central,599,1,0.0,599,599.0
ORD-20260810-0053,2026-08-10,2026-08-10 16:53:00,SKU-1002,Bluetooth Speaker,Electronics,Central,1999,2,0.0,3998,3998.0
ORD-20260810-0054,2026-08-10,2026-08-10 03:00:00,SKU-1009,Phone Case,Accessories,East,299,1,5.0,299,284.05
ORD-20260810-0055,2026-08-10,2026-08-10 14:16:00,SKU-1004,Office Chair,Furniture,West,5499,2,15.0,10998,9348.3
ORD-20260810-0056,2026-08-10,2026-08-10 21:46:00,SKU-1003,Notebook Set,Stationery,East,249,2,5.0,498,473.1
ORD-20260810-0057,2026-08-10,2026-08-10 08:46:00,SKU-1010,USB-C Cable,Electronics,Central,199,3,0.0,597,597.0
ORD-20260810-0058,2026-08-10,2026-08-10 10:04:00,SKU-1010,USB-C Cable,Electronics,North,199,1,0.0,199,199.0
ORD-20260810-0059,2026-08-10,2026-08-10 16:48:00,SKU-1006,Yoga Mat,Fitness,South,599,2,0.0,1198,1198.0
ORD-20260810-0060,2026-08-10,2026-08-10 02:40:00,SKU-1004,Office Chair,Furniture,North,5499,2,5.0,10998,10448.1
ORD-20260810-0061,2026-08-10,2026-08-10 05:27:00,SKU-1010,USB-C Cable,Electronics,Central,199,1,0.0,199,199.0
ORD-20260810-0062,2026-08-10,2026-08-10 22:01:00,SKU-1007,Water Bottle,Fitness,South,349,1,0.0,349,349.0
ORD-20260810-0063,2026-08-10,2026-08-10 13:36:00,SKU-1004,Office Chair,Furniture,Unknown,5499,3,0.0,16497,16497.0
ORD-20260810-0064,2026-08-10,2026-08-10 08:52:00,SKU-1008,Backpack,Accessories,Central,1499,1,10.0,1499,1349.1
ORD-20260810-0065,2026-08-10,2026-08-10 13:39:00,SKU-1003,Notebook Set,Stationery,West,249,2,0.0,498,498.0
ORD-20260810-0066,2026-08-10,2026-08-10 21:05:00,SKU-1009,Phone Case,Accessories,Unknown,299,3,0.0,897,897.0
ORD-20260810-0067,2026-08-10,2026-08-10 20:11:00,SKU-1009,Phone Case,Accessories,Unknown,299,1,0.0,299,299.0
ORD-20260810-0068,2026-08-10,2026-08-10 11:35:00,SKU-1010,USB-C Cable,Electronics,Unknown,199,2,10.0,398,358.2
ORD-20260810-0069,2026-08-10,2026-08-10 06:21:00,SKU-1001,Wireless Mouse,Electronics,West,799,2,0.0,1598,1598.0
ORD-20260810-0070,2026-08-10,2026-08-10 02:26:00,SKU-1007,Water Bottle,Fitness,West,349,3,15.0,1047,889.95
ORD-20260810-0071,2026-08-10,2026-08-10 18:30:00,SKU-1004,Office Chair,Furniture,West,5499,1,15.0,5499,4674.15
ORD-20260810-0072,2026-08-10,2026-08-10 01:27:00,SKU-1001,Wireless Mouse,Electronics,East,799,1,0.0,799,799.0
ORD-20260810-0073,2026-08-10,2026-08-10 16:46:00,SKU-1002,Bluetooth Speaker,Electronics,Unknown,1999,2,15.0,3998,3398.3
ORD-20260810-0074,2026-08-10,2026-08-10 08:36:00,SKU-1005,LED Desk Lamp,Furniture,East,899,1,15.0,899,764.15
ORD-20260810-0075,2026-08-10,2026-08-10 06:22:00,SKU-1002,Bluetooth Speaker,Electronics,East,1999,1,15.0,1999,1699.15
ORD-20260810-0076,2026-08-10,2026-08-10 20:06:00,SKU-1006,Yoga Mat,Fitness,Central,599,1,0.0,599,599.0
ORD-20260810-0077,2026-08-10,2026-08-10 16:16:00,SKU-1010,USB-C Cable,Electronics,West,199,3,0.0,597,597.0
ORD-20260810-0078,2026-08-10,2026-08-10 13:57:00,SKU-1002,Bluetooth Speaker,Electronics,Central,1999,1,10.0,1999,1799.1
ORD-20260810-0079,2026-08-10,2026-08-10 17:46:00,SKU-1001,Wireless Mouse,Electronics,East,799,1,10.0,799,719.1
ORD-20260810-0080,2026-08-10,2026-08-10 17:50:00,SKU-1006,Yoga Mat,Fitness,North,599,1,0.0,599,599.0
ORD-20260810-0081,2026-08-10,2026-08-10 17:26:00,SKU-1008,Backpack,Accessories,East,1499,1,5.0,1499,1424.05
ORD-20260810-0082,2026-08-10,2026-08-10 07:28:00,SKU-1008,Backpack,Accessories,West,1499,1,10.0,1499,1349.1
ORD-20260810-0083,2026-08-10,2026-08-10 01:41:00,SKU-1003,Notebook Set,Stationery,North,249,1,0.0,249,249.0
ORD-20260810-0084,2026-08-10,2026-08-10 15:04:00,SKU-1006,Yoga Mat,Fitness,North,599,2,10.0,1198,1078.2
ORD-20260810-0085,2026-08-10,2026-08-10 04:01:00,SKU-1008,Backpack,Accessories,North,1499,1,0.0,1499,1499.0
ORD-20260810-0086,2026-08-10,2026-08-10 05:33:00,SKU-1008,Backpack,Accessories,South,1499,1,0.0,1499,1499.0
ORD-20260810-0087,2026-08-10,2026-08-10 00:16:00,SKU-1007,Water Bottle,Fitness,West,349,1,10.0,349,314.1
ORD-20260810-0088,2026-08-10,2026-08-10 20:08:00,SKU-1003,Notebook Set,Stationery,Unknown,249,1,0.0,249,249.0
ORD-20260810-0089,2026-08-10,2026-08-10 02:07:00,SKU-1009,Phone Case,Accessories,Central,299,1,0.0,299,299.0
ORD-20260810-0090,2026-08-10,2026-08-10 03:57:00,SKU-1002,Bluetooth Speaker,Electronics,South,1999,2,0.0,3998,3998.0
ORD-20260810-0091,2026-08-10,2026-08-10 14:01:00,SKU-1009,Phone Case,Accessories,Unknown,299,1,15.0,299,254.15
ORD-20260810-0092,2026-08-10,2026-08-10 14:02:00,SKU-1007,Water Bottle,Fitness,East,349,2,0.0,698,698.0
ORD-20260810-0093,2026-08-10,2026-08-10 09:14:00,SKU-1010,USB-C Cable,Electronics,East,199,1,0.0,199,199.0
ORD-20260810-0094,2026-08-10,2026-08-10 17:57:00,SKU-1010,USB-C Cable,Electronics,North,199,3,15.0,597,507.45
ORD-20260810-0095,2026-08-10,2026-08-10 20:09:00,SKU-1009,Phone Case,Accessories,Central,299,1,0.0,299,299.0
ORD-20260810-0096,2026-08-10,2026-08-10 17:57:00,SKU-1002,Bluetooth Speaker,Electronics,Unknown,1999,1,0.0,1999,1999.0
ORD-20260810-0097,2026-08-10,2026-08-10 03:37:00,SKU-1006,Yoga Mat,Fitness,East,599,1,10.0,599,539.1
ORD-20260810-0098,2026-08-10,2026-08-10 02:08:00,SKU-1009,Phone Case,Accessories,West,299,1,0.0,299,299.0
ORD-20260810-0099,2026-08-10,2026-08-10 14:35:00,SKU-1008,Backpack,Accessories,North,1499,1,0.0,1499,1499.0
ORD-20260810-0100,2026-08-10,2026-08-10 15:57:00,SKU-1004,Office Chair,Furniture,Central,5499,1,5.0,5499,5224.05
ORD-20260810-0101,2026-08-10,2026-08-10 13:29:00,SKU-1004,Office Chair,Furniture,West,5499,1,15.0,5499,4674.15
ORD-20260810-0102,2026-08-10,2026-08-10 11:34:00,SKU-1007,Water Bottle,Fitness,South,349,4,10.0,1396,1256.4
ORD-20260810-0103,2026-08-10,2026-08-10 10:01:00,SKU-1005,LED Desk Lamp,Furniture,East,899,1,10.0,899,809.1
ORD-20260810-0104,2026-08-10,2026-08-10 05:02:00,SKU-1006,Yoga Mat,Fitness,East,599,4,5.0,2396,2276.2
ORD-20260810-0105,2026-08-10,2026-08-10 04:17:00,SKU-1008,Backpack,Accessories,Unknown,1499,4,10.0,5996,5396.4
ORD-20260810-0106,2026-08-10,2026-08-10 15:38:00,SKU-1010,USB-C Cable,Electronics,North,199,1,0.0,199,199.0
ORD-20260810-0107,2026-08-10,2026-08-10 21:17:00,SKU-1007,Water Bottle,Fitness,East,349,1,0.0,349,349.0
ORD-20260810-0108,2026-08-10,2026-08-10 11:49:00,SKU-1005,LED Desk Lamp,Furniture,Central,899,2,0.0,1798,1798.0
ORD-20260811-0000,2026-08-11,2026-08-11 16:58:00,SKU-1003,Notebook Set,Stationery,East,249,2,0.0,498,498.0
ORD-20260811-0001,2026-08-11,2026-08-11 10:09:00,SKU-1004,Office Chair,Furniture,North,5499,1,0.0,5499,5499.0
ORD-20260811-0002,2026-08-11,2026-08-11 19:41:00,SKU-1008,Backpack,Accessories,West,1499,1,0.0,1499,1499.0
ORD-20260811-0003,2026-08-11,2026-08-11 14:40:00,SKU-1010,USB-C Cable,Electronics,West,199,2,5.0,398,378.1
ORD-20260811-0004,2026-08-11,2026-08-11 12:01:00,SKU-1002,Bluetooth Speaker,Electronics,Central,1999,1,0.0,1999,1999.0
ORD-20260811-0005,2026-08-11,2026-08-11 08:36:00,SKU-1006,Yoga Mat,Fitness,East,599,2,10.0,1198,1078.2
ORD-20260811-0006,2026-08-11,2026-08-11 08:32:00,SKU-1003,Notebook Set,Stationery,Central,249,1,0.0,249,249.0
ORD-20260811-0007,2026-08-11,2026-08-11 19:16:00,SKU-1004,Office Chair,Furniture,North,5499,2,10.0,10998,9898.2
ORD-20260811-0008,2026-08-11,2026-08-11 07:57:00,SKU-1007,Water Bottle,Fitness,South,349,1,5.0,349,331.55
ORD-20260811-0009,2026-08-11,2026-08-11 05:55:00,SKU-1004,Office Chair,Furniture,Central,5499,1,0.0,5499,5499.0
ORD-20260811-0010,2026-08-11,2026-08-11 13:24:00,SKU-1009,Phone Case,Accessories,North,299,4,0.0,1196,1196.0
ORD-20260811-0011,2026-08-11,2026-08-11 07:40:00,SKU-1010,USB-C Cable,Electronics,South,199,1,0.0,199,199.0
ORD-20260811-0012,2026-08-11,2026-08-11 19:27:00,SKU-1002,Bluetooth Speaker,Electronics,Unknown,1999,3,10.0,5997,5397.3
ORD-20260811-0013,2026-08-11,2026-08-11 14:59:00,SKU-1009,Phone Case,Accessories,Central,299,1,5.0,299,284.05
ORD-20260811-0014,2026-08-11,2026-08-11 02:41:00,SKU-1006,Yoga Mat,Fitness,Central,599,2,0.0,1198,1198.0
ORD-20260811-0015,2026-08-11,2026-08-11 22:19:00,SKU-1006,Yoga Mat,Fitness,West,599,1,0.0,599,599.0
ORD-20260811-0016,2026-08-11,2026-08-11 16:37:00,SKU-1009,Phone Case,Accessories,South,299,2,15.0,598,508.3
ORD-20260811-0017,2026-08-11,2026-08-11 20:43:00,SKU-1005,LED Desk Lamp,Furniture,West,899,1,0.0,899,899.0
ORD-20260811-0018,2026-08-11,2026-08-11 20:04:00,SKU-1007,Water Bottle,Fitness,East,349,1,0.0,349,349.0
ORD-20260811-0019,2026-08-11,2026-08-11 20:04:00,SKU-1004,Office Chair,Furniture,Unknown,5499,1,10.0,5499,4949.1
ORD-20260811-0020,2026-08-11,2026-08-11 06:08:00,SKU-1001,Wireless Mouse,Electronics,South,799,4,0.0,3196,3196.0
ORD-20260811-0021,2026-08-11,2026-08-11 10:40:00,SKU-1010,USB-C Cable,Electronics,Unknown,199,1,15.0,199,169.15
ORD-20260811-0022,2026-08-11,2026-08-11 14:41:00,SKU-1009,Phone Case,Accessories,North,299,1,0.0,299,299.0
ORD-20260811-0023,2026-08-11,2026-08-11 01:46:00,SKU-1007,Water Bottle,Fitness,West,349,1,0.0,349,349.0
ORD-20260811-0024,2026-08-11,2026-08-11 22:52:00,SKU-1004,Office Chair,Furniture,West,5499,1,0.0,5499,5499.0
ORD-20260811-0025,2026-08-11,2026-08-11 10:21:00,SKU-1006,Yoga Mat,Fitness,West,599,1,5.0,599,569.05
ORD-20260811-0026,2026-08-11,2026-08-11 14:54:00,SKU-1005,LED Desk Lamp,Furniture,North,899,1,15.0,899,764.15
ORD-20260811-0027,2026-08-11,2026-08-11 22:06:00,SKU-1007,Water Bottle,Fitness,East,349,1,15.0,349,296.65
ORD-20260811-0028,2026-08-11,2026-08-11 08:28:00,SKU-1003,Notebook Set,Stationery,Central,249,1,5.0,249,236.55
ORD-20260811-0029,2026-08-11,2026-08-11 15:19:00,SKU-1009,Phone Case,Accessories,North,299,1,0.0,299,299.0
ORD-20260811-0030,2026-08-11,2026-08-11 07:45:00,SKU-1007,Water Bottle,Fitness,South,349,3,5.0,1047,994.65
ORD-20260811-0031,2026-08-11,2026-08-11 01:57:00,SKU-1009,Phone Case,Accessories,North,299,1,5.0,299,284.05
ORD-20260811-0032,2026-08-11,2026-08-11 15:48:00,SKU-1010,USB-C Cable,Electronics,Central,199,2,0.0,398,398.0
ORD-20260811-0033,2026-08-11,2026-08-11 07:54:00,SKU-1003,Notebook Set,Stationery,Unknown,249,2,10.0,498,448.2
ORD-20260811-0034,2026-08-11,2026-08-11 15:26:00,SKU-1010,USB-C Cable,Electronics,North,199,1,5.0,199,189.05
ORD-20260811-0035,2026-08-11,2026-08-11 12:56:00,SKU-1006,Yoga Mat,Fitness,North,599,3,5.0,1797,1707.15
ORD-20260811-0036,2026-08-11,2026-08-11 02:01:00,SKU-1010,USB-C Cable,Electronics,East,199,1,0.0,199,199.0
ORD-20260811-0037,2026-08-11,2026-08-11 07:48:00,SKU-1010,USB-C Cable,Electronics,Central,199,1,10.0,199,179.1
ORD-20260811-0038,2026-08-11,2026-08-11 20:01:00,SKU-1003,Notebook Set,Stationery,East,249,1,0.0,249,249.0
ORD-20260811-0039,2026-08-11,2026-08-11 16:07:00,SKU-1010,USB-C Cable,Electronics,North,199,1,10.0,199,179.1
ORD-20260811-0040,2026-08-11,2026-08-11 17:40:00,SKU-1007,Water Bottle,Fitness,Central,349,1,10.0,349,314.1
ORD-20260811-0041,2026-08-11,2026-08-11 12:15:00,SKU-1004,Office Chair,Furniture,West,5499,1,5.0,5499,5224.05
ORD-20260811-0042,2026-08-11,2026-08-11 10:33:00,SKU-1006,Yoga Mat,Fitness,Unknown,599,1,0.0,599,599.0
ORD-20260811-0043,2026-08-11,2026-08-11 09:16:00,SKU-1006,Yoga Mat,Fitness,West,599,2,0.0,1198,1198.0
ORD-20260811-0044,2026-08-11,2026-08-11 01:17:00,SKU-1006,Yoga Mat,Fitness,East,599,2,0.0,1198,1198.0
ORD-20260811-0045,2026-08-11,2026-08-11 04:18:00,SKU-1010,USB-C Cable,Electronics,South,199,1,15.0,199,169.15
ORD-20260811-0046,2026-08-11,2026-08-11 09:55:00,SKU-1002,Bluetooth Speaker,Electronics,Central,1999,1,10.0,1999,1799.1
ORD-20260811-0047,2026-08-11,2026-08-11 20:09:00,SKU-1006,Yoga Mat,Fitness,Central,599,2,0.0,1198,1198.0
ORD-20260811-0048,2026-08-11,2026-08-11 01:31:00,SKU-1004,Office Chair,Furniture,West,5499,1,0.0,5499,5499.0
ORD-20260811-0049,2026-08-11,2026-08-11 15:34:00,SKU-1006,Yoga Mat,Fitness,West,599,1,0.0,599,599.0
ORD-20260811-0050,2026-08-11,2026-08-11 12:53:00,SKU-1001,Wireless Mouse,Electronics,South,799,1,10.0,799,719.1
ORD-20260811-0051,2026-08-11,2026-08-11 15:35:00,SKU-1003,Notebook Set,Stationery,Central,249,1,10.0,249,224.1
ORD-20260811-0052,2026-08-11,2026-08-11 09:45:00,SKU-1002,Bluetooth Speaker,Electronics,North,1999,1,0.0,1999,1999.0
ORD-20260811-0053,2026-08-11,2026-08-11 17:03:00,SKU-1005,LED Desk Lamp,Furniture,Central,899,2,10.0,1798,1618.2
ORD-20260811-0054,2026-08-11,2026-08-11 07:16:00,SKU-1004,Office Chair,Furniture,East,5499,3,5.0,16497,15672.15
ORD-20260811-0055,2026-08-11,2026-08-11 00:53:00,SKU-1003,Notebook Set,Stationery,South,249,2,0.0,498,498.0
ORD-20260811-0056,2026-08-11,2026-08-11 22:46:00,SKU-1009,Phone Case,Accessories,Central,299,2,0.0,598,598.0
ORD-20260811-0057,2026-08-11,2026-08-11 10:36:00,SKU-1005,LED Desk Lamp,Furniture,West,899,1,0.0,899,899.0
ORD-20260811-0058,2026-08-11,2026-08-11 01:35:00,SKU-1005,LED Desk Lamp,Furniture,South,899,1,0.0,899,899.0
ORD-20260811-0059,2026-08-11,2026-08-11 07:17:00,SKU-1009,Phone Case,Accessories,West,299,1,15.0,299,254.15
ORD-20260811-0060,2026-08-11,2026-08-11 08:32:00,SKU-1003,Notebook Set,Stationery,Unknown,249,1,0.0,249,249.0
ORD-20260811-0061,2026-08-11,2026-08-11 18:21:00,SKU-1001,Wireless Mouse,Electronics,Central,799,2,0.0,1598,1598.0
ORD-20260811-0062,2026-08-11,2026-08-11 22:19:00,SKU-1007,Water Bottle,Fitness,East,349,1,10.0,349,314.1
ORD-20260811-0063,2026-08-11,2026-08-11 12:37:00,SKU-1004,Office Chair,Furniture,Unknown,5499,2,0.0,10998,10998.0
ORD-20260811-0064,2026-08-11,2026-08-11 21:13:00,SKU-1003,Notebook Set,Stationery,South,249,1,0.0,249,249.0
ORD-20260811-0065,2026-08-11,2026-08-11 10:31:00,SKU-1004,Office Chair,Furniture,South,5499,1,0.0,5499,5499.0
ORD-20260811-0066,2026-08-11,2026-08-11 12:22:00,SKU-1004,Office Chair,Furniture,West,5499,2,0.0,10998,10998.0
ORD-20260811-0067,2026-08-11,2026-08-11 08:20:00,SKU-1001,Wireless Mouse,Electronics,West,799,1,10.0,799,719.1
ORD-20260811-0068,2026-08-11,2026-08-11 14:02:00,SKU-1008,Backpack,Accessories,West,1499,1,0.0,1499,1499.0
ORD-20260811-0069,2026-08-11,2026-08-11 12:26:00,SKU-1008,Backpack,Accessories,Central,1499,1,0.0,1499,1499.0
ORD-20260811-0070,2026-08-11,2026-08-11 21:25:00,SKU-1002,Bluetooth Speaker,Electronics,Central,1999,1,5.0,1999,1899.05
ORD-20260811-0071,2026-08-11,2026-08-11 20:06:00,SKU-1008,Backpack,Accessories,West,1499,1,0.0,1499,1499.0
ORD-20260811-0072,2026-08-11,2026-08-11 05:30:00,SKU-1003,Notebook Set,Stationery,North,249,1,0.0,249,249.0
ORD-20260811-0073,2026-08-11,2026-08-11 05:21:00,SKU-1002,Bluetooth Speaker,Electronics,Unknown,1999,1,0.0,1999,1999.0
ORD-20260811-0074,2026-08-11,2026-08-11 06:58:00,SKU-1002,Bluetooth Speaker,Electronics,East,1999,1,10.0,1999,1799.1
ORD-20260811-0075,2026-08-11,2026-08-11 15:03:00,SKU-1010,USB-C Cable,Electronics,North,199,2,0.0,398,398.0
ORD-20260811-0076,2026-08-11,2026-08-11 11:09:00,SKU-1004,Office Chair,Furniture,West,5499,2,0.0,10998,10998.0
ORD-20260811-0077,2026-08-11,2026-08-11 04:39:00,SKU-1003,Notebook Set,Stationery,South,249,1,15.0,249,211.65
ORD-20260811-0078,2026-08-11,2026-08-11 06:16:00,SKU-1008,Backpack,Accessories,Central,1499,1,15.0,1499,1274.15
ORD-20260811-0079,2026-08-11,2026-08-11 02:32:00,SKU-1010,USB-C Cable,Electronics,South,199,1,0.0,199,199.0
ORD-20260811-0080,2026-08-11,2026-08-11 17:48:00,SKU-1004,Office Chair,Furniture,Central,5499,1,15.0,5499,4674.15
ORD-20260811-0081,2026-08-11,2026-08-11 21:59:00,SKU-1010,USB-C Cable,Electronics,West,199,2,5.0,398,378.1
ORD-20260811-0082,2026-08-11,2026-08-11 18:43:00,SKU-1006,Yoga Mat,Fitness,East,599,1,10.0,599,539.1
ORD-20260811-0083,2026-08-11,2026-08-11 13:17:00,SKU-1003,Notebook Set,Stationery,North,249,1,10.0,249,224.1
ORD-20260811-0084,2026-08-11,2026-08-11 12:45:00,SKU-1005,LED Desk Lamp,Furniture,Central,899,1,5.0,899,854.05
ORD-20260811-0085,2026-08-11,2026-08-11 23:01:00,SKU-1006,Yoga Mat,Fitness,East,599,1,0.0,599,599.0
ORD-20260811-0086,2026-08-11,2026-08-11 04:46:00,SKU-1007,Water Bottle,Fitness,Central,349,1,0.0,349,349.0
ORD-20260811-0087,2026-08-11,2026-08-11 04:45:00,SKU-1010,USB-C Cable,Electronics,North,199,1,5.0,199,189.05
ORD-20260811-0088,2026-08-11,2026-08-11 17:40:00,SKU-1010,USB-C Cable,Electronics,Central,199,2,0.0,398,398.0
ORD-20260811-0089,2026-08-11,2026-08-11 08:33:00,SKU-1005,LED Desk Lamp,Furniture,South,899,2,0.0,1798,1798.0
ORD-20260811-0090,2026-08-11,2026-08-11 14:45:00,SKU-1008,Backpack,Accessories,West,1499,1,0.0,1499,1499.0
ORD-20260811-0091,2026-08-11,2026-08-11 13:34:00,SKU-1006,Yoga Mat,Fitness,Unknown,599,1,10.0,599,539.1
ORD-20260812-0000,2026-08-12,2026-08-12 22:24:00,SKU-1005,LED Desk Lamp,Furniture,Unknown,899,4,10.0,3596,3236.4
ORD-20260812-0001,2026-08-12,2026-08-12 23:13:00,SKU-1002,Bluetooth Speaker,Electronics,East,1999,1,0.0,1999,1999.0
ORD-20260812-0002,2026-08-12,2026-08-12 08:35:00,SKU-1003,Notebook Set,Stationery,North,249,2,0.0,498,498.0
ORD-20260812-0003,2026-08-12,2026-08-12 19:25:00,SKU-1004,Office Chair,Furniture,Unknown,5499,2,0.0,10998,10998.0
ORD-20260812-0004,2026-08-12,2026-08-12 00:21:00,SKU-1005,LED Desk Lamp,Furniture,Central,899,1,0.0,899,899.0
ORD-20260812-0005,2026-08-12,2026-08-12 11:45:00,SKU-1010,USB-C Cable,Electronics,Central,199,1,0.0,199,199.0
ORD-20260812-0006,2026-08-12,2026-08-12 19:14:00,SKU-1009,Phone Case,Accessories,West,299,1,0.0,299,299.0
ORD-20260812-0007,2026-08-12,2026-08-12 15:27:00,SKU-1008,Backpack,Accessories,Unknown,1499,1,0.0,1499,1499.0
ORD-20260812-0008,2026-08-12,2026-08-12 23:22:00,SKU-1003,Notebook Set,Stationery,Central,249,1,0.0,249,249.0
ORD-20260812-0009,2026-08-12,2026-08-12 02:14:00,SKU-1004,Office Chair,Furniture,Central,5499,1,0.0,5499,5499.0
ORD-20260812-0010,2026-08-12,2026-08-12 01:08:00,SKU-1009,Phone Case,Accessories,Central,299,1,0.0,299,299.0
ORD-20260812-0011,2026-08-12,2026-08-12 16:34:00,SKU-1005,LED Desk Lamp,Furniture,Unknown,899,1,0.0,899,899.0
ORD-20260812-0012,2026-08-12,2026-08-12 17:58:00,SKU-1007,Water Bottle,Fitness,South,349,1,0.0,349,349.0
ORD-20260812-0013,2026-08-12,2026-08-12 05:08:00,SKU-1002,Bluetooth Speaker,Electronics,Unknown,1999,4,0.0,7996,7996.0
ORD-20260812-0014,2026-08-12,2026-08-12 04:01:00,SKU-1001,Wireless Mouse,Electronics,East,799,1,5.0,799,759.05
ORD-20260812-0015,2026-08-12,2026-08-12 08:49:00,SKU-1008,Backpack,Accessories,Unknown,1499,1,10.0,1499,1349.1
ORD-20260812-0016,2026-08-12,2026-08-12 15:57:00,SKU-1005,LED Desk Lamp,Furniture,West,899,2,5.0,1798,1708.1
ORD-20260812-0017,2026-08-12,2026-08-12 07:03:00,SKU-1007,Water Bottle,Fitness,West,349,2,5.0,698,663.1
ORD-20260812-0018,2026-08-12,2026-08-12 08:26:00,SKU-1007,Water Bottle,Fitness,North,349,1,10.0,349,314.1
ORD-20260812-0019,2026-08-12,2026-08-12 11:45:00,SKU-1005,LED Desk Lamp,Furniture,North,899,1,0.0,899,899.0
ORD-20260812-0020,2026-08-12,2026-08-12 17:18:00,SKU-1002,Bluetooth Speaker,Electronics,Central,1999,1,10.0,1999,1799.1
ORD-20260812-0021,2026-08-12,2026-08-12 08:18:00,SKU-1001,Wireless Mouse,Electronics,South,799,1,0.0,799,799.0
ORD-20260812-0022,2026-08-12,2026-08-12 06:46:00,SKU-1003,Notebook Set,Stationery,Central,249,2,0.0,498,498.0
ORD-20260812-0023,2026-08-12,2026-08-12 22:31:00,SKU-1001,Wireless Mouse,Electronics,South,799,1,15.0,799,679.15
ORD-20260812-0024,2026-08-12,2026-08-12 07:30:00,SKU-1010,USB-C Cable,Electronics,West,199,3,5.0,597,567.15
ORD-20260812-0025,2026-08-12,2026-08-12 12:36:00,SKU-1009,Phone Case,Accessories,Unknown,299,2,5.0,598,568.1
ORD-20260812-0026,2026-08-12,2026-08-12 10:15:00,SKU-1009,Phone Case,Accessories,Unknown,299,1,10.0,299,269.1
ORD-20260812-0027,2026-08-12,2026-08-12 04:25:00,SKU-1001,Wireless Mouse,Electronics,North,799,3,0.0,2397,2397.0
ORD-20260812-0028,2026-08-12,2026-08-12 15:10:00,SKU-1009,Phone Case,Accessories,North,299,1,0.0,299,299.0
ORD-20260812-0029,2026-08-12,2026-08-12 11:20:00,SKU-1008,Backpack,Accessories,West,1499,1,0.0,1499,1499.0
ORD-20260812-0030,2026-08-12,2026-08-12 08:23:00,SKU-1002,Bluetooth Speaker,Electronics,South,1999,2,0.0,3998,3998.0
ORD-20260812-0031,2026-08-12,2026-08-12 01:16:00,SKU-1007,Water Bottle,Fitness,East,349,1,0.0,349,349.0
ORD-20260812-0032,2026-08-12,2026-08-12 03:51:00,SKU-1003,Notebook Set,Stationery,East,249,1,5.0,249,236.55
ORD-20260812-0033,2026-08-12,2026-08-12 05:57:00,SKU-1008,Backpack,Accessories,Unknown,1499,1,0.0,1499,1499.0
ORD-20260812-0034,2026-08-12,2026-08-12 02:11:00,SKU-1002,Bluetooth Speaker,Electronics,South,1999,1,0.0,1999,1999.0
ORD-20260812-0035,2026-08-12,2026-08-12 11:15:00,SKU-1006,Yoga Mat,Fitness,Central,599,2,0.0,1198,1198.0
ORD-20260812-0036,2026-08-12,2026-08-12 16:19:00,SKU-1009,Phone Case,Accessories,West,299,2,0.0,598,598.0
ORD-20260812-0037,2026-08-12,2026-08-12 23:44:00,SKU-1002,Bluetooth Speaker,Electronics,North,1999,1,10.0,1999,1799.1
ORD-20260812-0038,2026-08-12,2026-08-12 18:56:00,SKU-1008,Backpack,Accessories,West,1499,1,10.0,1499,1349.1
ORD-20260812-0039,2026-08-12,2026-08-12 10:40:00,SKU-1003,Notebook Set,Stationery,West,249,1,10.0,249,224.1
ORD-20260812-0040,2026-08-12,2026-08-12 23:57:00,SKU-1001,Wireless Mouse,Electronics,East,799,2,10.0,1598,1438.2
ORD-20260812-0041,2026-08-12,2026-08-12 03:35:00,SKU-1005,LED Desk Lamp,Furniture,Central,899,2,0.0,1798,1798.0
ORD-20260812-0042,2026-08-12,2026-08-12 10:51:00,SKU-1003,Notebook Set,Stationery,South,249,1,10.0,249,224.1
ORD-20260812-0043,2026-08-12,2026-08-12 01:46:00,SKU-1007,Water Bottle,Fitness,South,349,1,10.0,349,314.1
ORD-20260812-0044,2026-08-12,2026-08-12 04:06:00,SKU-1010,USB-C Cable,Electronics,West,199,1,0.0,199,199.0
ORD-20260812-0045,2026-08-12,2026-08-12 21:00:00,SKU-1009,Phone Case,Accessories,West,299,1,0.0,299,299.0
ORD-20260812-0046,2026-08-12,2026-08-12 14:11:00,SKU-1008,Backpack,Accessories,East,1499,2,0.0,2998,2998.0
ORD-20260812-0047,2026-08-12,2026-08-12 08:03:00,SKU-1001,Wireless Mouse,Electronics,East,799,2,15.0,1598,1358.3
ORD-20260812-0048,2026-08-12,2026-08-12 22:35:00,SKU-1009,Phone Case,Accessories,Unknown,299,1,0.0,299,299.0
ORD-20260812-0049,2026-08-12,2026-08-12 18:07:00,SKU-1002,Bluetooth Speaker,Electronics,South,1999,3,0.0,5997,5997.0
ORD-20260812-0050,2026-08-12,2026-08-12 21:53:00,SKU-1006,Yoga Mat,Fitness,South,599,2,0.0,1198,1198.0
ORD-20260812-0051,2026-08-12,2026-08-12 09:41:00,SKU-1009,Phone Case,Accessories,Central,299,1,0.0,299,299.0
ORD-20260812-0052,2026-08-12,2026-08-12 06:05:00,SKU-1004,Office Chair,Furniture,West,5499,1,10.0,5499,4949.1
ORD-20260812-0053,2026-08-12,2026-08-12 02:53:00,SKU-1002,Bluetooth Speaker,Electronics,Central,1999,1,5.0,1999,1899.05
ORD-20260812-0054,2026-08-12,2026-08-12 05:40:00,SKU-1007,Water Bottle,Fitness,East,349,2,0.0,698,698.0
ORD-20260812-0055,2026-08-12,2026-08-12 02:06:00,SKU-1001,Wireless Mouse,Electronics,East,799,1,0.0,799,799.0
ORD-20260812-0056,2026-08-12,2026-08-12 14:44:00,SKU-1005,LED Desk Lamp,Furniture,Central,899,1,0.0,899,899.0
ORD-20260812-0057,2026-08-12,2026-08-12 15:51:00,SKU-1004,Office Chair,Furniture,West,5499,1,0.0,5499,5499.0
ORD-20260812-0058,2026-08-12,2026-08-12 03:48:00,SKU-1001,Wireless Mouse,Electronics,Central,799,1,0.0,799,799.0
ORD-20260812-0059,2026-08-12,2026-08-12 23:58:00,SKU-1005,LED Desk Lamp,Furniture,East,899,1,0.0,899,899.0
ORD-20260812-0060,2026-08-12,2026-08-12 06:21:00,SKU-1003,Notebook Set,Stationery,East,249,1,0.0,249,249.0
ORD-20260812-0061,2026-08-12,2026-08-12 06:32:00,SKU-1010,USB-C Cable,Electronics,South,199,1,15.0,199,169.15
ORD-20260812-0062,2026-08-12,2026-08-12 19:04:00,SKU-1001,Wireless Mouse,Electronics,Unknown,799,1,0.0,799,799.0
ORD-20260812-0063,2026-08-12,2026-08-12 09:41:00,SKU-1003,Notebook Set,Stationery,Central,249,1,0.0,249,249.0
ORD-20260812-0064,2026-08-12,2026-08-12 12:19:00,SKU-1004,Office Chair,Furniture,Unknown,5499,1,15.0,5499,4674.15
ORD-20260812-0065,2026-08-12,2026-08-12 20:13:00,SKU-1006,Yoga Mat,Fitness,North,599,1,0.0,599,599.0
ORD-20260812-0066,2026-08-12,2026-08-12 03:36:00,SKU-1010,USB-C Cable,Electronics,Central,199,2,0.0,398,398.0
ORD-20260812-0067,2026-08-12,2026-08-12 19:29:00,SKU-1004,Office Chair,Furniture,Unknown,5499,1,0.0,5499,5499.0
ORD-20260812-0068,2026-08-12,2026-08-12 21:17:00,SKU-1009,Phone Case,Accessories,Central,299,1,0.0,299,299.0
ORD-20260812-0069,2026-08-12,2026-08-12 16:14:00,SKU-1003,Notebook Set,Stationery,West,249,1,10.0,249,224.1
ORD-20260812-0070,2026-08-12,2026-08-12 17:30:00,SKU-1007,Water Bottle,Fitness,North,349,1,0.0,349,349.0
ORD-20260812-0071,2026-08-12,2026-08-12 12:02:00,SKU-1007,Water Bottle,Fitness,South,349,2,0.0,698,698.0
ORD-20260812-0072,2026-08-12,2026-08-12 12:47:00,SKU-1010,USB-C Cable,Electronics,Central,199,1,0.0,199,199.0
ORD-20260812-0073,2026-08-12,2026-08-12 13:34:00,SKU-1004,Office Chair,Furniture,East,5499,1,5.0,5499,5224.05
ORD-20260812-0074,2026-08-12,2026-08-12 04:04:00,SKU-1007,Water Bottle,Fitness,Central,349,1,0.0,349,349.0
ORD-20260812-0075,2026-08-12,2026-08-12 15:33:00,SKU-1002,Bluetooth Speaker,Electronics,East,1999,1,5.0,1999,1899.05
ORD-20260812-0076,2026-08-12,2026-08-12 05:05:00,SKU-1006,Yoga Mat,Fitness,West,599,1,0.0,599,599.0
ORD-20260812-0077,2026-08-12,2026-08-12 22:01:00,SKU-1008,Backpack,Accessories,West,1499,2,0.0,2998,2998.0
ORD-20260812-0078,2026-08-12,2026-08-12 00:07:00,SKU-1008,Backpack,Accessories,Central,1499,1,0.0,1499,1499.0
ORD-20260812-0079,2026-08-12,2026-08-12 13:49:00,SKU-1010,USB-C Cable,Electronics,West,199,1,10.0,199,179.1
ORD-20260812-0080,2026-08-12,2026-08-12 00:55:00,SKU-1008,Backpack,Accessories,East,1499,1,0.0,1499,1499.0
ORD-20260812-0081,2026-08-12,2026-08-12 18:00:00,SKU-1005,LED Desk Lamp,Furniture,West,899,4,0.0,3596,3596.0
ORD-20260812-0082,2026-08-12,2026-08-12 14:40:00,SKU-1010,USB-C Cable,Electronics,Central,199,1,0.0,199,199.0
ORD-20260812-0083,2026-08-12,2026-08-12 10:22:00,SKU-1001,Wireless Mouse,Electronics,East,799,3,0.0,2397,2397.0
ORD-20260812-0084,2026-08-12,2026-08-12 03:21:00,SKU-1005,LED Desk Lamp,Furniture,South,899,1,0.0,899,899.0
ORD-20260812-0085,2026-08-12,2026-08-12 22:14:00,SKU-1008,Backpack,Accessories,South,1499,4,0.0,5996,5996.0
ORD-20260812-0086,2026-08-12,2026-08-12 12:54:00,SKU-1003,Notebook Set,Stationery,North,249,1,5.0,249,236.55
ORD-20260812-0087,2026-08-12,2026-08-12 19:35:00,SKU-1005,LED Desk Lamp,Furniture,West,899,1,0.0,899,899.0
ORD-20260812-0088,2026-08-12,2026-08-12 13:42:00,SKU-1008,Backpack,Accessories,East,1499,3,10.0,4497,4047.3
ORD-20260812-0089,2026-08-12,2026-08-12 09:17:00,SKU-1006,Yoga Mat,Fitness,Unknown,599,1,0.0,599,599.0
ORD-20260812-0090,2026-08-12,2026-08-12 18:02:00,SKU-1006,Yoga Mat,Fitness,North,599,2,15.0,1198,1018.3
ORD-20260812-0091,2026-08-12,2026-08-12 10:05:00,SKU-1007,Water Bottle,Fitness,Central,349,2,0.0,698,698.0
ORD-20260812-0092,2026-08-12,2026-08-12 14:00:00,SKU-1009,Phone Case,Accessories,North,299,1,5.0,299,284.05
ORD-20260812-0093,2026-08-12,2026-08-12 08:38:00,SKU-1006,Yoga Mat,Fitness,West,599,2,0.0,1198,1198.0
ORD-20260812-0094,2026-08-12,2026-08-12 08:25:00,SKU-1010,USB-C Cable,Electronics,West,199,1,5.0,199,189.05
ORD-20260812-0095,2026-08-12,2026-08-12 07:46:00,SKU-1006,Yoga Mat,Fitness,Unknown,599,1,0.0,599,599.0
ORD-20260812-0096,2026-08-12,2026-08-12 13:42:00,SKU-1006,Yoga Mat,Fitness,South,599,1,0.0,599,599.0
ORD-20260812-0097,2026-08-12,2026-08-12 06:04:00,SKU-1007,Water Bottle,Fitness,West,349,2,0.0,698,698.0
ORD-20260812-0098,2026-08-12,2026-08-12 17:53:00,SKU-1007,Water Bottle,Fitness,West,349,4,0.0,1396,1396.0
ORD-20260812-0099,2026-08-12,2026-08-12 14:25:00,SKU-1001,Wireless Mouse,Electronics,Unknown,799,2,0.0,1598,1598.0
ORD-20260812-0100,2026-08-12,2026-08-12 15:49:00,SKU-1010,USB-C Cable,Electronics,Unknown,199,1,0.0,199,199.0
ORD-20260812-0101,2026-08-12,2026-08-12 12:57:00,SKU-1005,LED Desk Lamp,Furniture,North,899,1,15.0,899,764.15
ORD-20260812-0102,2026-08-12,2026-08-12 11:21:00,SKU-1003,Notebook Set,Stationery,North,249,1,5.0,249,236.55
ORD-20260812-0103,2026-08-12,2026-08-12 19:52:00,SKU-1008,Backpack,Accessories,West,1499,3,0.0,4497,4497.0
ORD-20260812-0104,2026-08-12,2026-08-12 10:06:00,SKU-1005,LED Desk Lamp,Furniture,West,899,2,5.0,1798,1708.1
ORD-20260812-0105,2026-08-12,2026-08-12 18:51:00,SKU-1007,Water Bottle,Fitness,East,349,1,0.0,349,349.0
ORD-20260812-0106,2026-08-12,2026-08-12 00:01:00,SKU-1004,Office Chair,Furniture,North,5499,2,0.0,10998,10998.0
ORD-20260812-0107,2026-08-12,2026-08-12 16:45:00,SKU-1004,Office Chair,Furniture,North,5499,4,0.0,21996,21996.0
ORD-20260812-0108,2026-08-12,2026-08-12 11:28:00,SKU-1007,Water Bottle,Fitness,East,349,4,5.0,1396,1326.2
ORD-20260812-0109,2026-08-12,2026-08-12 08:57:00,SKU-1004,Office Chair,Furniture,North,5499,2,0.0,10998,10998.0
ORD-20260812-0110,2026-08-12,2026-08-12 08:01:00,SKU-1001,Wireless Mouse,Electronics,South,799,1,0.0,799,799.0
ORD-20260812-0111,2026-08-12,2026-08-12 05:26:00,SKU-1004,Office Chair,Furniture,Unknown,5499,1,0.0,5499,5499.0
ORD-20260812-0112,2026-08-12,2026-08-12 10:56:00,SKU-1002,Bluetooth Speaker,Electronics,North,1999,2,0.0,3998,3998.0
ORD-20260813-0000,2026-08-13,2026-08-13 13:29:00,SKU-1003,Notebook Set,Stationery,West,249,1,0.0,249,249.0
ORD-20260813-0001,2026-08-13,2026-08-13 19:01:00,SKU-1005,LED Desk Lamp,Furniture,East,899,1,15.0,899,764.15
ORD-20260813-0002,2026-08-13,2026-08-13 06:47:00,SKU-1006,Yoga Mat,Fitness,East,599,2,15.0,1198,1018.3
ORD-20260813-0003,2026-08-13,2026-08-13 13:07:00,SKU-1006,Yoga Mat,Fitness,North,599,1,0.0,599,599.0
ORD-20260813-0004,2026-08-13,2026-08-13 16:27:00,SKU-1006,Yoga Mat,Fitness,Central,599,1,0.0,599,599.0
ORD-20260813-0005,2026-08-13,2026-08-13 16:49:00,SKU-1010,USB-C Cable,Electronics,Central,199,1,0.0,199,199.0
ORD-20260813-0006,2026-08-13,2026-08-13 02:12:00,SKU-1005,LED Desk Lamp,Furniture,Unknown,899,1,15.0,899,764.15
ORD-20260813-0007,2026-08-13,2026-08-13 01:46:00,SKU-1010,USB-C Cable,Electronics,North,199,1,5.0,199,189.05
ORD-20260813-0008,2026-08-13,2026-08-13 07:45:00,SKU-1007,Water Bottle,Fitness,Unknown,349,1,15.0,349,296.65
ORD-20260813-0009,2026-08-13,2026-08-13 04:10:00,SKU-1010,USB-C Cable,Electronics,North,199,1,0.0,199,199.0
ORD-20260813-0010,2026-08-13,2026-08-13 08:21:00,SKU-1001,Wireless Mouse,Electronics,East,799,2,5.0,1598,1518.1
ORD-20260813-0011,2026-08-13,2026-08-13 00:28:00,SKU-1008,Backpack,Accessories,East,1499,1,0.0,1499,1499.0
ORD-20260813-0012,2026-08-13,2026-08-13 10:21:00,SKU-1008,Backpack,Accessories,North,1499,1,10.0,1499,1349.1
ORD-20260813-0013,2026-08-13,2026-08-13 20:32:00,SKU-1004,Office Chair,Furniture,Unknown,5499,1,0.0,5499,5499.0
ORD-20260813-0014,2026-08-13,2026-08-13 04:13:00,SKU-1006,Yoga Mat,Fitness,South,599,2,0.0,1198,1198.0
ORD-20260813-0015,2026-08-13,2026-08-13 15:19:00,SKU-1004,Office Chair,Furniture,North,5499,1,0.0,5499,5499.0
ORD-20260813-0016,2026-08-13,2026-08-13 04:44:00,SKU-1009,Phone Case,Accessories,Central,299,1,15.0,299,254.15
ORD-20260813-0017,2026-08-13,2026-08-13 15:25:00,SKU-1004,Office Chair,Furniture,West,5499,4,10.0,21996,19796.4
ORD-20260813-0018,2026-08-13,2026-08-13 22:13:00,SKU-1010,USB-C Cable,Electronics,East,199,2,0.0,398,398.0
ORD-20260813-0019,2026-08-13,2026-08-13 07:18:00,SKU-1009,Phone Case,Accessories,East,299,1,0.0,299,299.0
ORD-20260813-0020,2026-08-13,2026-08-13 00:55:00,SKU-1006,Yoga Mat,Fitness,Central,599,1,0.0,599,599.0
ORD-20260813-0021,2026-08-13,2026-08-13 07:31:00,SKU-1008,Backpack,Accessories,West,1499,2,5.0,2998,2848.1
ORD-20260813-0022,2026-08-13,2026-08-13 10:22:00,SKU-1007,Water Bottle,Fitness,Central,349,3,10.0,1047,942.3
ORD-20260813-0023,2026-08-13,2026-08-13 21:09:00,SKU-1002,Bluetooth Speaker,Electronics,West,1999,3,0.0,5997,5997.0
ORD-20260813-0024,2026-08-13,2026-08-13 18:31:00,SKU-1003,Notebook Set,Stationery,South,249,2,0.0,498,498.0
ORD-20260813-0025,2026-08-13,2026-08-13 17:40:00,SKU-1001,Wireless Mouse,Electronics,East,799,1,5.0,799,759.05
ORD-20260813-0026,2026-08-13,2026-08-13 06:52:00,SKU-1001,Wireless Mouse,Electronics,Central,799,3,0.0,2397,2397.0
ORD-20260813-0027,2026-08-13,2026-08-13 07:17:00,SKU-1006,Yoga Mat,Fitness,West,599,1,0.0,599,599.0
ORD-20260813-0028,2026-08-13,2026-08-13 07:00:00,SKU-1004,Office Chair,Furniture,Central,5499,1,10.0,5499,4949.1
ORD-20260813-0029,2026-08-13,2026-08-13 22:16:00,SKU-1009,Phone Case,Accessories,Unknown,299,1,0.0,299,299.0
ORD-20260813-0030,2026-08-13,2026-08-13 02:41:00,SKU-1009,Phone Case,Accessories,West,299,3,5.0,897,852.15
ORD-20260813-0031,2026-08-13,2026-08-13 21:29:00,SKU-1006,Yoga Mat,Fitness,West,599,1,0.0,599,599.0
ORD-20260813-0032,2026-08-13,2026-08-13 10:50:00,SKU-1008,Backpack,Accessories,North,1499,1,0.0,1499,1499.0
ORD-20260813-0033,2026-08-13,2026-08-13 16:52:00,SKU-1002,Bluetooth Speaker,Electronics,South,1999,1,0.0,1999,1999.0
ORD-20260813-0034,2026-08-13,2026-08-13 12:02:00,SKU-1007,Water Bottle,Fitness,South,349,3,5.0,1047,994.65
ORD-20260813-0035,2026-08-13,2026-08-13 14:48:00,SKU-1004,Office Chair,Furniture,West,5499,1,15.0,5499,4674.15
ORD-20260813-0036,2026-08-13,2026-08-13 04:53:00,SKU-1008,Backpack,Accessories,Unknown,1499,2,0.0,2998,2998.0
ORD-20260813-0037,2026-08-13,2026-08-13 01:34:00,SKU-1010,USB-C Cable,Electronics,East,199,1,5.0,199,189.05
ORD-20260813-0038,2026-08-13,2026-08-13 07:06:00,SKU-1001,Wireless Mouse,Electronics,West,799,1,0.0,799,799.0
ORD-20260813-0039,2026-08-13,2026-08-13 11:48:00,SKU-1010,USB-C Cable,Electronics,North,199,1,0.0,199,199.0
ORD-20260813-0040,2026-08-13,2026-08-13 10:57:00,SKU-1006,Yoga Mat,Fitness,West,599,1,5.0,599,569.05
ORD-20260813-0041,2026-08-13,2026-08-13 19:36:00,SKU-1010,USB-C Cable,Electronics,South,199,3,10.0,597,537.3
ORD-20260813-0042,2026-08-13,2026-08-13 15:51:00,SKU-1010,USB-C Cable,Electronics,Unknown,199,1,0.0,199,199.0
ORD-20260813-0043,2026-08-13,2026-08-13 23:51:00,SKU-1002,Bluetooth Speaker,Electronics,Unknown,1999,1,5.0,1999,1899.05
ORD-20260813-0044,2026-08-13,2026-08-13 09:59:00,SKU-1002,Bluetooth Speaker,Electronics,North,1999,1,0.0,1999,1999.0
ORD-20260813-0045,2026-08-13,2026-08-13 05:26:00,SKU-1010,USB-C Cable,Electronics,West,199,2,0.0,398,398.0
ORD-20260813-0046,2026-08-13,2026-08-13 09:57:00,SKU-1001,Wireless Mouse,Electronics,Unknown,799,4,10.0,3196,2876.4
ORD-20260813-0047,2026-08-13,2026-08-13 04:16:00,SKU-1010,USB-C Cable,Electronics,East,199,1,15.0,199,169.15
ORD-20260813-0048,2026-08-13,2026-08-13 07:15:00,SKU-1006,Yoga Mat,Fitness,Central,599,1,0.0,599,599.0
ORD-20260813-0049,2026-08-13,2026-08-13 01:03:00,SKU-1006,Yoga Mat,Fitness,Central,599,2,0.0,1198,1198.0
ORD-20260813-0050,2026-08-13,2026-08-13 20:19:00,SKU-1003,Notebook Set,Stationery,West,249,2,5.0,498,473.1
ORD-20260813-0051,2026-08-13,2026-08-13 20:04:00,SKU-1005,LED Desk Lamp,Furniture,East,899,1,0.0,899,899.0
ORD-20260813-0052,2026-08-13,2026-08-13 20:17:00,SKU-1002,Bluetooth Speaker,Electronics,North,1999,1,10.0,1999,1799.1
ORD-20260813-0053,2026-08-13,2026-08-13 03:07:00,SKU-1004,Office Chair,Furniture,Central,5499,1,5.0,5499,5224.05
ORD-20260813-0054,2026-08-13,2026-08-13 16:08:00,SKU-1002,Bluetooth Speaker,Electronics,North,1999,1,15.0,1999,1699.15
ORD-20260813-0055,2026-08-13,2026-08-13 16:17:00,SKU-1002,Bluetooth Speaker,Electronics,East,1999,1,0.0,1999,1999.0
ORD-20260813-0056,2026-08-13,2026-08-13 09:44:00,SKU-1003,Notebook Set,Stationery,North,249,1,15.0,249,211.65
ORD-20260813-0057,2026-08-13,2026-08-13 06:27:00,SKU-1003,Notebook Set,Stationery,South,249,1,15.0,249,211.65
ORD-20260813-0058,2026-08-13,2026-08-13 05:57:00,SKU-1001,Wireless Mouse,Electronics,North,799,2,0.0,1598,1598.0
ORD-20260813-0059,2026-08-13,2026-08-13 08:31:00,SKU-1001,Wireless Mouse,Electronics,Unknown,799,1,10.0,799,719.1
ORD-20260813-0060,2026-08-13,2026-08-13 12:57:00,SKU-1006,Yoga Mat,Fitness,South,599,2,15.0,1198,1018.3
ORD-20260813-0061,2026-08-13,2026-08-13 22:11:00,SKU-1002,Bluetooth Speaker,Electronics,South,1999,1,0.0,1999,1999.0
ORD-20260813-0062,2026-08-13,2026-08-13 01:11:00,SKU-1008,Backpack,Accessories,West,1499,1,0.0,1499,1499.0
ORD-20260813-0063,2026-08-13,2026-08-13 09:35:00,SKU-1001,Wireless Mouse,Electronics,Central,799,2,0.0,1598,1598.0
ORD-20260813-0064,2026-08-13,2026-08-13 11:30:00,SKU-1004,Office Chair,Furniture,Unknown,5499,2,0.0,10998,10998.0
ORD-20260813-0065,2026-08-13,2026-08-13 09:28:00,SKU-1008,Backpack,Accessories,East,1499,1,0.0,1499,1499.0
ORD-20260813-0066,2026-08-13,2026-08-13 18:20:00,SKU-1009,Phone Case,Accessories,South,299,1,0.0,299,299.0
ORD-20260813-0067,2026-08-13,2026-08-13 04:54:00,SKU-1008,Backpack,Accessories,West,1499,2,10.0,2998,2698.2
ORD-20260813-0068,2026-08-13,2026-08-13 04:06:00,SKU-1003,Notebook Set,Stationery,Central,249,1,0.0,249,249.0
ORD-20260813-0069,2026-08-13,2026-08-13 01:27:00,SKU-1010,USB-C Cable,Electronics,East,199,2,15.0,398,338.3
ORD-20260813-0070,2026-08-13,2026-08-13 12:40:00,SKU-1010,USB-C Cable,Electronics,South,199,2,0.0,398,398.0
ORD-20260813-0071,2026-08-13,2026-08-13 01:08:00,SKU-1004,Office Chair,Furniture,Unknown,5499,1,10.0,5499,4949.1
ORD-20260813-0072,2026-08-13,2026-08-13 05:47:00,SKU-1010,USB-C Cable,Electronics,East,199,1,0.0,199,199.0
ORD-20260813-0073,2026-08-13,2026-08-13 09:29:00,SKU-1004,Office Chair,Furniture,South,5499,1,0.0,5499,5499.0
ORD-20260813-0074,2026-08-13,2026-08-13 02:19:00,SKU-1005,LED Desk Lamp,Furniture,Unknown,899,2,0.0,1798,1798.0
ORD-20260813-0075,2026-08-13,2026-08-13 13:04:00,SKU-1004,Office Chair,Furniture,Unknown,5499,1,15.0,5499,4674.15
ORD-20260813-0076,2026-08-13,2026-08-13 18:35:00,SKU-1002,Bluetooth Speaker,Electronics,Unknown,1999,4,0.0,7996,7996.0
ORD-20260813-0077,2026-08-13,2026-08-13 13:27:00,SKU-1003,Notebook Set,Stationery,Central,249,1,0.0,249,249.0
ORD-20260813-0078,2026-08-13,2026-08-13 23:13:00,SKU-1003,Notebook Set,Stationery,West,249,2,0.0,498,498.0
ORD-20260813-0079,2026-08-13,2026-08-13 16:31:00,SKU-1004,Office Chair,Furniture,Unknown,5499,2,5.0,10998,10448.1
ORD-20260813-0080,2026-08-13,2026-08-13 01:14:00,SKU-1004,Office Chair,Furniture,West,5499,2,0.0,10998,10998.0
ORD-20260813-0081,2026-08-13,2026-08-13 16:39:00,SKU-1002,Bluetooth Speaker,Electronics,Unknown,1999,1,5.0,1999,1899.05
ORD-20260813-0082,2026-08-13,2026-08-13 03:51:00,SKU-1003,Notebook Set,Stationery,West,249,3,5.0,747,709.65
ORD-20260813-0083,2026-08-13,2026-08-13 13:08:00,SKU-1001,Wireless Mouse,Electronics,Central,799,2,10.0,1598,1438.2
ORD-20260813-0084,2026-08-13,2026-08-13 06:59:00,SKU-1008,Backpack,Accessories,South,1499,1,10.0,1499,1349.1
ORD-20260813-0085,2026-08-13,2026-08-13 06:10:00,SKU-1010,USB-C Cable,Electronics,Central,199,1,10.0,199,179.1
ORD-20260813-0086,2026-08-13,2026-08-13 10:11:00,SKU-1009,Phone Case,Accessories,Unknown,299,1,15.0,299,254.15
ORD-20260813-0087,2026-08-13,2026-08-13 13:12:00,SKU-1003,Notebook Set,Stationery,Unknown,249,2,0.0,498,498.0
ORD-20260813-0088,2026-08-13,2026-08-13 13:07:00,SKU-1004,Office Chair,Furniture,Unknown,5499,1,5.0,5499,5224.05
ORD-20260813-0089,2026-08-13,2026-08-13 08:42:00,SKU-1001,Wireless Mouse,Electronics,North,799,1,0.0,799,799.0
ORD-20260813-0090,2026-08-13,2026-08-13 03:43:00,SKU-1001,Wireless Mouse,Electronics,North,799,1,0.0,799,799.0
ORD-20260813-0091,2026-08-13,2026-08-13 15:35:00,SKU-1003,Notebook Set,Stationery,West,249,1,0.0,249,249.0
ORD-20260813-0092,2026-08-13,2026-08-13 16:22:00,SKU-1003,Notebook Set,Stationery,West,249,2,0.0,498,498.0
ORD-20260813-0093,2026-08-13,2026-08-13 17:51:00,SKU-1006,Yoga Mat,Fitness,North,599,1,15.0,599,509.15
ORD-20260813-0094,2026-08-13,2026-08-13 08:45:00,SKU-1003,Notebook Set,Stationery,West,249,1,0.0,249,249.0
ORD-20260813-0095,2026-08-13,2026-08-13 18:32:00,SKU-1005,LED Desk Lamp,Furniture,Central,899,1,0.0,899,899.0
ORD-20260814-0000,2026-08-14,2026-08-14 19:45:00,SKU-1007,Water Bottle,Fitness,South,349,3,0.0,1047,1047.0
ORD-20260814-0001,2026-08-14,2026-08-14 23:16:00,SKU-1009,Phone Case,Accessories,North,299,2,0.0,598,598.0
ORD-20260814-0002,2026-08-14,2026-08-14 05:09:00,SKU-1010,USB-C Cable,Electronics,Central,199,1,10.0,199,179.1
ORD-20260814-0003,2026-08-14,2026-08-14 01:02:00,SKU-1004,Office Chair,Furniture,South,5499,1,15.0,5499,4674.15
ORD-20260814-0004,2026-08-14,2026-08-14 19:25:00,SKU-1002,Bluetooth Speaker,Electronics,West,1999,1,10.0,1999,1799.1
ORD-20260814-0005,2026-08-14,2026-08-14 04:12:00,SKU-1007,Water Bottle,Fitness,North,349,1,10.0,349,314.1
ORD-20260814-0006,2026-08-14,2026-08-14 01:00:00,SKU-1007,Water Bottle,Fitness,Unknown,349,2,15.0,698,593.3
ORD-20260814-0007,2026-08-14,2026-08-14 08:04:00,SKU-1003,Notebook Set,Stationery,East,249,1,5.0,249,236.55
ORD-20260814-0008,2026-08-14,2026-08-14 08:29:00,SKU-1008,Backpack,Accessories,East,1499,1,0.0,1499,1499.0
ORD-20260814-0009,2026-08-14,2026-08-14 18:32:00,SKU-1006,Yoga Mat,Fitness,South,599,1,15.0,599,509.15
ORD-20260814-0010,2026-08-14,2026-08-14 16:43:00,SKU-1010,USB-C Cable,Electronics,Unknown,199,2,15.0,398,338.3
ORD-20260814-0011,2026-08-14,2026-08-14 17:22:00,SKU-1006,Yoga Mat,Fitness,Unknown,599,1,0.0,599,599.0
ORD-20260814-0012,2026-08-14,2026-08-14 06:11:00,SKU-1010,USB-C Cable,Electronics,South,199,3,0.0,597,597.0
ORD-20260814-0013,2026-08-14,2026-08-14 20:14:00,SKU-1006,Yoga Mat,Fitness,Unknown,599,2,0.0,1198,1198.0
ORD-20260814-0014,2026-08-14,2026-08-14 23:43:00,SKU-1007,Water Bottle,Fitness,Unknown,349,2,0.0,698,698.0
ORD-20260814-0015,2026-08-14,2026-08-14 22:56:00,SKU-1003,Notebook Set,Stationery,South,249,2,0.0,498,498.0
ORD-20260814-0016,2026-08-14,2026-08-14 08:46:00,SKU-1006,Yoga Mat,Fitness,West,599,1,0.0,599,599.0
ORD-20260814-0017,2026-08-14,2026-08-14 19:40:00,SKU-1002,Bluetooth Speaker,Electronics,Unknown,1999,1,0.0,1999,1999.0
ORD-20260814-0018,2026-08-14,2026-08-14 15:28:00,SKU-1004,Office Chair,Furniture,Unknown,5499,1,0.0,5499,5499.0
ORD-20260814-0019,2026-08-14,2026-08-14 21:36:00,SKU-1004,Office Chair,Furniture,South,5499,2,15.0,10998,9348.3
ORD-20260814-0020,2026-08-14,2026-08-14 13:34:00,SKU-1006,Yoga Mat,Fitness,South,599,1,5.0,599,569.05
ORD-20260814-0021,2026-08-14,2026-08-14 01:48:00,SKU-1001,Wireless Mouse,Electronics,Central,799,2,0.0,1598,1598.0
ORD-20260814-0022,2026-08-14,2026-08-14 05:57:00,SKU-1009,Phone Case,Accessories,East,299,1,5.0,299,284.05
ORD-20260814-0023,2026-08-14,2026-08-14 04:07:00,SKU-1005,LED Desk Lamp,Furniture,South,899,1,10.0,899,809.1
ORD-20260814-0024,2026-08-14,2026-08-14 19:01:00,SKU-1002,Bluetooth Speaker,Electronics,North,1999,2,5.0,3998,3798.1
ORD-20260814-0025,2026-08-14,2026-08-14 20:21:00,SKU-1010,USB-C Cable,Electronics,Unknown,199,1,0.0,199,199.0
ORD-20260814-0026,2026-08-14,2026-08-14 08:59:00,SKU-1010,USB-C Cable,Electronics,Central,199,2,15.0,398,338.3
ORD-20260814-0027,2026-08-14,2026-08-14 05:34:00,SKU-1006,Yoga Mat,Fitness,North,599,1,15.0,599,509.15
ORD-20260814-0028,2026-08-14,2026-08-14 18:56:00,SKU-1001,Wireless Mouse,Electronics,West,799,1,0.0,799,799.0
ORD-20260814-0029,2026-08-14,2026-08-14 10:52:00,SKU-1002,Bluetooth Speaker,Electronics,Central,1999,1,5.0,1999,1899.05
ORD-20260814-0030,2026-08-14,2026-08-14 20:57:00,SKU-1006,Yoga Mat,Fitness,Central,599,4,0.0,2396,2396.0
ORD-20260814-0031,2026-08-14,2026-08-14 14:13:00,SKU-1007,Water Bottle,Fitness,South,349,1,0.0,349,349.0
ORD-20260814-0032,2026-08-14,2026-08-14 04:40:00,SKU-1006,Yoga Mat,Fitness,Unknown,599,2,10.0,1198,1078.2
ORD-20260814-0033,2026-08-14,2026-08-14 16:34:00,SKU-1005,LED Desk Lamp,Furniture,South,899,2,15.0,1798,1528.3
ORD-20260814-0034,2026-08-14,2026-08-14 05:58:00,SKU-1007,Water Bottle,Fitness,Central,349,2,0.0,698,698.0
ORD-20260814-0035,2026-08-14,2026-08-14 04:10:00,SKU-1004,Office Chair,Furniture,West,5499,3,0.0,16497,16497.0
ORD-20260814-0036,2026-08-14,2026-08-14 05:16:00,SKU-1001,Wireless Mouse,Electronics,Central,799,2,5.0,1598,1518.1
ORD-20260814-0037,2026-08-14,2026-08-14 05:57:00,SKU-1004,Office Chair,Furniture,West,5499,1,0.0,5499,5499.0
ORD-20260814-0038,2026-08-14,2026-08-14 20:50:00,SKU-1004,Office Chair,Furniture,East,5499,1,0.0,5499,5499.0
ORD-20260814-0039,2026-08-14,2026-08-14 00:25:00,SKU-1005,LED Desk Lamp,Furniture,Central,899,1,0.0,899,899.0
ORD-20260814-0040,2026-08-14,2026-08-14 04:23:00,SKU-1009,Phone Case,Accessories,West,299,2,0.0,598,598.0
ORD-20260814-0041,2026-08-14,2026-08-14 12:46:00,SKU-1006,Yoga Mat,Fitness,South,599,1,10.0,599,539.1
ORD-20260814-0042,2026-08-14,2026-08-14 23:46:00,SKU-1001,Wireless Mouse,Electronics,West,799,3,0.0,2397,2397.0
ORD-20260814-0043,2026-08-14,2026-08-14 01:39:00,SKU-1004,Office Chair,Furniture,Central,5499,1,0.0,5499,5499.0
ORD-20260814-0044,2026-08-14,2026-08-14 12:06:00,SKU-1001,Wireless Mouse,Electronics,South,799,1,0.0,799,799.0
ORD-20260814-0045,2026-08-14,2026-08-14 05:36:00,SKU-1008,Backpack,Accessories,Unknown,1499,1,15.0,1499,1274.15
ORD-20260814-0046,2026-08-14,2026-08-14 22:32:00,SKU-1003,Notebook Set,Stationery,Unknown,249,1,15.0,249,211.65
ORD-20260814-0047,2026-08-14,2026-08-14 10:40:00,SKU-1009,Phone Case,Accessories,South,299,1,0.0,299,299.0
ORD-20260814-0048,2026-08-14,2026-08-14 01:16:00,SKU-1005,LED Desk Lamp,Furniture,South,899,2,0.0,1798,1798.0
ORD-20260814-0049,2026-08-14,2026-08-14 16:53:00,SKU-1002,Bluetooth Speaker,Electronics,East,1999,1,15.0,1999,1699.15
ORD-20260814-0050,2026-08-14,2026-08-14 16:28:00,SKU-1002,Bluetooth Speaker,Electronics,North,1999,1,0.0,1999,1999.0
ORD-20260814-0051,2026-08-14,2026-08-14 19:10:00,SKU-1010,USB-C Cable,Electronics,North,199,1,0.0,199,199.0
ORD-20260814-0052,2026-08-14,2026-08-14 15:36:00,SKU-1010,USB-C Cable,Electronics,Unknown,199,1,0.0,199,199.0
ORD-20260814-0053,2026-08-14,2026-08-14 05:49:00,SKU-1005,LED Desk Lamp,Furniture,Unknown,899,1,15.0,899,764.15
ORD-20260814-0054,2026-08-14,2026-08-14 03:28:00,SKU-1007,Water Bottle,Fitness,Unknown,349,2,0.0,698,698.0
ORD-20260814-0055,2026-08-14,2026-08-14 01:42:00,SKU-1010,USB-C Cable,Electronics,West,199,1,0.0,199,199.0
ORD-20260814-0056,2026-08-14,2026-08-14 14:23:00,SKU-1004,Office Chair,Furniture,Unknown,5499,1,10.0,5499,4949.1
ORD-20260814-0057,2026-08-14,2026-08-14 04:21:00,SKU-1010,USB-C Cable,Electronics,South,199,1,15.0,199,169.15
ORD-20260814-0058,2026-08-14,2026-08-14 00:35:00,SKU-1008,Backpack,Accessories,Central,1499,1,15.0,1499,1274.15
ORD-20260814-0059,2026-08-14,2026-08-14 21:11:00,SKU-1002,Bluetooth Speaker,Electronics,Unknown,1999,1,0.0,1999,1999.0
ORD-20260814-0060,2026-08-14,2026-08-14 04:22:00,SKU-1003,Notebook Set,Stationery,Central,249,1,0.0,249,249.0
ORD-20260814-0061,2026-08-14,2026-08-14 09:12:00,SKU-1003,Notebook Set,Stationery,Central,249,2,0.0,498,498.0
ORD-20260814-0062,2026-08-14,2026-08-14 22:42:00,SKU-1008,Backpack,Accessories,South,1499,2,0.0,2998,2998.0
ORD-20260814-0063,2026-08-14,2026-08-14 19:53:00,SKU-1005,LED Desk Lamp,Furniture,East,899,1,10.0,899,809.1
ORD-20260814-0064,2026-08-14,2026-08-14 14:55:00,SKU-1006,Yoga Mat,Fitness,North,599,3,0.0,1797,1797.0
ORD-20260814-0065,2026-08-14,2026-08-14 23:25:00,SKU-1001,Wireless Mouse,Electronics,East,799,1,15.0,799,679.15
ORD-20260814-0066,2026-08-14,2026-08-14 12:01:00,SKU-1001,Wireless Mouse,Electronics,Central,799,2,0.0,1598,1598.0
ORD-20260814-0067,2026-08-14,2026-08-14 11:02:00,SKU-1009,Phone Case,Accessories,West,299,3,10.0,897,807.3
ORD-20260814-0068,2026-08-14,2026-08-14 22:29:00,SKU-1008,Backpack,Accessories,North,1499,1,0.0,1499,1499.0
ORD-20260814-0069,2026-08-14,2026-08-14 13:50:00,SKU-1001,Wireless Mouse,Electronics,North,799,1,15.0,799,679.15
ORD-20260814-0070,2026-08-14,2026-08-14 05:17:00,SKU-1005,LED Desk Lamp,Furniture,Unknown,899,1,0.0,899,899.0
ORD-20260814-0071,2026-08-14,2026-08-14 21:17:00,SKU-1010,USB-C Cable,Electronics,Central,199,2,10.0,398,358.2
ORD-20260814-0072,2026-08-14,2026-08-14 06:13:00,SKU-1007,Water Bottle,Fitness,Unknown,349,1,15.0,349,296.65
ORD-20260815-0000,2026-08-15,2026-08-15 14:43:00,SKU-1007,Water Bottle,Fitness,East,349,3,0.0,1047,1047.0
ORD-20260815-0001,2026-08-15,2026-08-15 20:59:00,SKU-1007,Water Bottle,Fitness,West,349,2,15.0,698,593.3
ORD-20260815-0002,2026-08-15,2026-08-15 04:59:00,SKU-1006,Yoga Mat,Fitness,West,599,1,5.0,599,569.05
ORD-20260815-0003,2026-08-15,2026-08-15 00:40:00,SKU-1001,Wireless Mouse,Electronics,East,799,3,5.0,2397,2277.15
ORD-20260815-0004,2026-08-15,2026-08-15 00:25:00,SKU-1010,USB-C Cable,Electronics,West,199,3,0.0,597,597.0
ORD-20260815-0005,2026-08-15,2026-08-15 00:12:00,SKU-1010,USB-C Cable,Electronics,East,199,2,15.0,398,338.3
ORD-20260815-0006,2026-08-15,2026-08-15 15:33:00,SKU-1005,LED Desk Lamp,Furniture,Central,899,1,0.0,899,899.0
ORD-20260815-0007,2026-08-15,2026-08-15 13:58:00,SKU-1001,Wireless Mouse,Electronics,East,799,4,0.0,3196,3196.0
ORD-20260815-0008,2026-08-15,2026-08-15 16:17:00,SKU-1004,Office Chair,Furniture,Central,5499,1,0.0,5499,5499.0
ORD-20260815-0009,2026-08-15,2026-08-15 00:12:00,SKU-1007,Water Bottle,Fitness,East,349,1,0.0,349,349.0
ORD-20260815-0010,2026-08-15,2026-08-15 07:08:00,SKU-1003,Notebook Set,Stationery,West,249,2,0.0,498,498.0
ORD-20260815-0011,2026-08-15,2026-08-15 19:51:00,SKU-1005,LED Desk Lamp,Furniture,Central,899,1,5.0,899,854.05
ORD-20260815-0012,2026-08-15,2026-08-15 20:52:00,SKU-1005,LED Desk Lamp,Furniture,East,899,1,15.0,899,764.15
ORD-20260815-0013,2026-08-15,2026-08-15 07:12:00,SKU-1001,Wireless Mouse,Electronics,North,799,1,0.0,799,799.0
ORD-20260815-0014,2026-08-15,2026-08-15 15:17:00,SKU-1006,Yoga Mat,Fitness,Central,599,1,0.0,599,599.0
ORD-20260815-0015,2026-08-15,2026-08-15 00:07:00,SKU-1010,USB-C Cable,Electronics,South,199,1,15.0,199,169.15
ORD-20260815-0016,2026-08-15,2026-08-15 23:21:00,SKU-1005,LED Desk Lamp,Furniture,Unknown,899,3,0.0,2697,2697.0
ORD-20260815-0017,2026-08-15,2026-08-15 03:25:00,SKU-1008,Backpack,Accessories,Central,1499,1,0.0,1499,1499.0
ORD-20260815-0018,2026-08-15,2026-08-15 11:43:00,SKU-1001,Wireless Mouse,Electronics,West,799,2,0.0,1598,1598.0
ORD-20260815-0019,2026-08-15,2026-08-15 13:48:00,SKU-1002,Bluetooth Speaker,Electronics,East,1999,3,15.0,5997,5097.45
ORD-20260815-0020,2026-08-15,2026-08-15 17:46:00,SKU-1002,Bluetooth Speaker,Electronics,Central,1999,1,0.0,1999,1999.0
ORD-20260815-0021,2026-08-15,2026-08-15 17:09:00,SKU-1003,Notebook Set,Stationery,Central,249,1,0.0,249,249.0
ORD-20260815-0022,2026-08-15,2026-08-15 04:47:00,SKU-1003,Notebook Set,Stationery,West,249,1,0.0,249,249.0
ORD-20260815-0023,2026-08-15,2026-08-15 07:05:00,SKU-1003,Notebook Set,Stationery,Central,249,1,10.0,249,224.1
ORD-20260815-0024,2026-08-15,2026-08-15 14:30:00,SKU-1002,Bluetooth Speaker,Electronics,West,1999,1,0.0,1999,1999.0
ORD-20260815-0025,2026-08-15,2026-08-15 04:51:00,SKU-1004,Office Chair,Furniture,Central,5499,1,15.0,5499,4674.15
ORD-20260815-0026,2026-08-15,2026-08-15 08:36:00,SKU-1006,Yoga Mat,Fitness,West,599,1,0.0,599,599.0
ORD-20260815-0027,2026-08-15,2026-08-15 10:47:00,SKU-1009,Phone Case,Accessories,South,299,4,5.0,1196,1136.2
ORD-20260815-0028,2026-08-15,2026-08-15 19:34:00,SKU-1004,Office Chair,Furniture,Central,5499,1,5.0,5499,5224.05
ORD-20260815-0029,2026-08-15,2026-08-15 13:21:00,SKU-1007,Water Bottle,Fitness,South,349,2,0.0,698,698.0
ORD-20260815-0030,2026-08-15,2026-08-15 11:24:00,SKU-1001,Wireless Mouse,Electronics,Central,799,1,5.0,799,759.05
ORD-20260815-0031,2026-08-15,2026-08-15 22:31:00,SKU-1005,LED Desk Lamp,Furniture,North,899,1,5.0,899,854.05
ORD-20260815-0032,2026-08-15,2026-08-15 06:58:00,SKU-1001,Wireless Mouse,Electronics,Central,799,2,10.0,1598,1438.2
ORD-20260815-0033,2026-08-15,2026-08-15 11:54:00,SKU-1004,Office Chair,Furniture,Unknown,5499,3,0.0,16497,16497.0
ORD-20260815-0034,2026-08-15,2026-08-15 12:56:00,SKU-1001,Wireless Mouse,Electronics,Unknown,799,2,0.0,1598,1598.0
ORD-20260815-0035,2026-08-15,2026-08-15 10:08:00,SKU-1004,Office Chair,Furniture,North,5499,2,0.0,10998,10998.0
ORD-20260815-0036,2026-08-15,2026-08-15 04:44:00,SKU-1007,Water Bottle,Fitness,West,349,1,5.0,349,331.55
ORD-20260815-0037,2026-08-15,2026-08-15 06:54:00,SKU-1008,Backpack,Accessories,West,1499,1,10.0,1499,1349.1
ORD-20260815-0038,2026-08-15,2026-08-15 15:59:00,SKU-1001,Wireless Mouse,Electronics,Unknown,799,1,0.0,799,799.0
ORD-20260815-0039,2026-08-15,2026-08-15 11:38:00,SKU-1004,Office Chair,Furniture,North,5499,1,10.0,5499,4949.1
ORD-20260816-0000,2026-08-16,2026-08-16 07:02:00,SKU-1004,Office Chair,Furniture,North,5499,1,10.0,5499,4949.1
ORD-20260816-0001,2026-08-16,2026-08-16 23:18:00,SKU-1006,Yoga Mat,Fitness,South,599,4,0.0,2396,2396.0
ORD-20260816-0002,2026-08-16,2026-08-16 22:46:00,SKU-1009,Phone Case,Accessories,South,299,1,5.0,299,284.05
ORD-20260816-0003,2026-08-16,2026-08-16 15:53:00,SKU-1008,Backpack,Accessories,East,1499,1,0.0,1499,1499.0
ORD-20260816-0004,2026-08-16,2026-08-16 17:15:00,SKU-1009,Phone Case,Accessories,Central,299,1,0.0,299,299.0
ORD-20260816-0005,2026-08-16,2026-08-16 12:53:00,SKU-1002,Bluetooth Speaker,Electronics,South,1999,1,15.0,1999,1699.15
ORD-20260816-0006,2026-08-16,2026-08-16 22:13:00,SKU-1004,Office Chair,Furniture,North,5499,1,0.0,5499,5499.0
ORD-20260816-0007,2026-08-16,2026-08-16 20:38:00,SKU-1006,Yoga Mat,Fitness,Central,599,3,10.0,1797,1617.3
ORD-20260816-0008,2026-08-16,2026-08-16 20:58:00,SKU-1009,Phone Case,Accessories,Central,299,2,0.0,598,598.0
ORD-20260816-0009,2026-08-16,2026-08-16 04:41:00,SKU-1005,LED Desk Lamp,Furniture,Central,899,4,0.0,3596,3596.0
ORD-20260816-0010,2026-08-16,2026-08-16 15:43:00,SKU-1007,Water Bottle,Fitness,Unknown,349,1,0.0,349,349.0
ORD-20260816-0011,2026-08-16,2026-08-16 02:57:00,SKU-1009,Phone Case,Accessories,Unknown,299,1,0.0,299,299.0
ORD-20260816-0012,2026-08-16,2026-08-16 23:23:00,SKU-1010,USB-C Cable,Electronics,South,199,3,0.0,597,597.0
ORD-20260816-0013,2026-08-16,2026-08-16 06:45:00,SKU-1010,USB-C Cable,Electronics,East,199,2,10.0,398,358.2
ORD-20260816-0014,2026-08-16,2026-08-16 12:52:00,SKU-1006,Yoga Mat,Fitness,East,599,1,15.0,599,509.15
ORD-20260816-0015,2026-08-16,2026-08-16 07:20:00,SKU-1006,Yoga Mat,Fitness,West,599,2,0.0,1198,1198.0
ORD-20260816-0016,2026-08-16,2026-08-16 10:05:00,SKU-1008,Backpack,Accessories,Unknown,1499,2,0.0,2998,2998.0
ORD-20260816-0017,2026-08-16,2026-08-16 04:30:00,SKU-1010,USB-C Cable,Electronics,North,199,2,10.0,398,358.2
ORD-20260816-0018,2026-08-16,2026-08-16 00:18:00,SKU-1003,Notebook Set,Stationery,East,249,1,15.0,249,211.65
ORD-20260816-0019,2026-08-16,2026-08-16 02:32:00,SKU-1009,Phone Case,Accessories,West,299,4,15.0,1196,1016.6
ORD-20260816-0020,2026-08-16,2026-08-16 23:36:00,SKU-1001,Wireless Mouse,Electronics,West,799,1,5.0,799,759.05
ORD-20260816-0021,2026-08-16,2026-08-16 00:33:00,SKU-1010,USB-C Cable,Electronics,Central,199,1,5.0,199,189.05
ORD-20260816-0022,2026-08-16,2026-08-16 03:03:00,SKU-1008,Backpack,Accessories,East,1499,3,10.0,4497,4047.3
ORD-20260816-0023,2026-08-16,2026-08-16 08:17:00,SKU-1005,LED Desk Lamp,Furniture,Central,899,3,5.0,2697,2562.15
ORD-20260816-0024,2026-08-16,2026-08-16 17:08:00,SKU-1006,Yoga Mat,Fitness,Unknown,599,1,5.0,599,569.05
ORD-20260816-0025,2026-08-16,2026-08-16 22:59:00,SKU-1010,USB-C Cable,Electronics,West,199,1,0.0,199,199.0
ORD-20260816-0026,2026-08-16,2026-08-16 01:09:00,SKU-1010,USB-C Cable,Electronics,West,199,1,10.0,199,179.1
ORD-20260816-0027,2026-08-16,2026-08-16 13:40:00,SKU-1004,Office Chair,Furniture,West,5499,1,0.0,5499,5499.0
ORD-20260816-0028,2026-08-16,2026-08-16 14:40:00,SKU-1010,USB-C Cable,Electronics,East,199,3,0.0,597,597.0
ORD-20260816-0029,2026-08-16,2026-08-16 09:04:00,SKU-1005,LED Desk Lamp,Furniture,Central,899,1,5.0,899,854.05
ORD-20260816-0030,2026-08-16,2026-08-16 14:58:00,SKU-1009,Phone Case,Accessories,West,299,1,0.0,299,299.0
ORD-20260816-0031,2026-08-16,2026-08-16 19:17:00,SKU-1007,Water Bottle,Fitness,Central,349,1,5.0,349,331.55
ORD-20260816-0032,2026-08-16,2026-08-16 03:42:00,SKU-1005,LED Desk Lamp,Furniture,South,899,1,10.0,899,809.1
ORD-20260816-0033,2026-08-16,2026-08-16 10:38:00,SKU-1003,Notebook Set,Stationery,East,249,1,0.0,249,249.0
ORD-20260816-0034,2026-08-16,2026-08-16 18:14:00,SKU-1001,Wireless Mouse,Electronics,West,799,1,0.0,799,799.0
ORD-20260816-0035,2026-08-16,2026-08-16 08:46:00,SKU-1003,Notebook Set,Stationery,West,249,1,15.0,249,211.65
ORD-20260816-0036,2026-08-16,2026-08-16 09:41:00,SKU-1003,Notebook Set,Stationery,Unknown,249,1,10.0,249,224.1
ORD-20260816-0037,2026-08-16,2026-08-16 02:59:00,SKU-1008,Backpack,Accessories,North,1499,1,15.0,1499,1274.15
ORD-20260816-0038,2026-08-16,2026-08-16 21:21:00,SKU-1002,Bluetooth Speaker,Electronics,South,1999,1,10.0,1999,1799.1
ORD-20260816-0039,2026-08-16,2026-08-16 05:41:00,SKU-1008,Backpack,Accessories,East,1499,1,10.0,1499,1349.1
ORD-20260816-0040,2026-08-16,2026-08-16 09:11:00,SKU-1009,Phone Case,Accessories,West,299,3,15.0,897,762.45
ORD-20260816-0041,2026-08-16,2026-08-16 13:53:00,SKU-1010,USB-C Cable,Electronics,North,199,1,10.0,199,179.1
ORD-20260816-0042,2026-08-16,2026-08-16 13:38:00,SKU-1002,Bluetooth Speaker,Electronics,West,1999,1,5.0,1999,1899.05
ORD-20260816-0043,2026-08-16,2026-08-16 02:19:00,SKU-1006,Yoga Mat,Fitness,West,599,1,0.0,599,599.0
ORD-20260816-0044,2026-08-16,2026-08-16 02:21:00,SKU-1010,USB-C Cable,Electronics,Unknown,199,2,15.0,398,338.3
ORD-20260816-0045,2026-08-16,2026-08-16 17:01:00,SKU-1004,Office Chair,Furniture,South,5499,4,0.0,21996,21996.0
ORD-20260816-0046,2026-08-16,2026-08-16 23:30:00,SKU-1010,USB-C Cable,Electronics,North,199,1,10.0,199,179.1
ORD-20260816-0047,2026-08-16,2026-08-16 12:56:00,SKU-1004,Office Chair,Furniture,East,5499,4,10.0,21996,19796.4
ORD-20260816-0048,2026-08-16,2026-08-16 11:52:00,SKU-1008,Backpack,Accessories,Central,1499,1,5.0,1499,1424.05
ORD-20260816-0049,2026-08-16,2026-08-16 22:24:00,SKU-1004,Office Chair,Furniture,East,5499,1,15.0,5499,4674.15
ORD-20260816-0050,2026-08-16,2026-08-16 14:59:00,SKU-1002,Bluetooth Speaker,Electronics,Central,1999,1,5.0,1999,1899.05
ORD-20260816-0051,2026-08-16,2026-08-16 16:15:00,SKU-1004,Office Chair,Furniture,South,5499,1,0.0,5499,5499.0
ORD-20260816-0052,2026-08-16,2026-08-16 16:56:00,SKU-1009,Phone Case,Accessories,Unknown,299,1,0.0,299,299.0
ORD-20260816-0053,2026-08-16,2026-08-16 05:08:00,SKU-1007,Water Bottle,Fitness,East,349,1,0.0,349,349.0
ORD-20260816-0054,2026-08-16,2026-08-16 05:18:00,SKU-1009,Phone Case,Accessories,Unknown,299,3,5.0,897,852.15
ORD-20260816-0055,2026-08-16,2026-08-16 14:17:00,SKU-1003,Notebook Set,Stationery,Unknown,249,1,0.0,249,249.0
ORD-20260816-0056,2026-08-16,2026-08-16 16:02:00,SKU-1004,Office Chair,Furniture,Central,5499,3,0.0,16497,16497.0
ORD-20260816-0057,2026-08-16,2026-08-16 15:18:00,SKU-1010,USB-C Cable,Electronics,Unknown,199,1,0.0,199,199.0
ORD-20260816-0058,2026-08-16,2026-08-16 10:40:00,SKU-1007,Water Bottle,Fitness,Central,349,2,10.0,698,628.2
ORD-20260816-0059,2026-08-16,2026-08-16 10:30:00,SKU-1001,Wireless Mouse,Electronics,East,799,1,0.0,799,799.0
ORD-20260816-0060,2026-08-16,2026-08-16 07:05:00,SKU-1005,LED Desk Lamp,Furniture,Central,899,2,10.0,1798,1618.2
ORD-20260816-0061,2026-08-16,2026-08-16 07:31:00,SKU-1005,LED Desk Lamp,Furniture,North,899,3,0.0,2697,2697.0
ORD-20260816-0062,2026-08-16,2026-08-16 11:07:00,SKU-1004,Office Chair,Furniture,North,5499,1,0.0,5499,5499.0
ORD-20260816-0063,2026-08-16,2026-08-16 05:33:00,SKU-1001,Wireless Mouse,Electronics,East,799,1,5.0,799,759.05
ORD-20260816-0064,2026-08-16,2026-08-16 16:35:00,SKU-1001,Wireless Mouse,Electronics,West,799,2,0.0,1598,1598.0
ORD-20260816-0065,2026-08-16,2026-08-16 16:04:00,SKU-1007,Water Bottle,Fitness,Unknown,349,1,0.0,349,349.0
ORD-20260816-0066,2026-08-16,2026-08-16 16:52:00,SKU-1009,Phone Case,Accessories,North,299,3,0.0,897,897.0
ORD-20260817-0000,2026-08-17,2026-08-17 16:51:00,SKU-1005,LED Desk Lamp,Furniture,Unknown,899,1,0.0,899,899.0
ORD-20260817-0001,2026-08-17,2026-08-17 03:16:00,SKU-1004,Office Chair,Furniture,East,5499,1,5.0,5499,5224.05
ORD-20260817-0002,2026-08-17,2026-08-17 17:10:00,SKU-1009,Phone Case,Accessories,North,299,1,0.0,299,299.0
ORD-20260817-0003,2026-08-17,2026-08-17 03:43:00,SKU-1007,Water Bottle,Fitness,Unknown,349,1,0.0,349,349.0
ORD-20260817-0004,2026-08-17,2026-08-17 18:52:00,SKU-1004,Office Chair,Furniture,East,5499,1,0.0,5499,5499.0
ORD-20260817-0005,2026-08-17,2026-08-17 05:01:00,SKU-1008,Backpack,Accessories,South,1499,1,5.0,1499,1424.05
ORD-20260817-0006,2026-08-17,2026-08-17 07:39:00,SKU-1005,LED Desk Lamp,Furniture,North,899,1,15.0,899,764.15
ORD-20260817-0007,2026-08-17,2026-08-17 06:41:00,SKU-1005,LED Desk Lamp,Furniture,East,899,1,15.0,899,764.15
ORD-20260817-0008,2026-08-17,2026-08-17 07:29:00,SKU-1006,Yoga Mat,Fitness,Unknown,599,2,0.0,1198,1198.0
ORD-20260817-0009,2026-08-17,2026-08-17 01:21:00,SKU-1001,Wireless Mouse,Electronics,North,799,2,5.0,1598,1518.1
ORD-20260817-0010,2026-08-17,2026-08-17 15:45:00,SKU-1008,Backpack,Accessories,Unknown,1499,4,0.0,5996,5996.0
ORD-20260817-0011,2026-08-17,2026-08-17 16:22:00,SKU-1006,Yoga Mat,Fitness,South,599,1,5.0,599,569.05
ORD-20260817-0012,2026-08-17,2026-08-17 14:23:00,SKU-1003,Notebook Set,Stationery,East,249,2,0.0,498,498.0
ORD-20260817-0013,2026-08-17,2026-08-17 06:29:00,SKU-1009,Phone Case,Accessories,Central,299,2,5.0,598,568.1
ORD-20260817-0014,2026-08-17,2026-08-17 16:27:00,SKU-1002,Bluetooth Speaker,Electronics,North,1999,1,0.0,1999,1999.0
ORD-20260817-0015,2026-08-17,2026-08-17 21:44:00,SKU-1010,USB-C Cable,Electronics,South,199,1,0.0,199,199.0
ORD-20260817-0016,2026-08-17,2026-08-17 23:51:00,SKU-1004,Office Chair,Furniture,Central,5499,1,5.0,5499,5224.05
ORD-20260817-0017,2026-08-17,2026-08-17 06:02:00,SKU-1006,Yoga Mat,Fitness,Unknown,599,1,0.0,599,599.0
ORD-20260817-0018,2026-08-17,2026-08-17 17:05:00,SKU-1004,Office Chair,Furniture,East,5499,1,0.0,5499,5499.0
ORD-20260817-0019,2026-08-17,2026-08-17 03:27:00,SKU-1007,Water Bottle,Fitness,South,349,2,5.0,698,663.1
ORD-20260817-0020,2026-08-17,2026-08-17 00:10:00,SKU-1010,USB-C Cable,Electronics,South,199,1,0.0,199,199.0
ORD-20260817-0021,2026-08-17,2026-08-17 08:03:00,SKU-1010,USB-C Cable,Electronics,West,199,2,0.0,398,398.0
ORD-20260817-0022,2026-08-17,2026-08-17 10:04:00,SKU-1008,Backpack,Accessories,South,1499,1,0.0,1499,1499.0
ORD-20260817-0023,2026-08-17,2026-08-17 10:46:00,SKU-1002,Bluetooth Speaker,Electronics,South,1999,2,10.0,3998,3598.2
ORD-20260817-0024,2026-08-17,2026-08-17 14:42:00,SKU-1001,Wireless Mouse,Electronics,North,799,2,0.0,1598,1598.0
ORD-20260817-0025,2026-08-17,2026-08-17 01:39:00,SKU-1002,Bluetooth Speaker,Electronics,East,1999,2,5.0,3998,3798.1
ORD-20260817-0026,2026-08-17,2026-08-17 02:00:00,SKU-1008,Backpack,Accessories,Unknown,1499,2,0.0,2998,2998.0
ORD-20260817-0027,2026-08-17,2026-08-17 22:26:00,SKU-1005,LED Desk Lamp,Furniture,South,899,3,0.0,2697,2697.0
ORD-20260817-0028,2026-08-17,2026-08-17 05:16:00,SKU-1003,Notebook Set,Stationery,Unknown,249,1,0.0,249,249.0
ORD-20260817-0029,2026-08-17,2026-08-17 12:18:00,SKU-1009,Phone Case,Accessories,Central,299,1,10.0,299,269.1
ORD-20260817-0030,2026-08-17,2026-08-17 12:46:00,SKU-1008,Backpack,Accessories,North,1499,1,0.0,1499,1499.0
ORD-20260817-0031,2026-08-17,2026-08-17 21:17:00,SKU-1006,Yoga Mat,Fitness,East,599,1,0.0,599,599.0
ORD-20260817-0032,2026-08-17,2026-08-17 23:06:00,SKU-1008,Backpack,Accessories,North,1499,1,0.0,1499,1499.0
ORD-20260817-0033,2026-08-17,2026-08-17 11:42:00,SKU-1005,LED Desk Lamp,Furniture,Unknown,899,1,15.0,899,764.15
ORD-20260817-0034,2026-08-17,2026-08-17 21:02:00,SKU-1002,Bluetooth Speaker,Electronics,South,1999,1,0.0,1999,1999.0
ORD-20260817-0035,2026-08-17,2026-08-17 04:28:00,SKU-1008,Backpack,Accessories,Central,1499,1,0.0,1499,1499.0
ORD-20260817-0036,2026-08-17,2026-08-17 01:28:00,SKU-1009,Phone Case,Accessories,South,299,2,15.0,598,508.3
ORD-20260817-0037,2026-08-17,2026-08-17 01:12:00,SKU-1002,Bluetooth Speaker,Electronics,West,1999,1,0.0,1999,1999.0
ORD-20260817-0038,2026-08-17,2026-08-17 10:44:00,SKU-1002,Bluetooth Speaker,Electronics,Central,1999,2,5.0,3998,3798.1
ORD-20260817-0039,2026-08-17,2026-08-17 10:00:00,SKU-1003,Notebook Set,Stationery,Central,249,1,0.0,249,249.0
ORD-20260817-0040,2026-08-17,2026-08-17 14:20:00,SKU-1004,Office Chair,Furniture,East,5499,1,5.0,5499,5224.05
ORD-20260817-0041,2026-08-17,2026-08-17 22:59:00,SKU-1007,Water Bottle,Fitness,West,349,3,5.0,1047,994.65
ORD-20260817-0042,2026-08-17,2026-08-17 18:25:00,SKU-1001,Wireless Mouse,Electronics,North,799,1,0.0,799,799.0
ORD-20260817-0043,2026-08-17,2026-08-17 11:13:00,SKU-1009,Phone Case,Accessories,West,299,2,0.0,598,598.0
ORD-20260818-0000,2026-08-18,2026-08-18 16:21:00,SKU-1003,Notebook Set,Stationery,Unknown,249,2,15.0,498,423.3
ORD-20260818-0001,2026-08-18,2026-08-18 17:56:00,SKU-1001,Wireless Mouse,Electronics,Central,799,2,0.0,1598,1598.0
ORD-20260818-0002,2026-08-18,2026-08-18 18:48:00,SKU-1003,Notebook Set,Stationery,Unknown,249,1,0.0,249,249.0
ORD-20260818-0003,2026-08-18,2026-08-18 05:04:00,SKU-1009,Phone Case,Accessories,South,299,1,0.0,299,299.0
ORD-20260818-0004,2026-08-18,2026-08-18 05:03:00,SKU-1010,USB-C Cable,Electronics,North,199,1,0.0,199,199.0
ORD-20260818-0005,2026-08-18,2026-08-18 12:35:00,SKU-1002,Bluetooth Speaker,Electronics,North,1999,2,10.0,3998,3598.2
ORD-20260818-0006,2026-08-18,2026-08-18 01:19:00,SKU-1005,LED Desk Lamp,Furniture,Central,899,1,10.0,899,809.1
ORD-20260818-0007,2026-08-18,2026-08-18 13:24:00,SKU-1001,Wireless Mouse,Electronics,Unknown,799,3,0.0,2397,2397.0
ORD-20260818-0008,2026-08-18,2026-08-18 13:35:00,SKU-1009,Phone Case,Accessories,West,299,2,0.0,598,598.0
ORD-20260818-0009,2026-08-18,2026-08-18 10:07:00,SKU-1004,Office Chair,Furniture,South,5499,1,15.0,5499,4674.15
ORD-20260818-0010,2026-08-18,2026-08-18 10:39:00,SKU-1001,Wireless Mouse,Electronics,Unknown,799,1,0.0,799,799.0
ORD-20260818-0011,2026-08-18,2026-08-18 14:18:00,SKU-1009,Phone Case,Accessories,Central,299,4,0.0,1196,1196.0
ORD-20260818-0012,2026-08-18,2026-08-18 05:51:00,SKU-1004,Office Chair,Furniture,West,5499,1,0.0,5499,5499.0
ORD-20260818-0013,2026-08-18,2026-08-18 12:59:00,SKU-1005,LED Desk Lamp,Furniture,Unknown,899,1,0.0,899,899.0
ORD-20260818-0014,2026-08-18,2026-08-18 04:53:00,SKU-1003,Notebook Set,Stationery,South,249,1,0.0,249,249.0
ORD-20260818-0015,2026-08-18,2026-08-18 22:38:00,SKU-1009,Phone Case,Accessories,South,299,2,0.0,598,598.0
ORD-20260818-0016,2026-08-18,2026-08-18 19:47:00,SKU-1002,Bluetooth Speaker,Electronics,West,1999,1,0.0,1999,1999.0
ORD-20260818-0017,2026-08-18,2026-08-18 17:05:00,SKU-1001,Wireless Mouse,Electronics,East,799,1,0.0,799,799.0
ORD-20260818-0018,2026-08-18,2026-08-18 02:16:00,SKU-1004,Office Chair,Furniture,West,5499,1,10.0,5499,4949.1
ORD-20260818-0019,2026-08-18,2026-08-18 16:47:00,SKU-1003,Notebook Set,Stationery,Central,249,1,15.0,249,211.65
ORD-20260818-0020,2026-08-18,2026-08-18 09:30:00,SKU-1006,Yoga Mat,Fitness,East,599,1,0.0,599,599.0
ORD-20260818-0021,2026-08-18,2026-08-18 23:26:00,SKU-1010,USB-C Cable,Electronics,West,199,2,0.0,398,398.0
ORD-20260818-0022,2026-08-18,2026-08-18 18:36:00,SKU-1006,Yoga Mat,Fitness,East,599,2,5.0,1198,1138.1
ORD-20260818-0023,2026-08-18,2026-08-18 06:13:00,SKU-1010,USB-C Cable,Electronics,East,199,1,10.0,199,179.1
ORD-20260818-0024,2026-08-18,2026-08-18 11:03:00,SKU-1001,Wireless Mouse,Electronics,West,799,3,0.0,2397,2397.0
ORD-20260818-0025,2026-08-18,2026-08-18 19:39:00,SKU-1008,Backpack,Accessories,West,1499,1,0.0,1499,1499.0
ORD-20260818-0026,2026-08-18,2026-08-18 12:21:00,SKU-1006,Yoga Mat,Fitness,East,599,1,15.0,599,509.15
ORD-20260818-0027,2026-08-18,2026-08-18 17:34:00,SKU-1002,Bluetooth Speaker,Electronics,East,1999,1,0.0,1999,1999.0
ORD-20260818-0028,2026-08-18,2026-08-18 14:33:00,SKU-1002,Bluetooth Speaker,Electronics,East,1999,1,0.0,1999,1999.0
ORD-20260818-0029,2026-08-18,2026-08-18 17:12:00,SKU-1005,LED Desk Lamp,Furniture,West,899,3,15.0,2697,2292.45
ORD-20260818-0030,2026-08-18,2026-08-18 06:14:00,SKU-1009,Phone Case,Accessories,East,299,1,5.0,299,284.05
ORD-20260818-0031,2026-08-18,2026-08-18 12:43:00,SKU-1006,Yoga Mat,Fitness,East,599,2,0.0,1198,1198.0
ORD-20260818-0032,2026-08-18,2026-08-18 17:45:00,SKU-1008,Backpack,Accessories,East,1499,1,0.0,1499,1499.0
ORD-20260818-0033,2026-08-18,2026-08-18 04:33:00,SKU-1006,Yoga Mat,Fitness,Central,599,1,0.0,599,599.0
ORD-20260818-0034,2026-08-18,2026-08-18 20:47:00,SKU-1009,Phone Case,Accessories,Unknown,299,1,0.0,299,299.0
ORD-20260818-0035,2026-08-18,2026-08-18 20:05:00,SKU-1007,Water Bottle,Fitness,South,349,1,0.0,349,349.0
ORD-20260818-0036,2026-08-18,2026-08-18 05:36:00,SKU-1001,Wireless Mouse,Electronics,East,799,1,10.0,799,719.1
ORD-20260818-0037,2026-08-18,2026-08-18 06:56:00,SKU-1009,Phone Case,Accessories,West,299,4,0.0,1196,1196.0
ORD-20260818-0038,2026-08-18,2026-08-18 19:52:00,SKU-1004,Office Chair,Furniture,South,5499,2,5.0,10998,10448.1
ORD-20260818-0039,2026-08-18,2026-08-18 08:58:00,SKU-1010,USB-C Cable,Electronics,Unknown,199,3,0.0,597,597.0
ORD-20260818-0040,2026-08-18,2026-08-18 06:32:00,SKU-1008,Backpack,Accessories,East,1499,2,0.0,2998,2998.0
ORD-20260818-0041,2026-08-18,2026-08-18 12:28:00,SKU-1007,Water Bottle,Fitness,Central,349,1,5.0,349,331.55
ORD-20260818-0042,2026-08-18,2026-08-18 10:37:00,SKU-1003,Notebook Set,Stationery,East,249,4,15.0,996,846.6
ORD-20260818-0043,2026-08-18,2026-08-18 10:09:00,SKU-1003,Notebook Set,Stationery,Unknown,249,2,0.0,498,498.0
ORD-20260818-0044,2026-08-18,2026-08-18 08:23:00,SKU-1008,Backpack,Accessories,North,1499,1,0.0,1499,1499.0
ORD-20260818-0045,2026-08-18,2026-08-18 14:11:00,SKU-1005,LED Desk Lamp,Furniture,West,899,1,0.0,899,899.0
ORD-20260818-0046,2026-08-18,2026-08-18 06:24:00,SKU-1007,Water Bottle,Fitness,Unknown,349,1,0.0,349,349.0
ORD-20260818-0047,2026-08-18,2026-08-18 18:09:00,SKU-1005,LED Desk Lamp,Furniture,West,899,1,0.0,899,899.0
ORD-20260818-0048,2026-08-18,2026-08-18 16:27:00,SKU-1003,Notebook Set,Stationery,Central,249,4,0.0,996,996.0
ORD-20260818-0049,2026-08-18,2026-08-18 11:24:00,SKU-1002,Bluetooth Speaker,Electronics,East,1999,1,5.0,1999,1899.05
ORD-20260818-0050,2026-08-18,2026-08-18 03:11:00,SKU-1001,Wireless Mouse,Electronics,South,799,2,15.0,1598,1358.3
ORD-20260818-0051,2026-08-18,2026-08-18 12:58:00,SKU-1005,LED Desk Lamp,Furniture,East,899,1,5.0,899,854.05
ORD-20260818-0052,2026-08-18,2026-08-18 00:23:00,SKU-1009,Phone Case,Accessories,North,299,1,0.0,299,299.0
ORD-20260818-0053,2026-08-18,2026-08-18 20:48:00,SKU-1001,Wireless Mouse,Electronics,Central,799,1,0.0,799,799.0
ORD-20260818-0054,2026-08-18,2026-08-18 19:13:00,SKU-1006,Yoga Mat,Fitness,Central,599,1,5.0,599,569.05
ORD-20260818-0055,2026-08-18,2026-08-18 03:37:00,SKU-1002,Bluetooth Speaker,Electronics,Unknown,1999,2,0.0,3998,3998.0
ORD-20260818-0056,2026-08-18,2026-08-18 01:07:00,SKU-1005,LED Desk Lamp,Furniture,South,899,2,5.0,1798,1708.1
ORD-20260818-0057,2026-08-18,2026-08-18 04:48:00,SKU-1006,Yoga Mat,Fitness,West,599,1,10.0,599,539.1
ORD-20260818-0058,2026-08-18,2026-08-18 22:47:00,SKU-1004,Office Chair,Furniture,Unknown,5499,2,0.0,10998,10998.0
ORD-20260818-0059,2026-08-18,2026-08-18 18:27:00,SKU-1006,Yoga Mat,Fitness,Central,599,2,5.0,1198,1138.1
ORD-20260818-0060,2026-08-18,2026-08-18 00:19:00,SKU-1005,LED Desk Lamp,Furniture,Central,899,2,0.0,1798,1798.0
ORD-20260818-0061,2026-08-18,2026-08-18 07:25:00,SKU-1006,Yoga Mat,Fitness,South,599,2,0.0,1198,1198.0
ORD-20260818-0062,2026-08-18,2026-08-18 10:26:00,SKU-1005,LED Desk Lamp,Furniture,East,899,1,5.0,899,854.05
ORD-20260818-0063,2026-08-18,2026-08-18 10:49:00,SKU-1002,Bluetooth Speaker,Electronics,South,1999,1,0.0,1999,1999.0
ORD-20260818-0064,2026-08-18,2026-08-18 09:09:00,SKU-1003,Notebook Set,Stationery,South,249,2,5.0,498,473.1
ORD-20260818-0065,2026-08-18,2026-08-18 06:19:00,SKU-1002,Bluetooth Speaker,Electronics,Unknown,1999,1,15.0,1999,1699.15
ORD-20260818-0066,2026-08-18,2026-08-18 12:15:00,SKU-1001,Wireless Mouse,Electronics,Unknown,799,2,0.0,1598,1598.0
ORD-20260818-0067,2026-08-18,2026-08-18 02:52:00,SKU-1004,Office Chair,Furniture,North,5499,2,10.0,10998,9898.2
ORD-20260818-0068,2026-08-18,2026-08-18 07:45:00,SKU-1001,Wireless Mouse,Electronics,Central,799,2,15.0,1598,1358.3
ORD-20260818-0069,2026-08-18,2026-08-18 20:32:00,SKU-1007,Water Bottle,Fitness,Central,349,1,0.0,349,349.0
ORD-20260818-0070,2026-08-18,2026-08-18 16:06:00,SKU-1005,LED Desk Lamp,Furniture,East,899,1,0.0,899,899.0
ORD-20260818-0071,2026-08-18,2026-08-18 22:36:00,SKU-1009,Phone Case,Accessories,East,299,2,0.0,598,598.0
ORD-20260818-0072,2026-08-18,2026-08-18 07:22:00,SKU-1010,USB-C Cable,Electronics,Central,199,4,5.0,796,756.2
ORD-20260818-0073,2026-08-18,2026-08-18 16:45:00,SKU-1001,Wireless Mouse,Electronics,South,799,1,0.0,799,799.0
ORD-20260818-0074,2026-08-18,2026-08-18 05:01:00,SKU-1001,Wireless Mouse,Electronics,Unknown,799,2,0.0,1598,1598.0
ORD-20260818-0075,2026-08-18,2026-08-18 08:26:00,SKU-1005,LED Desk Lamp,Furniture,South,899,1,0.0,899,899.0
ORD-20260818-0076,2026-08-18,2026-08-18 13:34:00,SKU-1002,Bluetooth Speaker,Electronics,South,1999,1,0.0,1999,1999.0
ORD-20260818-0077,2026-08-18,2026-08-18 17:08:00,SKU-1009,Phone Case,Accessories,East,299,2,5.0,598,568.1
ORD-20260818-0078,2026-08-18,2026-08-18 16:27:00,SKU-1010,USB-C Cable,Electronics,East,199,1,0.0,199,199.0
ORD-20260818-0079,2026-08-18,2026-08-18 17:08:00,SKU-1006,Yoga Mat,Fitness,South,599,1,0.0,599,599.0
ORD-20260818-0080,2026-08-18,2026-08-18 01:03:00,SKU-1005,LED Desk Lamp,Furniture,South,899,1,15.0,899,764.15
ORD-20260818-0081,2026-08-18,2026-08-18 21:11:00,SKU-1005,LED Desk Lamp,Furniture,Unknown,899,1,5.0,899,854.05
ORD-20260818-0082,2026-08-18,2026-08-18 23:39:00,SKU-1004,Office Chair,Furniture,Unknown,5499,4,0.0,21996,21996.0
ORD-20260818-0083,2026-08-18,2026-08-18 06:25:00,SKU-1003,Notebook Set,Stationery,Central,249,2,0.0,498,498.0
ORD-20260818-0084,2026-08-18,2026-08-18 22:03:00,SKU-1001,Wireless Mouse,Electronics,West,799,1,0.0,799,799.0
ORD-20260818-0085,2026-08-18,2026-08-18 05:41:00,SKU-1008,Backpack,Accessories,South,1499,2,0.0,2998,2998.0
ORD-20260818-0086,2026-08-18,2026-08-18 00:51:00,SKU-1004,Office Chair,Furniture,Unknown,5499,2,0.0,10998,10998.0
ORD-20260818-0087,2026-08-18,2026-08-18 08:00:00,SKU-1009,Phone Case,Accessories,West,299,1,0.0,299,299.0
ORD-20260818-0088,2026-08-18,2026-08-18 15:18:00,SKU-1007,Water Bottle,Fitness,South,349,4,0.0,1396,1396.0
ORD-20260818-0089,2026-08-18,2026-08-18 11:16:00,SKU-1007,Water Bottle,Fitness,East,349,2,0.0,698,698.0
ORD-20260819-0000,2026-08-19,2026-08-19 04:29:00,SKU-1009,Phone Case,Accessories,North,299,4,0.0,1196,1196.0
ORD-20260819-0001,2026-08-19,2026-08-19 07:21:00,SKU-1001,Wireless Mouse,Electronics,Central,799,1,0.0,799,799.0
ORD-20260819-0002,2026-08-19,2026-08-19 21:45:00,SKU-1002,Bluetooth Speaker,Electronics,North,1999,1,15.0,1999,1699.15
ORD-20260819-0003,2026-08-19,2026-08-19 18:00:00,SKU-1009,Phone Case,Accessories,West,299,1,0.0,299,299.0
ORD-20260819-0004,2026-08-19,2026-08-19 04:30:00,SKU-1006,Yoga Mat,Fitness,North,599,1,0.0,599,599.0
ORD-20260819-0005,2026-08-19,2026-08-19 16:37:00,SKU-1009,Phone Case,Accessories,Central,299,2,10.0,598,538.2
ORD-20260819-0006,2026-08-19,2026-08-19 12:46:00,SKU-1008,Backpack,Accessories,East,1499,2,0.0,2998,2998.0
ORD-20260819-0007,2026-08-19,2026-08-19 03:57:00,SKU-1010,USB-C Cable,Electronics,North,199,1,10.0,199,179.1
ORD-20260819-0008,2026-08-19,2026-08-19 03:07:00,SKU-1010,USB-C Cable,Electronics,Unknown,199,1,0.0,199,199.0
ORD-20260819-0009,2026-08-19,2026-08-19 09:09:00,SKU-1005,LED Desk Lamp,Furniture,South,899,1,0.0,899,899.0
ORD-20260819-0010,2026-08-19,2026-08-19 14:08:00,SKU-1007,Water Bottle,Fitness,East,349,1,0.0,349,349.0
ORD-20260819-0011,2026-08-19,2026-08-19 13:25:00,SKU-1006,Yoga Mat,Fitness,Unknown,599,2,0.0,1198,1198.0
ORD-20260819-0012,2026-08-19,2026-08-19 13:50:00,SKU-1002,Bluetooth Speaker,Electronics,East,1999,2,0.0,3998,3998.0
ORD-20260819-0013,2026-08-19,2026-08-19 09:06:00,SKU-1006,Yoga Mat,Fitness,Unknown,599,2,0.0,1198,1198.0
ORD-20260819-0014,2026-08-19,2026-08-19 14:45:00,SKU-1010,USB-C Cable,Electronics,South,199,2,0.0,398,398.0
ORD-20260819-0015,2026-08-19,2026-08-19 15:57:00,SKU-1008,Backpack,Accessories,East,1499,1,0.0,1499,1499.0
ORD-20260819-0016,2026-08-19,2026-08-19 18:50:00,SKU-1006,Yoga Mat,Fitness,East,599,1,10.0,599,539.1
ORD-20260819-0017,2026-08-19,2026-08-19 21:21:00,SKU-1005,LED Desk Lamp,Furniture,Unknown,899,1,0.0,899,899.0
ORD-20260819-0018,2026-08-19,2026-08-19 01:39:00,SKU-1007,Water Bottle,Fitness,South,349,2,0.0,698,698.0
ORD-20260819-0019,2026-08-19,2026-08-19 12:04:00,SKU-1007,Water Bottle,Fitness,West,349,1,5.0,349,331.55
ORD-20260819-0020,2026-08-19,2026-08-19 23:14:00,SKU-1007,Water Bottle,Fitness,Unknown,349,2,0.0,698,698.0
ORD-20260819-0021,2026-08-19,2026-08-19 04:28:00,SKU-1009,Phone Case,Accessories,Unknown,299,1,0.0,299,299.0
ORD-20260819-0022,2026-08-19,2026-08-19 09:28:00,SKU-1008,Backpack,Accessories,Unknown,1499,1,15.0,1499,1274.15
ORD-20260819-0023,2026-08-19,2026-08-19 02:14:00,SKU-1002,Bluetooth Speaker,Electronics,South,1999,1,0.0,1999,1999.0
ORD-20260819-0024,2026-08-19,2026-08-19 13:32:00,SKU-1008,Backpack,Accessories,North,1499,2,0.0,2998,2998.0
ORD-20260819-0025,2026-08-19,2026-08-19 10:30:00,SKU-1006,Yoga Mat,Fitness,West,599,1,0.0,599,599.0
ORD-20260819-0026,2026-08-19,2026-08-19 11:39:00,SKU-1005,LED Desk Lamp,Furniture,Unknown,899,1,15.0,899,764.15
ORD-20260819-0027,2026-08-19,2026-08-19 14:40:00,SKU-1005,LED Desk Lamp,Furniture,Central,899,3,0.0,2697,2697.0
ORD-20260819-0028,2026-08-19,2026-08-19 10:54:00,SKU-1001,Wireless Mouse,Electronics,South,799,1,5.0,799,759.05
ORD-20260819-0029,2026-08-19,2026-08-19 15:08:00,SKU-1005,LED Desk Lamp,Furniture,Central,899,1,5.0,899,854.05
ORD-20260819-0030,2026-08-19,2026-08-19 17:29:00,SKU-1001,Wireless Mouse,Electronics,Central,799,2,15.0,1598,1358.3
ORD-20260819-0031,2026-08-19,2026-08-19 15:47:00,SKU-1010,USB-C Cable,Electronics,South,199,1,0.0,199,199.0
ORD-20260819-0032,2026-08-19,2026-08-19 08:02:00,SKU-1004,Office Chair,Furniture,Central,5499,1,0.0,5499,5499.0
ORD-20260819-0033,2026-08-19,2026-08-19 18:46:00,SKU-1010,USB-C Cable,Electronics,East,199,2,5.0,398,378.1
ORD-20260819-0034,2026-08-19,2026-08-19 19:43:00,SKU-1002,Bluetooth Speaker,Electronics,West,1999,1,0.0,1999,1999.0
ORD-20260819-0035,2026-08-19,2026-08-19 03:06:00,SKU-1006,Yoga Mat,Fitness,East,599,2,0.0,1198,1198.0
ORD-20260819-0036,2026-08-19,2026-08-19 09:17:00,SKU-1009,Phone Case,Accessories,West,299,1,10.0,299,269.1
ORD-20260819-0037,2026-08-19,2026-08-19 05:43:00,SKU-1010,USB-C Cable,Electronics,Unknown,199,1,0.0,199,199.0
ORD-20260819-0038,2026-08-19,2026-08-19 03:15:00,SKU-1009,Phone Case,Accessories,North,299,1,0.0,299,299.0
ORD-20260819-0039,2026-08-19,2026-08-19 07:52:00,SKU-1005,LED Desk Lamp,Furniture,North,899,2,0.0,1798,1798.0
ORD-20260819-0040,2026-08-19,2026-08-19 20:31:00,SKU-1004,Office Chair,Furniture,Central,5499,1,0.0,5499,5499.0
ORD-20260819-0041,2026-08-19,2026-08-19 01:09:00,SKU-1005,LED Desk Lamp,Furniture,South,899,1,10.0,899,809.1
ORD-20260819-0042,2026-08-19,2026-08-19 12:18:00,SKU-1003,Notebook Set,Stationery,Unknown,249,1,10.0,249,224.1
ORD-20260819-0043,2026-08-19,2026-08-19 21:58:00,SKU-1006,Yoga Mat,Fitness,South,599,1,0.0,599,599.0
ORD-20260819-0044,2026-08-19,2026-08-19 13:13:00,SKU-1008,Backpack,Accessories,North,1499,1,0.0,1499,1499.0
ORD-20260819-0045,2026-08-19,2026-08-19 16:05:00,SKU-1003,Notebook Set,Stationery,Central,249,1,0.0,249,249.0
ORD-20260819-0046,2026-08-19,2026-08-19 16:01:00,SKU-1006,Yoga Mat,Fitness,Central,599,1,10.0,599,539.1
ORD-20260819-0047,2026-08-19,2026-08-19 12:04:00,SKU-1002,Bluetooth Speaker,Electronics,South,1999,3,0.0,5997,5997.0
ORD-20260819-0048,2026-08-19,2026-08-19 03:16:00,SKU-1004,Office Chair,Furniture,Unknown,5499,1,10.0,5499,4949.1
ORD-20260819-0049,2026-08-19,2026-08-19 01:32:00,SKU-1008,Backpack,Accessories,East,1499,2,15.0,2998,2548.3
ORD-20260819-0050,2026-08-19,2026-08-19 11:21:00,SKU-1004,Office Chair,Furniture,Central,5499,1,10.0,5499,4949.1
ORD-20260819-0051,2026-08-19,2026-08-19 08:09:00,SKU-1003,Notebook Set,Stationery,West,249,1,10.0,249,224.1
ORD-20260819-0052,2026-08-19,2026-08-19 15:25:00,SKU-1005,LED Desk Lamp,Furniture,Unknown,899,2,15.0,1798,1528.3
ORD-20260819-0053,2026-08-19,2026-08-19 14:34:00,SKU-1010,USB-C Cable,Electronics,South,199,2,0.0,398,398.0
ORD-20260819-0054,2026-08-19,2026-08-19 23:26:00,SKU-1002,Bluetooth Speaker,Electronics,South,1999,1,15.0,1999,1699.15
ORD-20260819-0055,2026-08-19,2026-08-19 00:21:00,SKU-1009,Phone Case,Accessories,East,299,2,5.0,598,568.1
ORD-20260819-0056,2026-08-19,2026-08-19 12:21:00,SKU-1009,Phone Case,Accessories,South,299,3,0.0,897,897.0
ORD-20260819-0057,2026-08-19,2026-08-19 17:06:00,SKU-1003,Notebook Set,Stationery,South,249,1,0.0,249,249.0
ORD-20260819-0058,2026-08-19,2026-08-19 18:02:00,SKU-1005,LED Desk Lamp,Furniture,Unknown,899,1,0.0,899,899.0
ORD-20260819-0059,2026-08-19,2026-08-19 08:30:00,SKU-1009,Phone Case,Accessories,West,299,1,0.0,299,299.0
ORD-20260819-0060,2026-08-19,2026-08-19 11:32:00,SKU-1008,Backpack,Accessories,West,1499,1,0.0,1499,1499.0
ORD-20260819-0061,2026-08-19,2026-08-19 03:06:00,SKU-1004,Office Chair,Furniture,North,5499,2,10.0,10998,9898.2
ORD-20260819-0062,2026-08-19,2026-08-19 16:03:00,SKU-1008,Backpack,Accessories,East,1499,2,10.0,2998,2698.2
ORD-20260819-0063,2026-08-19,2026-08-19 14:42:00,SKU-1009,Phone Case,Accessories,South,299,4,0.0,1196,1196.0
ORD-20260819-0064,2026-08-19,2026-08-19 12:52:00,SKU-1003,Notebook Set,Stationery,North,249,4,15.0,996,846.6
ORD-20260819-0065,2026-08-19,2026-08-19 20:05:00,SKU-1002,Bluetooth Speaker,Electronics,West,1999,2,0.0,3998,3998.0
ORD-20260819-0066,2026-08-19,2026-08-19 03:53:00,SKU-1008,Backpack,Accessories,Central,1499,1,10.0,1499,1349.1
ORD-20260819-0067,2026-08-19,2026-08-19 11:52:00,SKU-1009,Phone Case,Accessories,Central,299,1,5.0,299,284.05
ORD-20260819-0068,2026-08-19,2026-08-19 13:22:00,SKU-1002,Bluetooth Speaker,Electronics,East,1999,1,10.0,1999,1799.1
ORD-20260819-0069,2026-08-19,2026-08-19 03:34:00,SKU-1003,Notebook Set,Stationery,South,249,2,0.0,498,498.0
ORD-20260820-0000,2026-08-20,2026-08-20 21:40:00,SKU-1005,LED Desk Lamp,Furniture,West,899,2,5.0,1798,1708.1
ORD-20260820-0001,2026-08-20,2026-08-20 04:39:00,SKU-1009,Phone Case,Accessories,North,299,1,0.0,299,299.0
ORD-20260820-0002,2026-08-20,2026-08-20 13:03:00,SKU-1010,USB-C Cable,Electronics,Central,199,1,0.0,199,199.0
ORD-20260820-0003,2026-08-20,2026-08-20 07:07:00,SKU-1008,Backpack,Accessories,West,1499,1,0.0,1499,1499.0
ORD-20260820-0004,2026-08-20,2026-08-20 10:55:00,SKU-1010,USB-C Cable,Electronics,East,199,2,10.0,398,358.2
ORD-20260820-0005,2026-08-20,2026-08-20 13:01:00,SKU-1003,Notebook Set,Stationery,South,249,1,0.0,249,249.0
ORD-20260820-0006,2026-08-20,2026-08-20 12:15:00,SKU-1004,Office Chair,Furniture,Unknown,5499,3,0.0,16497,16497.0
ORD-20260820-0007,2026-08-20,2026-08-20 16:26:00,SKU-1004,Office Chair,Furniture,South,5499,3,0.0,16497,16497.0
ORD-20260820-0008,2026-08-20,2026-08-20 14:05:00,SKU-1001,Wireless Mouse,Electronics,East,799,3,5.0,2397,2277.15
ORD-20260820-0009,2026-08-20,2026-08-20 21:46:00,SKU-1009,Phone Case,Accessories,South,299,1,0.0,299,299.0
ORD-20260820-0010,2026-08-20,2026-08-20 02:37:00,SKU-1005,LED Desk Lamp,Furniture,West,899,3,10.0,2697,2427.3
ORD-20260820-0011,2026-08-20,2026-08-20 08:11:00,SKU-1002,Bluetooth Speaker,Electronics,South,1999,1,0.0,1999,1999.0
ORD-20260820-0012,2026-08-20,2026-08-20 00:58:00,SKU-1007,Water Bottle,Fitness,South,349,1,5.0,349,331.55
ORD-20260820-0013,2026-08-20,2026-08-20 13:55:00,SKU-1002,Bluetooth Speaker,Electronics,North,1999,1,0.0,1999,1999.0
ORD-20260820-0014,2026-08-20,2026-08-20 17:36:00,SKU-1003,Notebook Set,Stationery,South,249,4,5.0,996,946.2
ORD-20260820-0015,2026-08-20,2026-08-20 10:40:00,SKU-1004,Office Chair,Furniture,South,5499,1,0.0,5499,5499.0
ORD-20260820-0016,2026-08-20,2026-08-20 17:31:00,SKU-1007,Water Bottle,Fitness,North,349,4,0.0,1396,1396.0
ORD-20260820-0017,2026-08-20,2026-08-20 11:29:00,SKU-1007,Water Bottle,Fitness,North,349,1,0.0,349,349.0
ORD-20260820-0018,2026-08-20,2026-08-20 08:14:00,SKU-1002,Bluetooth Speaker,Electronics,South,1999,1,15.0,1999,1699.15
ORD-20260820-0019,2026-08-20,2026-08-20 19:43:00,SKU-1001,Wireless Mouse,Electronics,East,799,1,15.0,799,679.15
ORD-20260820-0020,2026-08-20,2026-08-20 20:56:00,SKU-1008,Backpack,Accessories,Central,1499,3,0.0,4497,4497.0
ORD-20260820-0021,2026-08-20,2026-08-20 02:42:00,SKU-1003,Notebook Set,Stationery,East,249,1,0.0,249,249.0
ORD-20260820-0022,2026-08-20,2026-08-20 17:37:00,SKU-1007,Water Bottle,Fitness,Unknown,349,3,5.0,1047,994.65
ORD-20260820-0023,2026-08-20,2026-08-20 10:26:00,SKU-1007,Water Bottle,Fitness,South,349,1,0.0,349,349.0
ORD-20260820-0024,2026-08-20,2026-08-20 13:34:00,SKU-1003,Notebook Set,Stationery,North,249,2,15.0,498,423.3
ORD-20260820-0025,2026-08-20,2026-08-20 05:08:00,SKU-1002,Bluetooth Speaker,Electronics,East,1999,1,0.0,1999,1999.0
ORD-20260820-0026,2026-08-20,2026-08-20 02:20:00,SKU-1006,Yoga Mat,Fitness,Unknown,599,4,10.0,2396,2156.4
ORD-20260820-0027,2026-08-20,2026-08-20 03:00:00,SKU-1008,Backpack,Accessories,West,1499,1,5.0,1499,1424.05
ORD-20260820-0028,2026-08-20,2026-08-20 13:23:00,SKU-1005,LED Desk Lamp,Furniture,South,899,1,0.0,899,899.0
ORD-20260820-0029,2026-08-20,2026-08-20 12:20:00,SKU-1005,LED Desk Lamp,Furniture,West,899,1,0.0,899,899.0
ORD-20260820-0030,2026-08-20,2026-08-20 03:50:00,SKU-1001,Wireless Mouse,Electronics,East,799,1,10.0,799,719.1
ORD-20260820-0031,2026-08-20,2026-08-20 02:19:00,SKU-1008,Backpack,Accessories,Unknown,1499,4,15.0,5996,5096.6
ORD-20260820-0032,2026-08-20,2026-08-20 07:45:00,SKU-1008,Backpack,Accessories,East,1499,1,0.0,1499,1499.0
ORD-20260820-0033,2026-08-20,2026-08-20 09:33:00,SKU-1009,Phone Case,Accessories,Central,299,2,0.0,598,598.0
ORD-20260820-0034,2026-08-20,2026-08-20 03:30:00,SKU-1010,USB-C Cable,Electronics,Unknown,199,2,0.0,398,398.0
ORD-20260820-0035,2026-08-20,2026-08-20 08:59:00,SKU-1008,Backpack,Accessories,North,1499,3,10.0,4497,4047.3
ORD-20260820-0036,2026-08-20,2026-08-20 09:42:00,SKU-1001,Wireless Mouse,Electronics,East,799,1,0.0,799,799.0
ORD-20260820-0037,2026-08-20,2026-08-20 22:41:00,SKU-1007,Water Bottle,Fitness,South,349,1,0.0,349,349.0
ORD-20260820-0038,2026-08-20,2026-08-20 19:29:00,SKU-1006,Yoga Mat,Fitness,Central,599,2,0.0,1198,1198.0
ORD-20260820-0039,2026-08-20,2026-08-20 11:15:00,SKU-1005,LED Desk Lamp,Furniture,West,899,2,15.0,1798,1528.3
ORD-20260820-0040,2026-08-20,2026-08-20 10:53:00,SKU-1004,Office Chair,Furniture,West,5499,1,0.0,5499,5499.0
ORD-20260820-0041,2026-08-20,2026-08-20 05:48:00,SKU-1003,Notebook Set,Stationery,Central,249,1,5.0,249,236.55
ORD-20260820-0042,2026-08-20,2026-08-20 18:37:00,SKU-1010,USB-C Cable,Electronics,Unknown,199,1,0.0,199,199.0
ORD-20260820-0043,2026-08-20,2026-08-20 01:07:00,SKU-1009,Phone Case,Accessories,Central,299,1,0.0,299,299.0
ORD-20260820-0044,2026-08-20,2026-08-20 08:22:00,SKU-1001,Wireless Mouse,Electronics,South,799,2,0.0,1598,1598.0
ORD-20260820-0045,2026-08-20,2026-08-20 22:30:00,SKU-1002,Bluetooth Speaker,Electronics,East,1999,2,10.0,3998,3598.2
ORD-20260820-0046,2026-08-20,2026-08-20 11:34:00,SKU-1004,Office Chair,Furniture,Central,5499,1,0.0,5499,5499.0
ORD-20260820-0047,2026-08-20,2026-08-20 06:34:00,SKU-1006,Yoga Mat,Fitness,Unknown,599,1,0.0,599,599.0
ORD-20260820-0048,2026-08-20,2026-08-20 20:17:00,SKU-1001,Wireless Mouse,Electronics,South,799,2,0.0,1598,1598.0
ORD-20260820-0049,2026-08-20,2026-08-20 06:35:00,SKU-1003,Notebook Set,Stationery,East,249,1,10.0,249,224.1
ORD-20260820-0050,2026-08-20,2026-08-20 23:29:00,SKU-1009,Phone Case,Accessories,South,299,2,10.0,598,538.2
ORD-20260820-0051,2026-08-20,2026-08-20 01:02:00,SKU-1005,LED Desk Lamp,Furniture,Unknown,899,1,15.0,899,764.15
ORD-20260820-0052,2026-08-20,2026-08-20 06:43:00,SKU-1008,Backpack,Accessories,South,1499,1,0.0,1499,1499.0
ORD-20260820-0053,2026-08-20,2026-08-20 22:13:00,SKU-1007,Water Bottle,Fitness,South,349,2,0.0,698,698.0
ORD-20260820-0054,2026-08-20,2026-08-20 21:57:00,SKU-1001,Wireless Mouse,Electronics,South,799,1,15.0,799,679.15
ORD-20260820-0055,2026-08-20,2026-08-20 15:06:00,SKU-1001,Wireless Mouse,Electronics,South,799,4,0.0,3196,3196.0
ORD-20260820-0056,2026-08-20,2026-08-20 01:33:00,SKU-1010,USB-C Cable,Electronics,North,199,1,0.0,199,199.0
ORD-20260820-0057,2026-08-20,2026-08-20 10:42:00,SKU-1002,Bluetooth Speaker,Electronics,Unknown,1999,1,0.0,1999,1999.0
ORD-20260820-0058,2026-08-20,2026-08-20 13:08:00,SKU-1002,Bluetooth Speaker,Electronics,West,1999,2,0.0,3998,3998.0
ORD-20260820-0059,2026-08-20,2026-08-20 07:29:00,SKU-1003,Notebook Set,Stationery,South,249,3,15.0,747,634.95
ORD-20260820-0060,2026-08-20,2026-08-20 11:44:00,SKU-1007,Water Bottle,Fitness,South,349,2,5.0,698,663.1
ORD-20260820-0061,2026-08-20,2026-08-20 12:39:00,SKU-1003,Notebook Set,Stationery,Central,249,1,5.0,249,236.55
ORD-20260820-0062,2026-08-20,2026-08-20 20:02:00,SKU-1005,LED Desk Lamp,Furniture,West,899,2,0.0,1798,1798.0
ORD-20260820-0063,2026-08-20,2026-08-20 07:03:00,SKU-1005,LED Desk Lamp,Furniture,South,899,2,0.0,1798,1798.0
ORD-20260820-0064,2026-08-20,2026-08-20 22:21:00,SKU-1004,Office Chair,Furniture,Central,5499,1,15.0,5499,4674.15
ORD-20260820-0065,2026-08-20,2026-08-20 10:17:00,SKU-1003,Notebook Set,Stationery,Central,249,2,10.0,498,448.2
ORD-20260820-0066,2026-08-20,2026-08-20 21:17:00,SKU-1004,Office Chair,Furniture,Central,5499,1,0.0,5499,5499.0
ORD-20260820-0067,2026-08-20,2026-08-20 20:56:00,SKU-1008,Backpack,Accessories,South,1499,1,0.0,1499,1499.0
ORD-20260820-0068,2026-08-20,2026-08-20 12:05:00,SKU-1008,Backpack,Accessories,Unknown,1499,1,0.0,1499,1499.0
ORD-20260820-0069,2026-08-20,2026-08-20 05:49:00,SKU-1006,Yoga Mat,Fitness,Unknown,599,2,0.0,1198,1198.0
ORD-20260821-0000,2026-08-21,2026-08-21 11:14:00,SKU-1007,Water Bottle,Fitness,North,349,1,0.0,349,349.0
ORD-20260821-0001,2026-08-21,2026-08-21 14:41:00,SKU-1001,Wireless Mouse,Electronics,South,799,1,15.0,799,679.15
ORD-20260821-0002,2026-08-21,2026-08-21 14:53:00,SKU-1001,Wireless Mouse,Electronics,West,799,1,5.0,799,759.05
ORD-20260821-0003,2026-08-21,2026-08-21 01:43:00,SKU-1001,Wireless Mouse,Electronics,North,799,1,10.0,799,719.1
ORD-20260821-0004,2026-08-21,2026-08-21 14:09:00,SKU-1006,Yoga Mat,Fitness,South,599,1,15.0,599,509.15
ORD-20260821-0005,2026-08-21,2026-08-21 21:49:00,SKU-1005,LED Desk Lamp,Furniture,West,899,2,0.0,1798,1798.0
ORD-20260821-0006,2026-08-21,2026-08-21 00:32:00,SKU-1009,Phone Case,Accessories,East,299,3,0.0,897,897.0
ORD-20260821-0007,2026-08-21,2026-08-21 19:47:00,SKU-1004,Office Chair,Furniture,North,5499,1,0.0,5499,5499.0
ORD-20260821-0008,2026-08-21,2026-08-21 17:29:00,SKU-1006,Yoga Mat,Fitness,Unknown,599,2,10.0,1198,1078.2
ORD-20260821-0009,2026-08-21,2026-08-21 00:50:00,SKU-1006,Yoga Mat,Fitness,North,599,1,5.0,599,569.05
ORD-20260821-0010,2026-08-21,2026-08-21 14:57:00,SKU-1009,Phone Case,Accessories,West,299,1,0.0,299,299.0
ORD-20260821-0011,2026-08-21,2026-08-21 12:03:00,SKU-1001,Wireless Mouse,Electronics,North,799,4,0.0,3196,3196.0
ORD-20260821-0012,2026-08-21,2026-08-21 14:09:00,SKU-1009,Phone Case,Accessories,South,299,2,15.0,598,508.3
ORD-20260821-0013,2026-08-21,2026-08-21 03:42:00,SKU-1005,LED Desk Lamp,Furniture,Central,899,1,0.0,899,899.0
ORD-20260821-0014,2026-08-21,2026-08-21 02:39:00,SKU-1010,USB-C Cable,Electronics,Central,199,1,10.0,199,179.1
ORD-20260821-0015,2026-08-21,2026-08-21 22:30:00,SKU-1010,USB-C Cable,Electronics,West,199,3,0.0,597,597.0
ORD-20260821-0016,2026-08-21,2026-08-21 16:46:00,SKU-1009,Phone Case,Accessories,West,299,1,15.0,299,254.15
ORD-20260821-0017,2026-08-21,2026-08-21 12:07:00,SKU-1007,Water Bottle,Fitness,East,349,1,15.0,349,296.65
ORD-20260821-0018,2026-08-21,2026-08-21 05:19:00,SKU-1002,Bluetooth Speaker,Electronics,Unknown,1999,1,10.0,1999,1799.1
ORD-20260821-0019,2026-08-21,2026-08-21 21:07:00,SKU-1008,Backpack,Accessories,East,1499,1,5.0,1499,1424.05
ORD-20260821-0020,2026-08-21,2026-08-21 02:47:00,SKU-1010,USB-C Cable,Electronics,South,199,2,0.0,398,398.0
ORD-20260821-0021,2026-08-21,2026-08-21 00:59:00,SKU-1002,Bluetooth Speaker,Electronics,West,1999,1,5.0,1999,1899.05
ORD-20260821-0022,2026-08-21,2026-08-21 02:39:00,SKU-1005,LED Desk Lamp,Furniture,East,899,2,10.0,1798,1618.2
ORD-20260821-0023,2026-08-21,2026-08-21 16:20:00,SKU-1002,Bluetooth Speaker,Electronics,Central,1999,1,0.0,1999,1999.0
ORD-20260821-0024,2026-08-21,2026-08-21 01:42:00,SKU-1010,USB-C Cable,Electronics,Unknown,199,2,0.0,398,398.0
ORD-20260821-0025,2026-08-21,2026-08-21 15:45:00,SKU-1003,Notebook Set,Stationery,East,249,1,0.0,249,249.0
ORD-20260821-0026,2026-08-21,2026-08-21 21:40:00,SKU-1002,Bluetooth Speaker,Electronics,East,1999,2,10.0,3998,3598.2
ORD-20260821-0027,2026-08-21,2026-08-21 05:49:00,SKU-1008,Backpack,Accessories,West,1499,1,0.0,1499,1499.0
ORD-20260821-0028,2026-08-21,2026-08-21 14:25:00,SKU-1009,Phone Case,Accessories,Central,299,1,0.0,299,299.0
ORD-20260821-0029,2026-08-21,2026-08-21 10:03:00,SKU-1007,Water Bottle,Fitness,Central,349,1,0.0,349,349.0
ORD-20260821-0030,2026-08-21,2026-08-21 15:02:00,SKU-1001,Wireless Mouse,Electronics,East,799,1,15.0,799,679.15
ORD-20260821-0031,2026-08-21,2026-08-21 22:41:00,SKU-1006,Yoga Mat,Fitness,Central,599,1,15.0,599,509.15
ORD-20260821-0032,2026-08-21,2026-08-21 18:41:00,SKU-1002,Bluetooth Speaker,Electronics,South,1999,1,0.0,1999,1999.0
ORD-20260821-0033,2026-08-21,2026-08-21 08:33:00,SKU-1006,Yoga Mat,Fitness,West,599,1,5.0,599,569.05
ORD-20260821-0034,2026-08-21,2026-08-21 03:50:00,SKU-1010,USB-C Cable,Electronics,West,199,1,0.0,199,199.0
ORD-20260821-0035,2026-08-21,2026-08-21 12:27:00,SKU-1003,Notebook Set,Stationery,Central,249,2,0.0,498,498.0
ORD-20260821-0036,2026-08-21,2026-08-21 22:40:00,SKU-1006,Yoga Mat,Fitness,Central,599,2,0.0,1198,1198.0
ORD-20260821-0037,2026-08-21,2026-08-21 15:23:00,SKU-1002,Bluetooth Speaker,Electronics,North,1999,2,0.0,3998,3998.0
ORD-20260821-0038,2026-08-21,2026-08-21 02:29:00,SKU-1010,USB-C Cable,Electronics,East,199,2,15.0,398,338.3
ORD-20260821-0039,2026-08-21,2026-08-21 01:24:00,SKU-1007,Water Bottle,Fitness,Central,349,2,0.0,698,698.0
ORD-20260821-0040,2026-08-21,2026-08-21 11:07:00,SKU-1008,Backpack,Accessories,North,1499,2,0.0,2998,2998.0
ORD-20260821-0041,2026-08-21,2026-08-21 04:44:00,SKU-1008,Backpack,Accessories,East,1499,1,0.0,1499,1499.0
ORD-20260821-0042,2026-08-21,2026-08-21 23:13:00,SKU-1005,LED Desk Lamp,Furniture,Unknown,899,2,5.0,1798,1708.1
ORD-20260821-0043,2026-08-21,2026-08-21 10:27:00,SKU-1009,Phone Case,Accessories,West,299,3,10.0,897,807.3
ORD-20260821-0044,2026-08-21,2026-08-21 11:47:00,SKU-1003,Notebook Set,Stationery,North,249,1,0.0,249,249.0
ORD-20260821-0045,2026-08-21,2026-08-21 17:53:00,SKU-1007,Water Bottle,Fitness,East,349,2,10.0,698,628.2
ORD-20260821-0046,2026-08-21,2026-08-21 11:29:00,SKU-1004,Office Chair,Furniture,Central,5499,1,15.0,5499,4674.15
ORD-20260821-0047,2026-08-21,2026-08-21 16:33:00,SKU-1006,Yoga Mat,Fitness,North,599,1,0.0,599,599.0
ORD-20260821-0048,2026-08-21,2026-08-21 01:34:00,SKU-1006,Yoga Mat,Fitness,Central,599,2,5.0,1198,1138.1
ORD-20260821-0049,2026-08-21,2026-08-21 15:17:00,SKU-1003,Notebook Set,Stationery,Unknown,249,1,10.0,249,224.1
ORD-20260821-0050,2026-08-21,2026-08-21 04:52:00,SKU-1006,Yoga Mat,Fitness,North,599,1,10.0,599,539.1
ORD-20260821-0051,2026-08-21,2026-08-21 09:15:00,SKU-1002,Bluetooth Speaker,Electronics,North,1999,1,5.0,1999,1899.05
ORD-20260821-0052,2026-08-21,2026-08-21 22:05:00,SKU-1005,LED Desk Lamp,Furniture,North,899,1,0.0,899,899.0
ORD-20260821-0053,2026-08-21,2026-08-21 23:45:00,SKU-1008,Backpack,Accessories,North,1499,1,5.0,1499,1424.05
ORD-20260822-0000,2026-08-22,2026-08-22 02:17:00,SKU-1009,Phone Case,Accessories,South,299,1,5.0,299,284.05
ORD-20260822-0001,2026-08-22,2026-08-22 21:26:00,SKU-1008,Backpack,Accessories,North,1499,1,0.0,1499,1499.0
ORD-20260822-0002,2026-08-22,2026-08-22 10:21:00,SKU-1004,Office Chair,Furniture,Unknown,5499,2,5.0,10998,10448.1
ORD-20260822-0003,2026-08-22,2026-08-22 16:34:00,SKU-1005,LED Desk Lamp,Furniture,Unknown,899,2,0.0,1798,1798.0
ORD-20260822-0004,2026-08-22,2026-08-22 09:46:00,SKU-1001,Wireless Mouse,Electronics,North,799,3,15.0,2397,2037.45
ORD-20260822-0005,2026-08-22,2026-08-22 15:38:00,SKU-1006,Yoga Mat,Fitness,North,599,1,0.0,599,599.0
ORD-20260822-0006,2026-08-22,2026-08-22 06:52:00,SKU-1004,Office Chair,Furniture,North,5499,1,10.0,5499,4949.1
ORD-20260822-0007,2026-08-22,2026-08-22 16:16:00,SKU-1007,Water Bottle,Fitness,Central,349,1,0.0,349,349.0
ORD-20260822-0008,2026-08-22,2026-08-22 04:06:00,SKU-1002,Bluetooth Speaker,Electronics,Central,1999,1,0.0,1999,1999.0
ORD-20260822-0009,2026-08-22,2026-08-22 12:21:00,SKU-1002,Bluetooth Speaker,Electronics,East,1999,1,15.0,1999,1699.15
ORD-20260822-0010,2026-08-22,2026-08-22 12:44:00,SKU-1004,Office Chair,Furniture,South,5499,1,15.0,5499,4674.15
ORD-20260822-0011,2026-08-22,2026-08-22 11:07:00,SKU-1004,Office Chair,Furniture,East,5499,1,0.0,5499,5499.0
ORD-20260822-0012,2026-08-22,2026-08-22 05:55:00,SKU-1004,Office Chair,Furniture,East,5499,1,0.0,5499,5499.0
ORD-20260822-0013,2026-08-22,2026-08-22 02:12:00,SKU-1010,USB-C Cable,Electronics,North,199,1,5.0,199,189.05
ORD-20260822-0014,2026-08-22,2026-08-22 18:05:00,SKU-1001,Wireless Mouse,Electronics,North,799,1,0.0,799,799.0
ORD-20260822-0015,2026-08-22,2026-08-22 22:21:00,SKU-1003,Notebook Set,Stationery,South,249,2,0.0,498,498.0
ORD-20260822-0016,2026-08-22,2026-08-22 07:18:00,SKU-1001,Wireless Mouse,Electronics,Central,799,1,0.0,799,799.0
ORD-20260822-0017,2026-08-22,2026-08-22 11:38:00,SKU-1001,Wireless Mouse,Electronics,Unknown,799,2,0.0,1598,1598.0
ORD-20260822-0018,2026-08-22,2026-08-22 09:43:00,SKU-1001,Wireless Mouse,Electronics,West,799,1,10.0,799,719.1
ORD-20260822-0019,2026-08-22,2026-08-22 12:25:00,SKU-1008,Backpack,Accessories,East,1499,2,0.0,2998,2998.0
ORD-20260822-0020,2026-08-22,2026-08-22 14:44:00,SKU-1008,Backpack,Accessories,East,1499,1,0.0,1499,1499.0
ORD-20260822-0021,2026-08-22,2026-08-22 11:46:00,SKU-1004,Office Chair,Furniture,West,5499,2,0.0,10998,10998.0
ORD-20260822-0022,2026-08-22,2026-08-22 13:04:00,SKU-1002,Bluetooth Speaker,Electronics,West,1999,1,10.0,1999,1799.1
ORD-20260822-0023,2026-08-22,2026-08-22 10:00:00,SKU-1008,Backpack,Accessories,Central,1499,3,10.0,4497,4047.3
ORD-20260822-0024,2026-08-22,2026-08-22 19:03:00,SKU-1008,Backpack,Accessories,South,1499,3,5.0,4497,4272.15
ORD-20260822-0025,2026-08-22,2026-08-22 00:34:00,SKU-1007,Water Bottle,Fitness,Central,349,1,0.0,349,349.0
ORD-20260822-0026,2026-08-22,2026-08-22 00:31:00,SKU-1003,Notebook Set,Stationery,West,249,2,5.0,498,473.1
ORD-20260822-0027,2026-08-22,2026-08-22 04:22:00,SKU-1010,USB-C Cable,Electronics,Central,199,2,0.0,398,398.0
ORD-20260822-0028,2026-08-22,2026-08-22 14:49:00,SKU-1004,Office Chair,Furniture,East,5499,1,0.0,5499,5499.0
ORD-20260822-0029,2026-08-22,2026-08-22 01:03:00,SKU-1006,Yoga Mat,Fitness,Central,599,4,0.0,2396,2396.0
ORD-20260822-0030,2026-08-22,2026-08-22 17:36:00,SKU-1006,Yoga Mat,Fitness,Unknown,599,1,10.0,599,539.1
ORD-20260822-0031,2026-08-22,2026-08-22 17:38:00,SKU-1003,Notebook Set,Stationery,Central,249,1,5.0,249,236.55
ORD-20260822-0032,2026-08-22,2026-08-22 19:31:00,SKU-1006,Yoga Mat,Fitness,Unknown,599,2,0.0,1198,1198.0
ORD-20260822-0033,2026-08-22,2026-08-22 14:42:00,SKU-1001,Wireless Mouse,Electronics,East,799,2,0.0,1598,1598.0
ORD-20260822-0034,2026-08-22,2026-08-22 15:04:00,SKU-1007,Water Bottle,Fitness,Unknown,349,3,0.0,1047,1047.0
ORD-20260822-0035,2026-08-22,2026-08-22 17:39:00,SKU-1005,LED Desk Lamp,Furniture,West,899,4,10.0,3596,3236.4
ORD-20260822-0036,2026-08-22,2026-08-22 04:12:00,SKU-1005,LED Desk Lamp,Furniture,East,899,2,0.0,1798,1798.0
ORD-20260822-0037,2026-08-22,2026-08-22 06:22:00,SKU-1006,Yoga Mat,Fitness,Unknown,599,2,5.0,1198,1138.1
ORD-20260822-0038,2026-08-22,2026-08-22 15:40:00,SKU-1007,Water Bottle,Fitness,Unknown,349,1,0.0,349,349.0
ORD-20260822-0039,2026-08-22,2026-08-22 15:31:00,SKU-1008,Backpack,Accessories,East,1499,1,10.0,1499,1349.1
ORD-20260822-0040,2026-08-22,2026-08-22 07:46:00,SKU-1008,Backpack,Accessories,South,1499,1,15.0,1499,1274.15
ORD-20260822-0041,2026-08-22,2026-08-22 23:44:00,SKU-1006,Yoga Mat,Fitness,East,599,1,15.0,599,509.15
ORD-20260822-0042,2026-08-22,2026-08-22 08:53:00,SKU-1006,Yoga Mat,Fitness,North,599,1,10.0,599,539.1
ORD-20260822-0043,2026-08-22,2026-08-22 12:24:00,SKU-1003,Notebook Set,Stationery,Unknown,249,2,0.0,498,498.0
ORD-20260822-0044,2026-08-22,2026-08-22 14:40:00,SKU-1009,Phone Case,Accessories,Unknown,299,3,0.0,897,897.0
ORD-20260822-0045,2026-08-22,2026-08-22 14:34:00,SKU-1009,Phone Case,Accessories,Unknown,299,1,0.0,299,299.0
ORD-20260822-0046,2026-08-22,2026-08-22 18:19:00,SKU-1005,LED Desk Lamp,Furniture,East,899,1,10.0,899,809.1
ORD-20260822-0047,2026-08-22,2026-08-22 01:40:00,SKU-1007,Water Bottle,Fitness,North,349,1,0.0,349,349.0
ORD-20260822-0048,2026-08-22,2026-08-22 11:41:00,SKU-1005,LED Desk Lamp,Furniture,East,899,3,5.0,2697,2562.15
ORD-20260822-0049,2026-08-22,2026-08-22 05:35:00,SKU-1006,Yoga Mat,Fitness,Central,599,1,0.0,599,599.0
ORD-20260822-0050,2026-08-22,2026-08-22 07:54:00,SKU-1002,Bluetooth Speaker,Electronics,Central,1999,1,0.0,1999,1999.0
ORD-20260822-0051,2026-08-22,2026-08-22 00:40:00,SKU-1003,Notebook Set,Stationery,East,249,1,10.0,249,224.1
ORD-20260822-0052,2026-08-22,2026-08-22 12:04:00,SKU-1010,USB-C Cable,Electronics,Unknown,199,1,0.0,199,199.0
ORD-20260822-0053,2026-08-22,2026-08-22 10:05:00,SKU-1005,LED Desk Lamp,Furniture,Unknown,899,2,15.0,1798,1528.3
ORD-20260822-0054,2026-08-22,2026-08-22 12:26:00,SKU-1006,Yoga Mat,Fitness,Unknown,599,3,15.0,1797,1527.45
ORD-20260822-0055,2026-08-22,2026-08-22 02:32:00,SKU-1003,Notebook Set,Stationery,Central,249,4,0.0,996,996.0
ORD-20260822-0056,2026-08-22,2026-08-22 10:48:00,SKU-1007,Water Bottle,Fitness,South,349,4,5.0,1396,1326.2
ORD-20260822-0057,2026-08-22,2026-08-22 06:14:00,SKU-1003,Notebook Set,Stationery,South,249,1,0.0,249,249.0
ORD-20260822-0058,2026-08-22,2026-08-22 03:11:00,SKU-1009,Phone Case,Accessories,South,299,4,15.0,1196,1016.6
ORD-20260822-0059,2026-08-22,2026-08-22 21:58:00,SKU-1003,Notebook Set,Stationery,East,249,2,0.0,498,498.0
ORD-20260822-0060,2026-08-22,2026-08-22 10:11:00,SKU-1009,Phone Case,Accessories,North,299,1,5.0,299,284.05
ORD-20260822-0061,2026-08-22,2026-08-22 22:45:00,SKU-1002,Bluetooth Speaker,Electronics,South,1999,2,0.0,3998,3998.0
ORD-20260822-0062,2026-08-22,2026-08-22 23:49:00,SKU-1008,Backpack,Accessories,South,1499,2,10.0,2998,2698.2
ORD-20260822-0063,2026-08-22,2026-08-22 04:26:00,SKU-1007,Water Bottle,Fitness,Central,349,1,0.0,349,349.0
ORD-20260822-0064,2026-08-22,2026-08-22 10:27:00,SKU-1004,Office Chair,Furniture,Unknown,5499,3,0.0,16497,16497.0
ORD-20260822-0065,2026-08-22,2026-08-22 03:38:00,SKU-1001,Wireless Mouse,Electronics,Central,799,1,5.0,799,759.05
ORD-20260822-0066,2026-08-22,2026-08-22 15:58:00,SKU-1002,Bluetooth Speaker,Electronics,South,1999,2,0.0,3998,3998.0
ORD-20260822-0067,2026-08-22,2026-08-22 02:31:00,SKU-1009,Phone Case,Accessories,Central,299,1,0.0,299,299.0
ORD-20260822-0068,2026-08-22,2026-08-22 02:43:00,SKU-1009,Phone Case,Accessories,Unknown,299,2,10.0,598,538.2
ORD-20260822-0069,2026-08-22,2026-08-22 15:13:00,SKU-1004,Office Chair,Furniture,East,5499,2,15.0,10998,9348.3
ORD-20260822-0070,2026-08-22,2026-08-22 13:45:00,SKU-1007,Water Bottle,Fitness,North,349,1,10.0,349,314.1
ORD-20260822-0071,2026-08-22,2026-08-22 00:46:00,SKU-1006,Yoga Mat,Fitness,North,599,1,0.0,599,599.0
ORD-20260822-0072,2026-08-22,2026-08-22 17:35:00,SKU-1009,Phone Case,Accessories,West,299,1,0.0,299,299.0
ORD-20260822-0073,2026-08-22,2026-08-22 15:53:00,SKU-1003,Notebook Set,Stationery,North,249,1,15.0,249,211.65
ORD-20260822-0074,2026-08-22,2026-08-22 09:20:00,SKU-1005,LED Desk Lamp,Furniture,East,899,3,5.0,2697,2562.15
ORD-20260822-0075,2026-08-22,2026-08-22 08:18:00,SKU-1004,Office Chair,Furniture,South,5499,1,0.0,5499,5499.0
ORD-20260822-0076,2026-08-22,2026-08-22 01:35:00,SKU-1008,Backpack,Accessories,East,1499,1,0.0,1499,1499.0
ORD-20260822-0077,2026-08-22,2026-08-22 19:56:00,SKU-1008,Backpack,Accessories,Unknown,1499,1,0.0,1499,1499.0
ORD-20260822-0078,2026-08-22,2026-08-22 07:20:00,SKU-1008,Backpack,Accessories,North,1499,1,0.0,1499,1499.0
ORD-20260822-0079,2026-08-22,2026-08-22 18:01:00,SKU-1007,Water Bottle,Fitness,Unknown,349,1,15.0,349,296.65
ORD-20260822-0080,2026-08-22,2026-08-22 13:05:00,SKU-1003,Notebook Set,Stationery,East,249,1,10.0,249,224.1
ORD-20260822-0081,2026-08-22,2026-08-22 15:56:00,SKU-1005,LED Desk Lamp,Furniture,Central,899,1,0.0,899,899.0
ORD-20260822-0082,2026-08-22,2026-08-22 21:21:00,SKU-1001,Wireless Mouse,Electronics,North,799,1,5.0,799,759.05
ORD-20260822-0083,2026-08-22,2026-08-22 16:20:00,SKU-1004,Office Chair,Furniture,West,5499,1,0.0,5499,5499.0
ORD-20260822-0084,2026-08-22,2026-08-22 18:52:00,SKU-1006,Yoga Mat,Fitness,Central,599,1,0.0,599,599.0
ORD-20260822-0085,2026-08-22,2026-08-22 15:41:00,SKU-1008,Backpack,Accessories,South,1499,1,0.0,1499,1499.0
ORD-20260822-0086,2026-08-22,2026-08-22 05:41:00,SKU-1010,USB-C Cable,Electronics,West,199,3,5.0,597,567.15
ORD-20260822-0087,2026-08-22,2026-08-22 18:12:00,SKU-1010,USB-C Cable,Electronics,South,199,2,0.0,398,398.0
ORD-20260822-0088,2026-08-22,2026-08-22 18:33:00,SKU-1005,LED Desk Lamp,Furniture,North,899,2,0.0,1798,1798.0
ORD-20260822-0089,2026-08-22,2026-08-22 03:27:00,SKU-1008,Backpack,Accessories,East,1499,4,0.0,5996,5996.0
ORD-20260822-0090,2026-08-22,2026-08-22 10:00:00,SKU-1003,Notebook Set,Stationery,East,249,2,0.0,498,498.0
ORD-20260822-0091,2026-08-22,2026-08-22 07:47:00,SKU-1007,Water Bottle,Fitness,South,349,1,0.0,349,349.0
ORD-20260822-0092,2026-08-22,2026-08-22 00:39:00,SKU-1002,Bluetooth Speaker,Electronics,Unknown,1999,1,15.0,1999,1699.15
ORD-20260822-0093,2026-08-22,2026-08-22 06:48:00,SKU-1010,USB-C Cable,Electronics,North,199,1,0.0,199,199.0
ORD-20260822-0094,2026-08-22,2026-08-22 19:00:00,SKU-1009,Phone Case,Accessories,South,299,1,0.0,299,299.0
ORD-20260822-0095,2026-08-22,2026-08-22 19:56:00,SKU-1005,LED Desk Lamp,Furniture,Central,899,3,0.0,2697,2697.0
ORD-20260822-0096,2026-08-22,2026-08-22 17:34:00,SKU-1008,Backpack,Accessories,South,1499,1,15.0,1499,1274.15
ORD-20260822-0097,2026-08-22,2026-08-22 02:14:00,SKU-1009,Phone Case,Accessories,Unknown,299,1,10.0,299,269.1
ORD-20260822-0098,2026-08-22,2026-08-22 09:14:00,SKU-1009,Phone Case,Accessories,East,299,2,15.0,598,508.3
ORD-20260822-0099,2026-08-22,2026-08-22 16:25:00,SKU-1006,Yoga Mat,Fitness,Central,599,1,0.0,599,599.0
ORD-20260822-0100,2026-08-22,2026-08-22 17:54:00,SKU-1002,Bluetooth Speaker,Electronics,North,1999,1,0.0,1999,1999.0
ORD-20260822-0101,2026-08-22,2026-08-22 04:36:00,SKU-1001,Wireless Mouse,Electronics,Unknown,799,1,0.0,799,799.0
ORD-20260822-0102,2026-08-22,2026-08-22 08:09:00,SKU-1009,Phone Case,Accessories,South,299,2,0.0,598,598.0
ORD-20260822-0103,2026-08-22,2026-08-22 22:20:00,SKU-1004,Office Chair,Furniture,East,5499,1,15.0,5499,4674.15
ORD-20260822-0104,2026-08-22,2026-08-22 05:56:00,SKU-1002,Bluetooth Speaker,Electronics,Unknown,1999,1,0.0,1999,1999.0
ORD-20260822-0105,2026-08-22,2026-08-22 12:37:00,SKU-1004,Office Chair,Furniture,South,5499,1,0.0,5499,5499.0
ORD-20260822-0106,2026-08-22,2026-08-22 02:12:00,SKU-1002,Bluetooth Speaker,Electronics,Central,1999,1,0.0,1999,1999.0
ORD-20260822-0107,2026-08-22,2026-08-22 20:53:00,SKU-1010,USB-C Cable,Electronics,North,199,2,5.0,398,378.1
ORD-20260822-0108,2026-08-22,2026-08-22 23:11:00,SKU-1001,Wireless Mouse,Electronics,South,799,1,0.0,799,799.0
ORD-20260822-0109,2026-08-22,2026-08-22 09:58:00,SKU-1006,Yoga Mat,Fitness,South,599,1,5.0,599,569.05
ORD-20260822-0110,2026-08-22,2026-08-22 16:31:00,SKU-1004,Office Chair,Furniture,West,5499,1,0.0,5499,5499.0
ORD-20260822-0111,2026-08-22,2026-08-22 04:46:00,SKU-1001,Wireless Mouse,Electronics,Central,799,2,0.0,1598,1598.0
ORD-20260822-0112,2026-08-22,2026-08-22 00:39:00,SKU-1008,Backpack,Accessories,South,1499,1,0.0,1499,1499.0
ORD-20260822-0113,2026-08-22,2026-08-22 18:30:00,SKU-1009,Phone Case,Accessories,Unknown,299,2,10.0,598,538.2
ORD-20260822-0114,2026-08-22,2026-08-22 02:29:00,SKU-1001,Wireless Mouse,Electronics,South,799,1,0.0,799,799.0
ORD-20260822-0115,2026-08-22,2026-08-22 06:41:00,SKU-1010,USB-C Cable,Electronics,North,199,1,0.0,199,199.0
ORD-20260822-0116,2026-08-22,2026-08-22 02:52:00,SKU-1009,Phone Case,Accessories,Central,299,1,10.0,299,269.1
ORD-20260822-0117,2026-08-22,2026-08-22 13:54:00,SKU-1009,Phone Case,Accessories,West,299,4,0.0,1196,1196.0
ORD-20260822-0118,2026-08-22,2026-08-22 04:15:00,SKU-1010,USB-C Cable,Electronics,South,199,1,0.0,199,199.0
ORD-20260822-0119,2026-08-22,2026-08-22 04:16:00,SKU-1005,LED Desk Lamp,Furniture,East,899,1,0.0,899,899.0
ORD-20260823-0000,2026-08-23,2026-08-23 15:06:00,SKU-1005,LED Desk Lamp,Furniture,South,899,1,10.0,899,809.1
ORD-20260823-0001,2026-08-23,2026-08-23 00:05:00,SKU-1006,Yoga Mat,Fitness,Unknown,599,1,15.0,599,509.15
ORD-20260823-0002,2026-08-23,2026-08-23 23:26:00,SKU-1006,Yoga Mat,Fitness,West,599,1,5.0,599,569.05
ORD-20260823-0003,2026-08-23,2026-08-23 05:28:00,SKU-1004,Office Chair,Furniture,North,5499,2,0.0,10998,10998.0
ORD-20260823-0004,2026-08-23,2026-08-23 18:05:00,SKU-1005,LED Desk Lamp,Furniture,Central,899,1,0.0,899,899.0
ORD-20260823-0005,2026-08-23,2026-08-23 07:26:00,SKU-1001,Wireless Mouse,Electronics,Central,799,1,5.0,799,759.05
ORD-20260823-0006,2026-08-23,2026-08-23 17:44:00,SKU-1006,Yoga Mat,Fitness,North,599,3,0.0,1797,1797.0
ORD-20260823-0007,2026-08-23,2026-08-23 09:59:00,SKU-1001,Wireless Mouse,Electronics,East,799,1,0.0,799,799.0
ORD-20260823-0008,2026-08-23,2026-08-23 18:49:00,SKU-1009,Phone Case,Accessories,East,299,1,0.0,299,299.0
ORD-20260823-0009,2026-08-23,2026-08-23 21:04:00,SKU-1003,Notebook Set,Stationery,Unknown,249,2,0.0,498,498.0
ORD-20260823-0010,2026-08-23,2026-08-23 17:45:00,SKU-1006,Yoga Mat,Fitness,Central,599,3,15.0,1797,1527.45
ORD-20260823-0011,2026-08-23,2026-08-23 17:06:00,SKU-1004,Office Chair,Furniture,North,5499,1,0.0,5499,5499.0
ORD-20260823-0012,2026-08-23,2026-08-23 05:29:00,SKU-1003,Notebook Set,Stationery,East,249,3,0.0,747,747.0
ORD-20260823-0013,2026-08-23,2026-08-23 05:55:00,SKU-1008,Backpack,Accessories,North,1499,1,0.0,1499,1499.0
ORD-20260823-0014,2026-08-23,2026-08-23 06:39:00,SKU-1007,Water Bottle,Fitness,Central,349,1,5.0,349,331.55
ORD-20260823-0015,2026-08-23,2026-08-23 20:33:00,SKU-1003,Notebook Set,Stationery,Unknown,249,3,0.0,747,747.0
ORD-20260823-0016,2026-08-23,2026-08-23 19:48:00,SKU-1008,Backpack,Accessories,Unknown,1499,1,0.0,1499,1499.0
ORD-20260823-0017,2026-08-23,2026-08-23 04:28:00,SKU-1009,Phone Case,Accessories,North,299,1,5.0,299,284.05
ORD-20260823-0018,2026-08-23,2026-08-23 20:16:00,SKU-1002,Bluetooth Speaker,Electronics,East,1999,3,5.0,5997,5697.15
ORD-20260823-0019,2026-08-23,2026-08-23 22:25:00,SKU-1005,LED Desk Lamp,Furniture,South,899,2,0.0,1798,1798.0
ORD-20260823-0020,2026-08-23,2026-08-23 08:06:00,SKU-1009,Phone Case,Accessories,East,299,1,15.0,299,254.15
ORD-20260823-0021,2026-08-23,2026-08-23 17:38:00,SKU-1007,Water Bottle,Fitness,North,349,2,5.0,698,663.1
ORD-20260823-0022,2026-08-23,2026-08-23 08:16:00,SKU-1003,Notebook Set,Stationery,Central,249,2,5.0,498,473.1
ORD-20260823-0023,2026-08-23,2026-08-23 17:33:00,SKU-1001,Wireless Mouse,Electronics,Central,799,1,0.0,799,799.0
ORD-20260823-0024,2026-08-23,2026-08-23 14:48:00,SKU-1009,Phone Case,Accessories,Central,299,2,0.0,598,598.0
ORD-20260823-0025,2026-08-23,2026-08-23 06:29:00,SKU-1004,Office Chair,Furniture,Unknown,5499,2,0.0,10998,10998.0
ORD-20260823-0026,2026-08-23,2026-08-23 12:38:00,SKU-1006,Yoga Mat,Fitness,West,599,2,10.0,1198,1078.2
ORD-20260823-0027,2026-08-23,2026-08-23 04:56:00,SKU-1010,USB-C Cable,Electronics,Unknown,199,1,15.0,199,169.15
ORD-20260823-0028,2026-08-23,2026-08-23 00:24:00,SKU-1006,Yoga Mat,Fitness,South,599,1,15.0,599,509.15
ORD-20260823-0029,2026-08-23,2026-08-23 09:22:00,SKU-1003,Notebook Set,Stationery,West,249,1,0.0,249,249.0
ORD-20260823-0030,2026-08-23,2026-08-23 04:30:00,SKU-1001,Wireless Mouse,Electronics,Central,799,1,10.0,799,719.1
ORD-20260823-0031,2026-08-23,2026-08-23 15:55:00,SKU-1007,Water Bottle,Fitness,North,349,1,0.0,349,349.0
ORD-20260823-0032,2026-08-23,2026-08-23 23:46:00,SKU-1007,Water Bottle,Fitness,East,349,1,0.0,349,349.0
ORD-20260823-0033,2026-08-23,2026-08-23 07:02:00,SKU-1001,Wireless Mouse,Electronics,Central,799,2,5.0,1598,1518.1
ORD-20260823-0034,2026-08-23,2026-08-23 11:21:00,SKU-1002,Bluetooth Speaker,Electronics,West,1999,1,0.0,1999,1999.0
ORD-20260823-0035,2026-08-23,2026-08-23 04:40:00,SKU-1007,Water Bottle,Fitness,North,349,1,5.0,349,331.55
ORD-20260823-0036,2026-08-23,2026-08-23 15:28:00,SKU-1007,Water Bottle,Fitness,East,349,1,0.0,349,349.0
ORD-20260823-0037,2026-08-23,2026-08-23 07:24:00,SKU-1004,Office Chair,Furniture,Central,5499,2,15.0,10998,9348.3
ORD-20260823-0038,2026-08-23,2026-08-23 03:36:00,SKU-1007,Water Bottle,Fitness,West,349,1,0.0,349,349.0
ORD-20260823-0039,2026-08-23,2026-08-23 01:05:00,SKU-1002,Bluetooth Speaker,Electronics,Unknown,1999,1,0.0,1999,1999.0
ORD-20260823-0040,2026-08-23,2026-08-23 18:48:00,SKU-1002,Bluetooth Speaker,Electronics,Central,1999,3,10.0,5997,5397.3
ORD-20260824-0000,2026-08-24,2026-08-24 12:40:00,SKU-1008,Backpack,Accessories,North,1499,2,10.0,2998,2698.2
ORD-20260824-0001,2026-08-24,2026-08-24 10:36:00,SKU-1001,Wireless Mouse,Electronics,North,799,2,0.0,1598,1598.0
ORD-20260824-0002,2026-08-24,2026-08-24 07:38:00,SKU-1005,LED Desk Lamp,Furniture,West,899,2,15.0,1798,1528.3
ORD-20260824-0003,2026-08-24,2026-08-24 08:49:00,SKU-1008,Backpack,Accessories,East,1499,3,0.0,4497,4497.0
ORD-20260824-0004,2026-08-24,2026-08-24 11:33:00,SKU-1007,Water Bottle,Fitness,North,349,2,0.0,698,698.0
ORD-20260824-0005,2026-08-24,2026-08-24 07:45:00,SKU-1005,LED Desk Lamp,Furniture,North,899,1,0.0,899,899.0
ORD-20260824-0006,2026-08-24,2026-08-24 08:19:00,SKU-1005,LED Desk Lamp,Furniture,West,899,2,0.0,1798,1798.0
ORD-20260824-0007,2026-08-24,2026-08-24 13:16:00,SKU-1006,Yoga Mat,Fitness,East,599,2,0.0,1198,1198.0
ORD-20260824-0008,2026-08-24,2026-08-24 21:12:00,SKU-1002,Bluetooth Speaker,Electronics,North,1999,1,0.0,1999,1999.0
ORD-20260824-0009,2026-08-24,2026-08-24 11:29:00,SKU-1004,Office Chair,Furniture,Unknown,5499,2,0.0,10998,10998.0
ORD-20260824-0010,2026-08-24,2026-08-24 02:31:00,SKU-1008,Backpack,Accessories,Central,1499,1,10.0,1499,1349.1
ORD-20260824-0011,2026-08-24,2026-08-24 23:24:00,SKU-1006,Yoga Mat,Fitness,North,599,2,10.0,1198,1078.2
ORD-20260824-0012,2026-08-24,2026-08-24 10:22:00,SKU-1010,USB-C Cable,Electronics,South,199,2,0.0,398,398.0
ORD-20260824-0013,2026-08-24,2026-08-24 07:24:00,SKU-1008,Backpack,Accessories,North,1499,1,15.0,1499,1274.15
ORD-20260824-0014,2026-08-24,2026-08-24 17:15:00,SKU-1004,Office Chair,Furniture,East,5499,1,0.0,5499,5499.0
ORD-20260824-0015,2026-08-24,2026-08-24 11:20:00,SKU-1007,Water Bottle,Fitness,North,349,2,5.0,698,663.1
ORD-20260824-0016,2026-08-24,2026-08-24 11:23:00,SKU-1004,Office Chair,Furniture,North,5499,1,15.0,5499,4674.15
ORD-20260824-0017,2026-08-24,2026-08-24 05:04:00,SKU-1006,Yoga Mat,Fitness,East,599,1,5.0,599,569.05
ORD-20260824-0018,2026-08-24,2026-08-24 00:43:00,SKU-1001,Wireless Mouse,Electronics,East,799,2,0.0,1598,1598.0
ORD-20260824-0019,2026-08-24,2026-08-24 14:51:00,SKU-1008,Backpack,Accessories,Unknown,1499,1,0.0,1499,1499.0
ORD-20260824-0020,2026-08-24,2026-08-24 09:43:00,SKU-1008,Backpack,Accessories,Unknown,1499,1,5.0,1499,1424.05
ORD-20260824-0021,2026-08-24,2026-08-24 07:24:00,SKU-1008,Backpack,Accessories,Unknown,1499,1,15.0,1499,1274.15
ORD-20260824-0022,2026-08-24,2026-08-24 18:38:00,SKU-1006,Yoga Mat,Fitness,Central,599,1,10.0,599,539.1
ORD-20260824-0023,2026-08-24,2026-08-24 05:00:00,SKU-1009,Phone Case,Accessories,East,299,1,0.0,299,299.0
ORD-20260824-0024,2026-08-24,2026-08-24 05:00:00,SKU-1004,Office Chair,Furniture,West,5499,1,10.0,5499,4949.1
ORD-20260824-0025,2026-08-24,2026-08-24 12:18:00,SKU-1001,Wireless Mouse,Electronics,South,799,2,0.0,1598,1598.0
ORD-20260824-0026,2026-08-24,2026-08-24 16:09:00,SKU-1007,Water Bottle,Fitness,South,349,1,0.0,349,349.0
ORD-20260824-0027,2026-08-24,2026-08-24 11:48:00,SKU-1001,Wireless Mouse,Electronics,North,799,2,0.0,1598,1598.0
ORD-20260824-0028,2026-08-24,2026-08-24 17:52:00,SKU-1004,Office Chair,Furniture,East,5499,1,5.0,5499,5224.05
ORD-20260824-0029,2026-08-24,2026-08-24 11:33:00,SKU-1002,Bluetooth Speaker,Electronics,Central,1999,2,10.0,3998,3598.2
ORD-20260824-0030,2026-08-24,2026-08-24 18:19:00,SKU-1004,Office Chair,Furniture,Central,5499,3,5.0,16497,15672.15
ORD-20260824-0031,2026-08-24,2026-08-24 02:26:00,SKU-1005,LED Desk Lamp,Furniture,North,899,1,0.0,899,899.0
ORD-20260824-0032,2026-08-24,2026-08-24 00:11:00,SKU-1003,Notebook Set,Stationery,Central,249,1,0.0,249,249.0
ORD-20260824-0033,2026-08-24,2026-08-24 18:05:00,SKU-1007,Water Bottle,Fitness,East,349,1,15.0,349,296.65
ORD-20260824-0034,2026-08-24,2026-08-24 23:34:00,SKU-1005,LED Desk Lamp,Furniture,South,899,1,0.0,899,899.0
ORD-20260824-0035,2026-08-24,2026-08-24 11:42:00,SKU-1010,USB-C Cable,Electronics,East,199,1,0.0,199,199.0
ORD-20260824-0036,2026-08-24,2026-08-24 11:13:00,SKU-1001,Wireless Mouse,Electronics,West,799,1,0.0,799,799.0
ORD-20260824-0037,2026-08-24,2026-08-24 09:22:00,SKU-1005,LED Desk Lamp,Furniture,West,899,1,0.0,899,899.0
ORD-20260824-0038,2026-08-24,2026-08-24 01:17:00,SKU-1005,LED Desk Lamp,Furniture,West,899,1,0.0,899,899.0
ORD-20260824-0039,2026-08-24,2026-08-24 18:24:00,SKU-1007,Water Bottle,Fitness,Unknown,349,3,0.0,1047,1047.0
ORD-20260824-0040,2026-08-24,2026-08-24 15:00:00,SKU-1007,Water Bottle,Fitness,Unknown,349,2,0.0,698,698.0
ORD-20260824-0041,2026-08-24,2026-08-24 12:38:00,SKU-1003,Notebook Set,Stationery,North,249,1,15.0,249,211.65
ORD-20260824-0042,2026-08-24,2026-08-24 12:18:00,SKU-1001,Wireless Mouse,Electronics,East,799,2,15.0,1598,1358.3
ORD-20260824-0043,2026-08-24,2026-08-24 07:03:00,SKU-1004,Office Chair,Furniture,Central,5499,2,5.0,10998,10448.1
ORD-20260824-0044,2026-08-24,2026-08-24 16:05:00,SKU-1006,Yoga Mat,Fitness,Central,599,2,10.0,1198,1078.2
ORD-20260824-0045,2026-08-24,2026-08-24 21:59:00,SKU-1005,LED Desk Lamp,Furniture,North,899,1,0.0,899,899.0
ORD-20260824-0046,2026-08-24,2026-08-24 05:51:00,SKU-1010,USB-C Cable,Electronics,Unknown,199,1,0.0,199,199.0
ORD-20260824-0047,2026-08-24,2026-08-24 23:50:00,SKU-1010,USB-C Cable,Electronics,Unknown,199,1,0.0,199,199.0
ORD-20260824-0048,2026-08-24,2026-08-24 17:00:00,SKU-1002,Bluetooth Speaker,Electronics,East,1999,1,10.0,1999,1799.1
ORD-20260824-0049,2026-08-24,2026-08-24 13:35:00,SKU-1009,Phone Case,Accessories,North,299,1,5.0,299,284.05
ORD-20260824-0050,2026-08-24,2026-08-24 06:58:00,SKU-1003,Notebook Set,Stationery,East,249,1,15.0,249,211.65
ORD-20260824-0051,2026-08-24,2026-08-24 12:46:00,SKU-1002,Bluetooth Speaker,Electronics,South,1999,1,10.0,1999,1799.1
ORD-20260824-0052,2026-08-24,2026-08-24 16:06:00,SKU-1009,Phone Case,Accessories,Central,299,1,15.0,299,254.15
ORD-20260824-0053,2026-08-24,2026-08-24 13:28:00,SKU-1001,Wireless Mouse,Electronics,West,799,1,15.0,799,679.15
ORD-20260824-0054,2026-08-24,2026-08-24 21:30:00,SKU-1007,Water Bottle,Fitness,South,349,1,0.0,349,349.0
ORD-20260824-0055,2026-08-24,2026-08-24 22:24:00,SKU-1003,Notebook Set,Stationery,Central,249,2,10.0,498,448.2
ORD-20260824-0056,2026-08-24,2026-08-24 10:44:00,SKU-1004,Office Chair,Furniture,North,5499,1,10.0,5499,4949.1
ORD-20260825-0000,2026-08-25,2026-08-25 23:32:00,SKU-1009,Phone Case,Accessories,South,299,2,10.0,598,538.2
ORD-20260825-0001,2026-08-25,2026-08-25 23:19:00,SKU-1003,Notebook Set,Stationery,South,249,1,0.0,249,249.0
ORD-20260825-0002,2026-08-25,2026-08-25 04:18:00,SKU-1005,LED Desk Lamp,Furniture,Central,899,2,0.0,1798,1798.0
ORD-20260825-0003,2026-08-25,2026-08-25 21:20:00,SKU-1010,USB-C Cable,Electronics,South,199,1,0.0,199,199.0
ORD-20260825-0004,2026-08-25,2026-08-25 15:31:00,SKU-1005,LED Desk Lamp,Furniture,South,899,1,15.0,899,764.15
ORD-20260825-0005,2026-08-25,2026-08-25 11:45:00,SKU-1005,LED Desk Lamp,Furniture,North,899,3,10.0,2697,2427.3
ORD-20260825-0006,2026-08-25,2026-08-25 12:53:00,SKU-1010,USB-C Cable,Electronics,North,199,2,0.0,398,398.0
ORD-20260825-0007,2026-08-25,2026-08-25 20:13:00,SKU-1004,Office Chair,Furniture,South,5499,3,0.0,16497,16497.0
ORD-20260825-0008,2026-08-25,2026-08-25 08:52:00,SKU-1001,Wireless Mouse,Electronics,West,799,2,15.0,1598,1358.3
ORD-20260825-0009,2026-08-25,2026-08-25 17:17:00,SKU-1004,Office Chair,Furniture,East,5499,3,5.0,16497,15672.15
ORD-20260825-0010,2026-08-25,2026-08-25 19:40:00,SKU-1003,Notebook Set,Stationery,North,249,1,5.0,249,236.55
ORD-20260825-0011,2026-08-25,2026-08-25 19:41:00,SKU-1003,Notebook Set,Stationery,East,249,1,0.0,249,249.0
ORD-20260825-0012,2026-08-25,2026-08-25 04:37:00,SKU-1009,Phone Case,Accessories,North,299,3,0.0,897,897.0
ORD-20260825-0013,2026-08-25,2026-08-25 08:19:00,SKU-1004,Office Chair,Furniture,Central,5499,1,5.0,5499,5224.05
ORD-20260825-0014,2026-08-25,2026-08-25 05:07:00,SKU-1006,Yoga Mat,Fitness,East,599,1,0.0,599,599.0
ORD-20260825-0015,2026-08-25,2026-08-25 05:31:00,SKU-1004,Office Chair,Furniture,South,5499,2,10.0,10998,9898.2
ORD-20260825-0016,2026-08-25,2026-08-25 10:49:00,SKU-1001,Wireless Mouse,Electronics,North,799,1,5.0,799,759.05
ORD-20260825-0017,2026-08-25,2026-08-25 19:22:00,SKU-1007,Water Bottle,Fitness,Central,349,1,15.0,349,296.65
ORD-20260825-0018,2026-08-25,2026-08-25 20:14:00,SKU-1006,Yoga Mat,Fitness,East,599,1,5.0,599,569.05
ORD-20260825-0019,2026-08-25,2026-08-25 12:12:00,SKU-1002,Bluetooth Speaker,Electronics,Unknown,1999,1,0.0,1999,1999.0
ORD-20260825-0020,2026-08-25,2026-08-25 17:44:00,SKU-1010,USB-C Cable,Electronics,North,199,4,0.0,796,796.0
ORD-20260825-0021,2026-08-25,2026-08-25 22:51:00,SKU-1010,USB-C Cable,Electronics,North,199,1,0.0,199,199.0
ORD-20260825-0022,2026-08-25,2026-08-25 07:11:00,SKU-1009,Phone Case,Accessories,Unknown,299,1,15.0,299,254.15
ORD-20260825-0023,2026-08-25,2026-08-25 17:27:00,SKU-1008,Backpack,Accessories,Central,1499,2,5.0,2998,2848.1
ORD-20260825-0024,2026-08-25,2026-08-25 04:03:00,SKU-1007,Water Bottle,Fitness,West,349,1,0.0,349,349.0
ORD-20260825-0025,2026-08-25,2026-08-25 09:28:00,SKU-1010,USB-C Cable,Electronics,South,199,2,15.0,398,338.3
ORD-20260825-0026,2026-08-25,2026-08-25 01:39:00,SKU-1001,Wireless Mouse,Electronics,West,799,1,10.0,799,719.1
ORD-20260825-0027,2026-08-25,2026-08-25 13:48:00,SKU-1006,Yoga Mat,Fitness,West,599,2,0.0,1198,1198.0
ORD-20260825-0028,2026-08-25,2026-08-25 19:04:00,SKU-1004,Office Chair,Furniture,North,5499,2,15.0,10998,9348.3
ORD-20260825-0029,2026-08-25,2026-08-25 23:07:00,SKU-1001,Wireless Mouse,Electronics,East,799,1,0.0,799,799.0
ORD-20260825-0030,2026-08-25,2026-08-25 14:33:00,SKU-1007,Water Bottle,Fitness,Unknown,349,1,10.0,349,314.1
ORD-20260825-0031,2026-08-25,2026-08-25 16:12:00,SKU-1005,LED Desk Lamp,Furniture,Central,899,1,0.0,899,899.0
ORD-20260825-0032,2026-08-25,2026-08-25 07:02:00,SKU-1006,Yoga Mat,Fitness,West,599,2,10.0,1198,1078.2
ORD-20260825-0033,2026-08-25,2026-08-25 00:01:00,SKU-1002,Bluetooth Speaker,Electronics,Unknown,1999,1,0.0,1999,1999.0
ORD-20260825-0034,2026-08-25,2026-08-25 07:32:00,SKU-1008,Backpack,Accessories,Unknown,1499,2,0.0,2998,2998.0
ORD-20260825-0035,2026-08-25,2026-08-25 17:30:00,SKU-1001,Wireless Mouse,Electronics,West,799,1,0.0,799,799.0
ORD-20260825-0036,2026-08-25,2026-08-25 20:26:00,SKU-1006,Yoga Mat,Fitness,East,599,1,0.0,599,599.0
ORD-20260825-0037,2026-08-25,2026-08-25 23:00:00,SKU-1010,USB-C Cable,Electronics,South,199,1,0.0,199,199.0
ORD-20260825-0038,2026-08-25,2026-08-25 15:03:00,SKU-1007,Water Bottle,Fitness,Central,349,1,5.0,349,331.55
ORD-20260825-0039,2026-08-25,2026-08-25 09:03:00,SKU-1010,USB-C Cable,Electronics,South,199,1,0.0,199,199.0
ORD-20260825-0040,2026-08-25,2026-08-25 05:44:00,SKU-1003,Notebook Set,Stationery,Central,249,2,0.0,498,498.0
ORD-20260825-0041,2026-08-25,2026-08-25 17:02:00,SKU-1003,Notebook Set,Stationery,West,249,1,0.0,249,249.0
ORD-20260825-0042,2026-08-25,2026-08-25 17:47:00,SKU-1001,Wireless Mouse,Electronics,Central,799,1,0.0,799,799.0
ORD-20260825-0043,2026-08-25,2026-08-25 04:30:00,SKU-1004,Office Chair,Furniture,North,5499,2,0.0,10998,10998.0
ORD-20260825-0044,2026-08-25,2026-08-25 17:32:00,SKU-1010,USB-C Cable,Electronics,South,199,1,0.0,199,199.0
ORD-20260825-0045,2026-08-25,2026-08-25 03:15:00,SKU-1009,Phone Case,Accessories,West,299,3,0.0,897,897.0
ORD-20260826-0000,2026-08-26,2026-08-26 18:02:00,SKU-1004,Office Chair,Furniture,Central,5499,2,5.0,10998,10448.1
ORD-20260826-0001,2026-08-26,2026-08-26 14:48:00,SKU-1009,Phone Case,Accessories,South,299,1,0.0,299,299.0
ORD-20260826-0002,2026-08-26,2026-08-26 04:14:00,SKU-1007,Water Bottle,Fitness,East,349,2,0.0,698,698.0
ORD-20260826-0003,2026-08-26,2026-08-26 01:55:00,SKU-1001,Wireless Mouse,Electronics,Unknown,799,1,0.0,799,799.0
ORD-20260826-0004,2026-08-26,2026-08-26 21:25:00,SKU-1008,Backpack,Accessories,West,1499,1,5.0,1499,1424.05
ORD-20260826-0005,2026-08-26,2026-08-26 06:14:00,SKU-1005,LED Desk Lamp,Furniture,West,899,4,0.0,3596,3596.0
ORD-20260826-0006,2026-08-26,2026-08-26 12:15:00,SKU-1002,Bluetooth Speaker,Electronics,North,1999,1,0.0,1999,1999.0
ORD-20260826-0007,2026-08-26,2026-08-26 01:03:00,SKU-1009,Phone Case,Accessories,South,299,3,0.0,897,897.0
ORD-20260826-0008,2026-08-26,2026-08-26 11:53:00,SKU-1002,Bluetooth Speaker,Electronics,North,1999,1,5.0,1999,1899.05
ORD-20260826-0009,2026-08-26,2026-08-26 14:47:00,SKU-1004,Office Chair,Furniture,South,5499,1,15.0,5499,4674.15
ORD-20260826-0010,2026-08-26,2026-08-26 10:13:00,SKU-1004,Office Chair,Furniture,East,5499,1,0.0,5499,5499.0
ORD-20260826-0011,2026-08-26,2026-08-26 22:17:00,SKU-1001,Wireless Mouse,Electronics,South,799,1,0.0,799,799.0
ORD-20260826-0012,2026-08-26,2026-08-26 23:49:00,SKU-1010,USB-C Cable,Electronics,North,199,3,10.0,597,537.3
ORD-20260826-0013,2026-08-26,2026-08-26 08:33:00,SKU-1005,LED Desk Lamp,Furniture,Central,899,3,0.0,2697,2697.0
ORD-20260826-0014,2026-08-26,2026-08-26 15:34:00,SKU-1001,Wireless Mouse,Electronics,Unknown,799,1,0.0,799,799.0
ORD-20260826-0015,2026-08-26,2026-08-26 00:16:00,SKU-1002,Bluetooth Speaker,Electronics,Central,1999,2,0.0,3998,3998.0
ORD-20260826-0016,2026-08-26,2026-08-26 18:15:00,SKU-1005,LED Desk Lamp,Furniture,North,899,1,15.0,899,764.15
ORD-20260826-0017,2026-08-26,2026-08-26 05:24:00,SKU-1002,Bluetooth Speaker,Electronics,West,1999,1,0.0,1999,1999.0
ORD-20260826-0018,2026-08-26,2026-08-26 03:33:00,SKU-1001,Wireless Mouse,Electronics,North,799,2,0.0,1598,1598.0
ORD-20260826-0019,2026-08-26,2026-08-26 10:35:00,SKU-1004,Office Chair,Furniture,West,5499,1,0.0,5499,5499.0
ORD-20260826-0020,2026-08-26,2026-08-26 18:03:00,SKU-1005,LED Desk Lamp,Furniture,West,899,1,0.0,899,899.0
ORD-20260826-0021,2026-08-26,2026-08-26 06:46:00,SKU-1005,LED Desk Lamp,Furniture,West,899,1,15.0,899,764.15
ORD-20260826-0022,2026-08-26,2026-08-26 18:18:00,SKU-1003,Notebook Set,Stationery,South,249,3,10.0,747,672.3
ORD-20260826-0023,2026-08-26,2026-08-26 07:35:00,SKU-1007,Water Bottle,Fitness,West,349,3,10.0,1047,942.3
ORD-20260826-0024,2026-08-26,2026-08-26 21:37:00,SKU-1005,LED Desk Lamp,Furniture,Central,899,2,0.0,1798,1798.0
ORD-20260826-0025,2026-08-26,2026-08-26 21:01:00,SKU-1001,Wireless Mouse,Electronics,North,799,1,5.0,799,759.05
ORD-20260826-0026,2026-08-26,2026-08-26 17:23:00,SKU-1006,Yoga Mat,Fitness,North,599,1,0.0,599,599.0
ORD-20260826-0027,2026-08-26,2026-08-26 06:05:00,SKU-1001,Wireless Mouse,Electronics,Unknown,799,4,15.0,3196,2716.6
ORD-20260826-0028,2026-08-26,2026-08-26 11:51:00,SKU-1007,Water Bottle,Fitness,East,349,1,0.0,349,349.0
ORD-20260826-0029,2026-08-26,2026-08-26 19:51:00,SKU-1010,USB-C Cable,Electronics,North,199,3,10.0,597,537.3
ORD-20260826-0030,2026-08-26,2026-08-26 01:19:00,SKU-1010,USB-C Cable,Electronics,Unknown,199,1,0.0,199,199.0
ORD-20260826-0031,2026-08-26,2026-08-26 16:43:00,SKU-1007,Water Bottle,Fitness,Central,349,1,0.0,349,349.0
ORD-20260826-0032,2026-08-26,2026-08-26 20:10:00,SKU-1004,Office Chair,Furniture,Unknown,5499,1,15.0,5499,4674.15
ORD-20260826-0033,2026-08-26,2026-08-26 13:07:00,SKU-1009,Phone Case,Accessories,West,299,1,0.0,299,299.0
ORD-20260826-0034,2026-08-26,2026-08-26 17:49:00,SKU-1010,USB-C Cable,Electronics,West,199,3,10.0,597,537.3
ORD-20260826-0035,2026-08-26,2026-08-26 00:32:00,SKU-1004,Office Chair,Furniture,South,5499,2,0.0,10998,10998.0
ORD-20260826-0036,2026-08-26,2026-08-26 10:37:00,SKU-1008,Backpack,Accessories,Central,1499,1,15.0,1499,1274.15
ORD-20260826-0037,2026-08-26,2026-08-26 19:12:00,SKU-1006,Yoga Mat,Fitness,South,599,3,0.0,1797,1797.0
ORD-20260826-0038,2026-08-26,2026-08-26 23:46:00,SKU-1003,Notebook Set,Stationery,West,249,1,0.0,249,249.0
ORD-20260826-0039,2026-08-26,2026-08-26 13:07:00,SKU-1006,Yoga Mat,Fitness,North,599,1,0.0,599,599.0
ORD-20260826-0040,2026-08-26,2026-08-26 03:01:00,SKU-1009,Phone Case,Accessories,Unknown,299,2,15.0,598,508.3
ORD-20260826-0041,2026-08-26,2026-08-26 12:08:00,SKU-1002,Bluetooth Speaker,Electronics,West,1999,1,5.0,1999,1899.05
ORD-20260826-0042,2026-08-26,2026-08-26 16:21:00,SKU-1001,Wireless Mouse,Electronics,Unknown,799,1,15.0,799,679.15
ORD-20260826-0043,2026-08-26,2026-08-26 10:56:00,SKU-1008,Backpack,Accessories,East,1499,1,0.0,1499,1499.0
ORD-20260826-0044,2026-08-26,2026-08-26 13:48:00,SKU-1006,Yoga Mat,Fitness,East,599,1,0.0,599,599.0
ORD-20260826-0045,2026-08-26,2026-08-26 21:31:00,SKU-1003,Notebook Set,Stationery,East,249,1,5.0,249,236.55
ORD-20260826-0046,2026-08-26,2026-08-26 09:42:00,SKU-1003,Notebook Set,Stationery,North,249,1,10.0,249,224.1
ORD-20260826-0047,2026-08-26,2026-08-26 17:09:00,SKU-1002,Bluetooth Speaker,Electronics,East,1999,1,10.0,1999,1799.1
ORD-20260826-0048,2026-08-26,2026-08-26 12:31:00,SKU-1009,Phone Case,Accessories,West,299,1,0.0,299,299.0
ORD-20260826-0049,2026-08-26,2026-08-26 02:30:00,SKU-1005,LED Desk Lamp,Furniture,West,899,2,0.0,1798,1798.0
ORD-20260826-0050,2026-08-26,2026-08-26 14:17:00,SKU-1006,Yoga Mat,Fitness,West,599,2,5.0,1198,1138.1
ORD-20260826-0051,2026-08-26,2026-08-26 22:44:00,SKU-1001,Wireless Mouse,Electronics,North,799,3,0.0,2397,2397.0
ORD-20260826-0052,2026-08-26,2026-08-26 05:11:00,SKU-1001,Wireless Mouse,Electronics,Unknown,799,1,5.0,799,759.05
ORD-20260826-0053,2026-08-26,2026-08-26 04:17:00,SKU-1002,Bluetooth Speaker,Electronics,North,1999,2,0.0,3998,3998.0
ORD-20260826-0054,2026-08-26,2026-08-26 14:54:00,SKU-1002,Bluetooth Speaker,Electronics,Central,1999,1,5.0,1999,1899.05
ORD-20260826-0055,2026-08-26,2026-08-26 01:12:00,SKU-1006,Yoga Mat,Fitness,South,599,1,10.0,599,539.1
ORD-20260826-0056,2026-08-26,2026-08-26 20:50:00,SKU-1002,Bluetooth Speaker,Electronics,East,1999,4,5.0,7996,7596.2
ORD-20260826-0057,2026-08-26,2026-08-26 09:00:00,SKU-1008,Backpack,Accessories,Unknown,1499,1,0.0,1499,1499.0
ORD-20260826-0058,2026-08-26,2026-08-26 15:15:00,SKU-1001,Wireless Mouse,Electronics,South,799,4,5.0,3196,3036.2
ORD-20260826-0059,2026-08-26,2026-08-26 07:29:00,SKU-1003,Notebook Set,Stationery,West,249,1,0.0,249,249.0
ORD-20260826-0060,2026-08-26,2026-08-26 12:57:00,SKU-1009,Phone Case,Accessories,East,299,4,15.0,1196,1016.6
ORD-20260826-0061,2026-08-26,2026-08-26 03:46:00,SKU-1008,Backpack,Accessories,South,1499,3,0.0,4497,4497.0
ORD-20260826-0062,2026-08-26,2026-08-26 21:52:00,SKU-1001,Wireless Mouse,Electronics,West,799,1,5.0,799,759.05
ORD-20260826-0063,2026-08-26,2026-08-26 12:48:00,SKU-1008,Backpack,Accessories,South,1499,1,5.0,1499,1424.05
ORD-20260826-0064,2026-08-26,2026-08-26 03:49:00,SKU-1008,Backpack,Accessories,Central,1499,3,10.0,4497,4047.3
ORD-20260826-0065,2026-08-26,2026-08-26 12:15:00,SKU-1009,Phone Case,Accessories,Central,299,1,15.0,299,254.15
ORD-20260826-0066,2026-08-26,2026-08-26 14:19:00,SKU-1004,Office Chair,Furniture,South,5499,3,5.0,16497,15672.15
ORD-20260826-0067,2026-08-26,2026-08-26 04:08:00,SKU-1001,Wireless Mouse,Electronics,East,799,2,0.0,1598,1598.0
ORD-20260826-0068,2026-08-26,2026-08-26 04:37:00,SKU-1004,Office Chair,Furniture,Central,5499,1,15.0,5499,4674.15
ORD-20260827-0000,2026-08-27,2026-08-27 07:07:00,SKU-1001,Wireless Mouse,Electronics,West,799,1,0.0,799,799.0
ORD-20260827-0001,2026-08-27,2026-08-27 17:13:00,SKU-1008,Backpack,Accessories,South,1499,2,0.0,2998,2998.0
ORD-20260827-0002,2026-08-27,2026-08-27 01:57:00,SKU-1010,USB-C Cable,Electronics,South,199,1,0.0,199,199.0
ORD-20260827-0003,2026-08-27,2026-08-27 08:17:00,SKU-1004,Office Chair,Furniture,Central,5499,1,0.0,5499,5499.0
ORD-20260827-0004,2026-08-27,2026-08-27 07:26:00,SKU-1008,Backpack,Accessories,Unknown,1499,1,0.0,1499,1499.0
ORD-20260827-0005,2026-08-27,2026-08-27 06:30:00,SKU-1006,Yoga Mat,Fitness,South,599,1,15.0,599,509.15
ORD-20260827-0006,2026-08-27,2026-08-27 01:04:00,SKU-1001,Wireless Mouse,Electronics,Unknown,799,4,5.0,3196,3036.2
ORD-20260827-0007,2026-08-27,2026-08-27 15:23:00,SKU-1004,Office Chair,Furniture,Central,5499,1,0.0,5499,5499.0
ORD-20260827-0008,2026-08-27,2026-08-27 20:26:00,SKU-1006,Yoga Mat,Fitness,Central,599,2,5.0,1198,1138.1
ORD-20260827-0009,2026-08-27,2026-08-27 10:29:00,SKU-1010,USB-C Cable,Electronics,Unknown,199,3,0.0,597,597.0
ORD-20260827-0010,2026-08-27,2026-08-27 10:42:00,SKU-1006,Yoga Mat,Fitness,East,599,1,0.0,599,599.0
ORD-20260827-0011,2026-08-27,2026-08-27 10:33:00,SKU-1003,Notebook Set,Stationery,Unknown,249,1,10.0,249,224.1
ORD-20260827-0012,2026-08-27,2026-08-27 03:31:00,SKU-1001,Wireless Mouse,Electronics,South,799,1,10.0,799,719.1
ORD-20260827-0013,2026-08-27,2026-08-27 20:15:00,SKU-1006,Yoga Mat,Fitness,Central,599,1,0.0,599,599.0
ORD-20260827-0014,2026-08-27,2026-08-27 23:41:00,SKU-1003,Notebook Set,Stationery,South,249,2,0.0,498,498.0
ORD-20260827-0015,2026-08-27,2026-08-27 07:59:00,SKU-1010,USB-C Cable,Electronics,Central,199,1,0.0,199,199.0
ORD-20260827-0016,2026-08-27,2026-08-27 08:26:00,SKU-1005,LED Desk Lamp,Furniture,Central,899,1,15.0,899,764.15
ORD-20260827-0017,2026-08-27,2026-08-27 13:59:00,SKU-1009,Phone Case,Accessories,West,299,1,15.0,299,254.15
ORD-20260827-0018,2026-08-27,2026-08-27 11:21:00,SKU-1007,Water Bottle,Fitness,Central,349,2,0.0,698,698.0
ORD-20260827-0019,2026-08-27,2026-08-27 22:24:00,SKU-1008,Backpack,Accessories,North,1499,1,0.0,1499,1499.0
ORD-20260827-0020,2026-08-27,2026-08-27 01:28:00,SKU-1005,LED Desk Lamp,Furniture,West,899,1,0.0,899,899.0
ORD-20260827-0021,2026-08-27,2026-08-27 05:32:00,SKU-1007,Water Bottle,Fitness,Central,349,2,5.0,698,663.1
ORD-20260827-0022,2026-08-27,2026-08-27 15:15:00,SKU-1004,Office Chair,Furniture,Central,5499,1,5.0,5499,5224.05
ORD-20260827-0023,2026-08-27,2026-08-27 15:05:00,SKU-1008,Backpack,Accessories,Central,1499,1,0.0,1499,1499.0
ORD-20260827-0024,2026-08-27,2026-08-27 16:25:00,SKU-1004,Office Chair,Furniture,West,5499,1,0.0,5499,5499.0
ORD-20260827-0025,2026-08-27,2026-08-27 18:47:00,SKU-1001,Wireless Mouse,Electronics,Unknown,799,1,0.0,799,799.0
ORD-20260827-0026,2026-08-27,2026-08-27 09:11:00,SKU-1009,Phone Case,Accessories,East,299,4,0.0,1196,1196.0
ORD-20260827-0027,2026-08-27,2026-08-27 13:10:00,SKU-1001,Wireless Mouse,Electronics,South,799,2,0.0,1598,1598.0
ORD-20260827-0028,2026-08-27,2026-08-27 14:08:00,SKU-1002,Bluetooth Speaker,Electronics,Unknown,1999,1,5.0,1999,1899.05
ORD-20260827-0029,2026-08-27,2026-08-27 16:01:00,SKU-1005,LED Desk Lamp,Furniture,South,899,4,0.0,3596,3596.0
ORD-20260827-0030,2026-08-27,2026-08-27 00:41:00,SKU-1006,Yoga Mat,Fitness,North,599,2,0.0,1198,1198.0
ORD-20260827-0031,2026-08-27,2026-08-27 06:24:00,SKU-1002,Bluetooth Speaker,Electronics,North,1999,1,5.0,1999,1899.05
ORD-20260827-0032,2026-08-27,2026-08-27 17:07:00,SKU-1009,Phone Case,Accessories,West,299,2,5.0,598,568.1
ORD-20260827-0033,2026-08-27,2026-08-27 03:39:00,SKU-1010,USB-C Cable,Electronics,South,199,1,0.0,199,199.0
ORD-20260827-0034,2026-08-27,2026-08-27 11:21:00,SKU-1005,LED Desk Lamp,Furniture,East,899,1,5.0,899,854.05
ORD-20260827-0035,2026-08-27,2026-08-27 07:15:00,SKU-1009,Phone Case,Accessories,South,299,1,0.0,299,299.0
ORD-20260827-0036,2026-08-27,2026-08-27 19:51:00,SKU-1007,Water Bottle,Fitness,South,349,3,0.0,1047,1047.0
ORD-20260827-0037,2026-08-27,2026-08-27 05:29:00,SKU-1009,Phone Case,Accessories,East,299,1,0.0,299,299.0
ORD-20260827-0038,2026-08-27,2026-08-27 00:44:00,SKU-1007,Water Bottle,Fitness,North,349,2,0.0,698,698.0
ORD-20260827-0039,2026-08-27,2026-08-27 00:48:00,SKU-1005,LED Desk Lamp,Furniture,West,899,1,0.0,899,899.0
ORD-20260827-0040,2026-08-27,2026-08-27 15:38:00,SKU-1005,LED Desk Lamp,Furniture,South,899,2,0.0,1798,1798.0
ORD-20260827-0041,2026-08-27,2026-08-27 15:44:00,SKU-1006,Yoga Mat,Fitness,South,599,2,0.0,1198,1198.0
ORD-20260827-0042,2026-08-27,2026-08-27 09:41:00,SKU-1003,Notebook Set,Stationery,Central,249,1,0.0,249,249.0
ORD-20260827-0043,2026-08-27,2026-08-27 05:41:00,SKU-1006,Yoga Mat,Fitness,Unknown,599,3,10.0,1797,1617.3
ORD-20260827-0044,2026-08-27,2026-08-27 13:16:00,SKU-1010,USB-C Cable,Electronics,Central,199,1,0.0,199,199.0
ORD-20260827-0045,2026-08-27,2026-08-27 00:40:00,SKU-1008,Backpack,Accessories,West,1499,2,15.0,2998,2548.3
ORD-20260827-0046,2026-08-27,2026-08-27 06:26:00,SKU-1007,Water Bottle,Fitness,Central,349,2,15.0,698,593.3
ORD-20260827-0047,2026-08-27,2026-08-27 22:25:00,SKU-1002,Bluetooth Speaker,Electronics,Central,1999,1,0.0,1999,1999.0
ORD-20260827-0048,2026-08-27,2026-08-27 00:51:00,SKU-1009,Phone Case,Accessories,North,299,1,5.0,299,284.05
ORD-20260827-0049,2026-08-27,2026-08-27 14:54:00,SKU-1007,Water Bottle,Fitness,Central,349,1,0.0,349,349.0
ORD-20260827-0050,2026-08-27,2026-08-27 19:39:00,SKU-1002,Bluetooth Speaker,Electronics,East,1999,2,10.0,3998,3598.2
ORD-20260827-0051,2026-08-27,2026-08-27 16:50:00,SKU-1008,Backpack,Accessories,East,1499,1,0.0,1499,1499.0
ORD-20260827-0052,2026-08-27,2026-08-27 07:47:00,SKU-1003,Notebook Set,Stationery,Central,249,4,0.0,996,996.0
ORD-20260827-0053,2026-08-27,2026-08-27 04:54:00,SKU-1007,Water Bottle,Fitness,West,349,1,15.0,349,296.65
ORD-20260827-0054,2026-08-27,2026-08-27 21:41:00,SKU-1003,Notebook Set,Stationery,South,249,2,5.0,498,473.1
ORD-20260827-0055,2026-08-27,2026-08-27 23:23:00,SKU-1004,Office Chair,Furniture,South,5499,1,0.0,5499,5499.0
ORD-20260827-0056,2026-08-27,2026-08-27 17:50:00,SKU-1001,Wireless Mouse,Electronics,South,799,1,0.0,799,799.0
ORD-20260827-0057,2026-08-27,2026-08-27 11:49:00,SKU-1002,Bluetooth Speaker,Electronics,North,1999,1,0.0,1999,1999.0
ORD-20260827-0058,2026-08-27,2026-08-27 16:46:00,SKU-1008,Backpack,Accessories,North,1499,1,0.0,1499,1499.0
ORD-20260827-0059,2026-08-27,2026-08-27 13:19:00,SKU-1005,LED Desk Lamp,Furniture,West,899,1,0.0,899,899.0
ORD-20260827-0060,2026-08-27,2026-08-27 18:52:00,SKU-1002,Bluetooth Speaker,Electronics,North,1999,1,15.0,1999,1699.15
ORD-20260827-0061,2026-08-27,2026-08-27 14:03:00,SKU-1005,LED Desk Lamp,Furniture,North,899,2,0.0,1798,1798.0
ORD-20260827-0062,2026-08-27,2026-08-27 10:42:00,SKU-1009,Phone Case,Accessories,South,299,2,5.0,598,568.1
ORD-20260827-0063,2026-08-27,2026-08-27 04:01:00,SKU-1008,Backpack,Accessories,South,1499,1,10.0,1499,1349.1
ORD-20260827-0064,2026-08-27,2026-08-27 12:22:00,SKU-1010,USB-C Cable,Electronics,North,199,1,0.0,199,199.0
ORD-20260827-0065,2026-08-27,2026-08-27 21:35:00,SKU-1007,Water Bottle,Fitness,South,349,2,10.0,698,628.2
ORD-20260827-0066,2026-08-27,2026-08-27 18:39:00,SKU-1005,LED Desk Lamp,Furniture,North,899,1,0.0,899,899.0
ORD-20260827-0067,2026-08-27,2026-08-27 20:39:00,SKU-1006,Yoga Mat,Fitness,South,599,1,5.0,599,569.05
ORD-20260827-0068,2026-08-27,2026-08-27 04:16:00,SKU-1004,Office Chair,Furniture,East,5499,1,0.0,5499,5499.0
ORD-20260827-0069,2026-08-27,2026-08-27 19:01:00,SKU-1001,Wireless Mouse,Electronics,Unknown,799,2,0.0,1598,1598.0
ORD-20260827-0070,2026-08-27,2026-08-27 13:58:00,SKU-1001,Wireless Mouse,Electronics,North,799,1,10.0,799,719.1
ORD-20260827-0071,2026-08-27,2026-08-27 22:59:00,SKU-1005,LED Desk Lamp,Furniture,East,899,1,0.0,899,899.0
ORD-20260827-0072,2026-08-27,2026-08-27 20:28:00,SKU-1010,USB-C Cable,Electronics,Unknown,199,1,0.0,199,199.0
ORD-20260827-0073,2026-08-27,2026-08-27 18:31:00,SKU-1002,Bluetooth Speaker,Electronics,West,1999,1,5.0,1999,1899.05
ORD-20260827-0074,2026-08-27,2026-08-27 09:14:00,SKU-1007,Water Bottle,Fitness,South,349,1,0.0,349,349.0
ORD-20260827-0075,2026-08-27,2026-08-27 18:41:00,SKU-1004,Office Chair,Furniture,East,5499,1,15.0,5499,4674.15
ORD-20260827-0076,2026-08-27,2026-08-27 11:21:00,SKU-1006,Yoga Mat,Fitness,North,599,2,10.0,1198,1078.2
ORD-20260827-0077,2026-08-27,2026-08-27 21:03:00,SKU-1003,Notebook Set,Stationery,West,249,2,15.0,498,423.3
ORD-20260827-0078,2026-08-27,2026-08-27 13:12:00,SKU-1005,LED Desk Lamp,Furniture,North,899,3,0.0,2697,2697.0
ORD-20260827-0079,2026-08-27,2026-08-27 06:14:00,SKU-1009,Phone Case,Accessories,South,299,2,10.0,598,538.2
ORD-20260827-0080,2026-08-27,2026-08-27 14:27:00,SKU-1008,Backpack,Accessories,West,1499,2,5.0,2998,2848.1
ORD-20260827-0081,2026-08-27,2026-08-27 04:57:00,SKU-1006,Yoga Mat,Fitness,East,599,1,0.0,599,599.0
ORD-20260827-0082,2026-08-27,2026-08-27 02:21:00,SKU-1009,Phone Case,Accessories,West,299,1,0.0,299,299.0
ORD-20260827-0083,2026-08-27,2026-08-27 04:35:00,SKU-1008,Backpack,Accessories,Unknown,1499,2,0.0,2998,2998.0
ORD-20260827-0084,2026-08-27,2026-08-27 16:09:00,SKU-1005,LED Desk Lamp,Furniture,North,899,1,5.0,899,854.05
ORD-20260827-0085,2026-08-27,2026-08-27 06:15:00,SKU-1003,Notebook Set,Stationery,West,249,1,5.0,249,236.55
ORD-20260827-0086,2026-08-27,2026-08-27 21:32:00,SKU-1005,LED Desk Lamp,Furniture,East,899,2,15.0,1798,1528.3
ORD-20260827-0087,2026-08-27,2026-08-27 17:05:00,SKU-1008,Backpack,Accessories,Unknown,1499,1,0.0,1499,1499.0
ORD-20260827-0088,2026-08-27,2026-08-27 18:43:00,SKU-1009,Phone Case,Accessories,South,299,1,0.0,299,299.0
ORD-20260827-0089,2026-08-27,2026-08-27 01:17:00,SKU-1006,Yoga Mat,Fitness,West,599,3,10.0,1797,1617.3
ORD-20260827-0090,2026-08-27,2026-08-27 02:25:00,SKU-1008,Backpack,Accessories,East,1499,2,0.0,2998,2998.0
ORD-20260827-0091,2026-08-27,2026-08-27 18:26:00,SKU-1002,Bluetooth Speaker,Electronics,Central,1999,2,0.0,3998,3998.0
ORD-20260827-0092,2026-08-27,2026-08-27 11:36:00,SKU-1001,Wireless Mouse,Electronics,West,799,1,0.0,799,799.0
ORD-20260827-0093,2026-08-27,2026-08-27 00:01:00,SKU-1010,USB-C Cable,Electronics,Unknown,199,1,0.0,199,199.0
ORD-20260827-0094,2026-08-27,2026-08-27 08:47:00,SKU-1002,Bluetooth Speaker,Electronics,Central,1999,1,0.0,1999,1999.0
ORD-20260827-0095,2026-08-27,2026-08-27 03:15:00,SKU-1009,Phone Case,Accessories,South,299,2,0.0,598,598.0
ORD-20260827-0096,2026-08-27,2026-08-27 02:50:00,SKU-1008,Backpack,Accessories,East,1499,1,0.0,1499,1499.0
ORD-20260827-0097,2026-08-27,2026-08-27 07:44:00,SKU-1005,LED Desk Lamp,Furniture,South,899,4,0.0,3596,3596.0
ORD-20260827-0098,2026-08-27,2026-08-27 06:23:00,SKU-1004,Office Chair,Furniture,East,5499,3,0.0,16497,16497.0
ORD-20260827-0099,2026-08-27,2026-08-27 07:02:00,SKU-1009,Phone Case,Accessories,East,299,1,15.0,299,254.15
ORD-20260827-0100,2026-08-27,2026-08-27 08:13:00,SKU-1001,Wireless Mouse,Electronics,North,799,2,10.0,1598,1438.2
ORD-20260827-0101,2026-08-27,2026-08-27 23:20:00,SKU-1003,Notebook Set,Stationery,West,249,1,10.0,249,224.1
ORD-20260827-0102,2026-08-27,2026-08-27 09:31:00,SKU-1008,Backpack,Accessories,West,1499,1,0.0,1499,1499.0
ORD-20260827-0103,2026-08-27,2026-08-27 03:15:00,SKU-1005,LED Desk Lamp,Furniture,Unknown,899,2,0.0,1798,1798.0
ORD-20260827-0104,2026-08-27,2026-08-27 01:08:00,SKU-1004,Office Chair,Furniture,West,5499,3,10.0,16497,14847.3
ORD-20260827-0105,2026-08-27,2026-08-27 10:56:00,SKU-1006,Yoga Mat,Fitness,South,599,2,0.0,1198,1198.0
ORD-20260827-0106,2026-08-27,2026-08-27 07:51:00,SKU-1008,Backpack,Accessories,East,1499,1,15.0,1499,1274.15
ORD-20260827-0107,2026-08-27,2026-08-27 01:44:00,SKU-1004,Office Chair,Furniture,Central,5499,1,0.0,5499,5499.0
ORD-20260827-0108,2026-08-27,2026-08-27 23:55:00,SKU-1001,Wireless Mouse,Electronics,West,799,2,0.0,1598,1598.0
ORD-20260827-0109,2026-08-27,2026-08-27 16:25:00,SKU-1009,Phone Case,Accessories,Central,299,1,0.0,299,299.0
ORD-20260827-0110,2026-08-27,2026-08-27 22:50:00,SKU-1009,Phone Case,Accessories,West,299,1,0.0,299,299.0
ORD-20260827-0111,2026-08-27,2026-08-27 20:34:00,SKU-1002,Bluetooth Speaker,Electronics,West,1999,2,0.0,3998,3998.0
ORD-20260827-0112,2026-08-27,2026-08-27 13:37:00,SKU-1001,Wireless Mouse,Electronics,East,799,1,10.0,799,719.1
ORD-20260827-0113,2026-08-27,2026-08-27 15:29:00,SKU-1003,Notebook Set,Stationery,North,249,3,0.0,747,747.0
ORD-20260827-0114,2026-08-27,2026-08-27 17:04:00,SKU-1005,LED Desk Lamp,Furniture,North,899,2,15.0,1798,1528.3
ORD-20260827-0115,2026-08-27,2026-08-27 09:36:00,SKU-1010,USB-C Cable,Electronics,Central,199,1,0.0,199,199.0
ORD-20260827-0116,2026-08-27,2026-08-27 06:14:00,SKU-1009,Phone Case,Accessories,West,299,2,0.0,598,598.0
ORD-20260827-0117,2026-08-27,2026-08-27 21:07:00,SKU-1005,LED Desk Lamp,Furniture,South,899,2,0.0,1798,1798.0
ORD-20260827-0118,2026-08-27,2026-08-27 03:24:00,SKU-1001,Wireless Mouse,Electronics,West,799,2,0.0,1598,1598.0
ORD-20260827-0119,2026-08-27,2026-08-27 15:03:00,SKU-1010,USB-C Cable,Electronics,North,199,1,15.0,199,169.15
ORD-20260828-0000,2026-08-28,2026-08-28 12:38:00,SKU-1001,Wireless Mouse,Electronics,Unknown,799,1,0.0,799,799.0
ORD-20260828-0001,2026-08-28,2026-08-28 07:27:00,SKU-1005,LED Desk Lamp,Furniture,East,899,1,10.0,899,809.1
ORD-20260828-0002,2026-08-28,2026-08-28 13:30:00,SKU-1002,Bluetooth Speaker,Electronics,West,1999,1,0.0,1999,1999.0
ORD-20260828-0003,2026-08-28,2026-08-28 10:44:00,SKU-1001,Wireless Mouse,Electronics,South,799,1,0.0,799,799.0
ORD-20260828-0004,2026-08-28,2026-08-28 07:42:00,SKU-1005,LED Desk Lamp,Furniture,South,899,1,0.0,899,899.0
ORD-20260828-0005,2026-08-28,2026-08-28 19:52:00,SKU-1006,Yoga Mat,Fitness,North,599,1,5.0,599,569.05
ORD-20260828-0006,2026-08-28,2026-08-28 12:17:00,SKU-1004,Office Chair,Furniture,North,5499,1,0.0,5499,5499.0
ORD-20260828-0007,2026-08-28,2026-08-28 04:38:00,SKU-1007,Water Bottle,Fitness,South,349,1,15.0,349,296.65
ORD-20260828-0008,2026-08-28,2026-08-28 14:12:00,SKU-1005,LED Desk Lamp,Furniture,South,899,1,0.0,899,899.0
ORD-20260828-0009,2026-08-28,2026-08-28 18:34:00,SKU-1009,Phone Case,Accessories,East,299,1,0.0,299,299.0
ORD-20260828-0010,2026-08-28,2026-08-28 16:10:00,SKU-1001,Wireless Mouse,Electronics,West,799,4,0.0,3196,3196.0
ORD-20260828-0011,2026-08-28,2026-08-28 02:47:00,SKU-1003,Notebook Set,Stationery,Central,249,1,15.0,249,211.65
ORD-20260828-0012,2026-08-28,2026-08-28 20:57:00,SKU-1010,USB-C Cable,Electronics,West,199,1,5.0,199,189.05
ORD-20260828-0013,2026-08-28,2026-08-28 00:06:00,SKU-1001,Wireless Mouse,Electronics,Central,799,2,0.0,1598,1598.0
ORD-20260828-0014,2026-08-28,2026-08-28 10:48:00,SKU-1008,Backpack,Accessories,Unknown,1499,1,0.0,1499,1499.0
ORD-20260828-0015,2026-08-28,2026-08-28 20:20:00,SKU-1003,Notebook Set,Stationery,West,249,2,5.0,498,473.1
ORD-20260828-0016,2026-08-28,2026-08-28 07:14:00,SKU-1007,Water Bottle,Fitness,West,349,1,5.0,349,331.55
ORD-20260828-0017,2026-08-28,2026-08-28 11:24:00,SKU-1008,Backpack,Accessories,Unknown,1499,1,0.0,1499,1499.0
ORD-20260828-0018,2026-08-28,2026-08-28 22:17:00,SKU-1009,Phone Case,Accessories,South,299,2,0.0,598,598.0
ORD-20260828-0019,2026-08-28,2026-08-28 02:53:00,SKU-1004,Office Chair,Furniture,West,5499,1,0.0,5499,5499.0
ORD-20260828-0020,2026-08-28,2026-08-28 09:55:00,SKU-1005,LED Desk Lamp,Furniture,East,899,1,0.0,899,899.0
ORD-20260828-0021,2026-08-28,2026-08-28 07:42:00,SKU-1002,Bluetooth Speaker,Electronics,Central,1999,3,15.0,5997,5097.45
ORD-20260828-0022,2026-08-28,2026-08-28 10:22:00,SKU-1008,Backpack,Accessories,West,1499,1,0.0,1499,1499.0
ORD-20260828-0023,2026-08-28,2026-08-28 12:40:00,SKU-1008,Backpack,Accessories,North,1499,1,0.0,1499,1499.0
ORD-20260828-0024,2026-08-28,2026-08-28 00:19:00,SKU-1006,Yoga Mat,Fitness,South,599,1,0.0,599,599.0
ORD-20260828-0025,2026-08-28,2026-08-28 07:24:00,SKU-1010,USB-C Cable,Electronics,East,199,2,0.0,398,398.0
ORD-20260828-0026,2026-08-28,2026-08-28 13:52:00,SKU-1003,Notebook Set,Stationery,Unknown,249,2,5.0,498,473.1
ORD-20260828-0027,2026-08-28,2026-08-28 13:52:00,SKU-1003,Notebook Set,Stationery,West,249,4,0.0,996,996.0
ORD-20260828-0028,2026-08-28,2026-08-28 11:51:00,SKU-1009,Phone Case,Accessories,South,299,2,15.0,598,508.3
ORD-20260828-0029,2026-08-28,2026-08-28 02:07:00,SKU-1010,USB-C Cable,Electronics,West,199,4,0.0,796,796.0
ORD-20260828-0030,2026-08-28,2026-08-28 05:36:00,SKU-1002,Bluetooth Speaker,Electronics,Central,1999,4,0.0,7996,7996.0
ORD-20260828-0031,2026-08-28,2026-08-28 05:17:00,SKU-1009,Phone Case,Accessories,West,299,1,5.0,299,284.05
ORD-20260828-0032,2026-08-28,2026-08-28 04:11:00,SKU-1005,LED Desk Lamp,Furniture,North,899,1,15.0,899,764.15
ORD-20260828-0033,2026-08-28,2026-08-28 10:16:00,SKU-1007,Water Bottle,Fitness,North,349,3,15.0,1047,889.95
ORD-20260828-0034,2026-08-28,2026-08-28 06:55:00,SKU-1009,Phone Case,Accessories,Central,299,1,0.0,299,299.0
ORD-20260828-0035,2026-08-28,2026-08-28 08:34:00,SKU-1007,Water Bottle,Fitness,South,349,2,10.0,698,628.2
ORD-20260828-0036,2026-08-28,2026-08-28 20:58:00,SKU-1002,Bluetooth Speaker,Electronics,West,1999,2,0.0,3998,3998.0
ORD-20260828-0037,2026-08-28,2026-08-28 11:31:00,SKU-1001,Wireless Mouse,Electronics,West,799,1,0.0,799,799.0
ORD-20260828-0038,2026-08-28,2026-08-28 16:31:00,SKU-1009,Phone Case,Accessories,North,299,1,5.0,299,284.05
ORD-20260828-0039,2026-08-28,2026-08-28 05:34:00,SKU-1006,Yoga Mat,Fitness,North,599,1,10.0,599,539.1
ORD-20260828-0040,2026-08-28,2026-08-28 10:52:00,SKU-1009,Phone Case,Accessories,East,299,1,0.0,299,299.0
ORD-20260828-0041,2026-08-28,2026-08-28 01:58:00,SKU-1004,Office Chair,Furniture,South,5499,2,5.0,10998,10448.1
ORD-20260828-0042,2026-08-28,2026-08-28 13:24:00,SKU-1009,Phone Case,Accessories,North,299,4,0.0,1196,1196.0
ORD-20260828-0043,2026-08-28,2026-08-28 15:53:00,SKU-1005,LED Desk Lamp,Furniture,Central,899,1,0.0,899,899.0
ORD-20260828-0044,2026-08-28,2026-08-28 11:48:00,SKU-1006,Yoga Mat,Fitness,East,599,2,0.0,1198,1198.0
ORD-20260828-0045,2026-08-28,2026-08-28 16:25:00,SKU-1004,Office Chair,Furniture,South,5499,1,5.0,5499,5224.05
ORD-20260828-0046,2026-08-28,2026-08-28 00:29:00,SKU-1006,Yoga Mat,Fitness,Central,599,1,5.0,599,569.05
ORD-20260828-0047,2026-08-28,2026-08-28 03:10:00,SKU-1004,Office Chair,Furniture,Unknown,5499,1,0.0,5499,5499.0
ORD-20260828-0048,2026-08-28,2026-08-28 17:43:00,SKU-1001,Wireless Mouse,Electronics,Central,799,1,15.0,799,679.15
ORD-20260828-0049,2026-08-28,2026-08-28 19:55:00,SKU-1010,USB-C Cable,Electronics,Central,199,3,0.0,597,597.0
ORD-20260828-0050,2026-08-28,2026-08-28 13:33:00,SKU-1008,Backpack,Accessories,West,1499,1,5.0,1499,1424.05
ORD-20260828-0051,2026-08-28,2026-08-28 05:08:00,SKU-1009,Phone Case,Accessories,West,299,3,10.0,897,807.3
ORD-20260828-0052,2026-08-28,2026-08-28 05:15:00,SKU-1004,Office Chair,Furniture,West,5499,1,0.0,5499,5499.0
ORD-20260828-0053,2026-08-28,2026-08-28 10:40:00,SKU-1010,USB-C Cable,Electronics,North,199,2,0.0,398,398.0
ORD-20260828-0054,2026-08-28,2026-08-28 00:30:00,SKU-1004,Office Chair,Furniture,West,5499,1,0.0,5499,5499.0
ORD-20260828-0055,2026-08-28,2026-08-28 09:29:00,SKU-1004,Office Chair,Furniture,South,5499,1,0.0,5499,5499.0
ORD-20260828-0056,2026-08-28,2026-08-28 01:30:00,SKU-1003,Notebook Set,Stationery,East,249,2,0.0,498,498.0
ORD-20260828-0057,2026-08-28,2026-08-28 12:34:00,SKU-1002,Bluetooth Speaker,Electronics,East,1999,1,5.0,1999,1899.05
ORD-20260828-0058,2026-08-28,2026-08-28 18:33:00,SKU-1006,Yoga Mat,Fitness,Central,599,1,0.0,599,599.0
ORD-20260828-0059,2026-08-28,2026-08-28 12:19:00,SKU-1005,LED Desk Lamp,Furniture,South,899,2,15.0,1798,1528.3
ORD-20260828-0060,2026-08-28,2026-08-28 15:38:00,SKU-1005,LED Desk Lamp,Furniture,North,899,1,15.0,899,764.15
ORD-20260828-0061,2026-08-28,2026-08-28 17:42:00,SKU-1001,Wireless Mouse,Electronics,West,799,1,15.0,799,679.15
ORD-20260828-0062,2026-08-28,2026-08-28 09:40:00,SKU-1006,Yoga Mat,Fitness,North,599,1,0.0,599,599.0
ORD-20260828-0063,2026-08-28,2026-08-28 10:15:00,SKU-1009,Phone Case,Accessories,Unknown,299,1,0.0,299,299.0
ORD-20260828-0064,2026-08-28,2026-08-28 05:05:00,SKU-1003,Notebook Set,Stationery,West,249,1,0.0,249,249.0
ORD-20260828-0065,2026-08-28,2026-08-28 22:37:00,SKU-1001,Wireless Mouse,Electronics,West,799,1,15.0,799,679.15
ORD-20260828-0066,2026-08-28,2026-08-28 05:18:00,SKU-1005,LED Desk Lamp,Furniture,West,899,2,0.0,1798,1798.0
ORD-20260828-0067,2026-08-28,2026-08-28 16:18:00,SKU-1007,Water Bottle,Fitness,West,349,1,10.0,349,314.1
ORD-20260828-0068,2026-08-28,2026-08-28 12:00:00,SKU-1003,Notebook Set,Stationery,South,249,1,5.0,249,236.55
ORD-20260828-0069,2026-08-28,2026-08-28 07:42:00,SKU-1002,Bluetooth Speaker,Electronics,Unknown,1999,4,0.0,7996,7996.0
ORD-20260829-0000,2026-08-29,2026-08-29 23:30:00,SKU-1007,Water Bottle,Fitness,Central,349,1,0.0,349,349.0
ORD-20260829-0001,2026-08-29,2026-08-29 16:38:00,SKU-1010,USB-C Cable,Electronics,East,199,4,15.0,796,676.6
ORD-20260829-0002,2026-08-29,2026-08-29 22:22:00,SKU-1010,USB-C Cable,Electronics,North,199,1,0.0,199,199.0
ORD-20260829-0003,2026-08-29,2026-08-29 20:10:00,SKU-1001,Wireless Mouse,Electronics,Unknown,799,1,15.0,799,679.15
ORD-20260829-0004,2026-08-29,2026-08-29 23:34:00,SKU-1010,USB-C Cable,Electronics,South,199,1,0.0,199,199.0
ORD-20260829-0005,2026-08-29,2026-08-29 00:26:00,SKU-1003,Notebook Set,Stationery,Central,249,1,15.0,249,211.65
ORD-20260829-0006,2026-08-29,2026-08-29 00:20:00,SKU-1009,Phone Case,Accessories,Central,299,1,0.0,299,299.0
ORD-20260829-0007,2026-08-29,2026-08-29 12:50:00,SKU-1007,Water Bottle,Fitness,West,349,2,5.0,698,663.1
ORD-20260829-0008,2026-08-29,2026-08-29 07:31:00,SKU-1009,Phone Case,Accessories,East,299,1,15.0,299,254.15
ORD-20260829-0009,2026-08-29,2026-08-29 19:13:00,SKU-1007,Water Bottle,Fitness,Central,349,2,5.0,698,663.1
ORD-20260829-0010,2026-08-29,2026-08-29 14:46:00,SKU-1010,USB-C Cable,Electronics,South,199,1,5.0,199,189.05
ORD-20260829-0011,2026-08-29,2026-08-29 19:37:00,SKU-1006,Yoga Mat,Fitness,West,599,2,0.0,1198,1198.0
ORD-20260829-0012,2026-08-29,2026-08-29 03:21:00,SKU-1007,Water Bottle,Fitness,Central,349,1,0.0,349,349.0
ORD-20260829-0013,2026-08-29,2026-08-29 06:28:00,SKU-1003,Notebook Set,Stationery,East,249,2,10.0,498,448.2
ORD-20260829-0014,2026-08-29,2026-08-29 03:42:00,SKU-1010,USB-C Cable,Electronics,North,199,1,0.0,199,199.0
ORD-20260829-0015,2026-08-29,2026-08-29 14:22:00,SKU-1005,LED Desk Lamp,Furniture,South,899,1,10.0,899,809.1
ORD-20260829-0016,2026-08-29,2026-08-29 19:35:00,SKU-1003,Notebook Set,Stationery,North,249,1,5.0,249,236.55
ORD-20260829-0017,2026-08-29,2026-08-29 05:10:00,SKU-1009,Phone Case,Accessories,North,299,3,5.0,897,852.15
ORD-20260829-0018,2026-08-29,2026-08-29 14:36:00,SKU-1004,Office Chair,Furniture,North,5499,1,0.0,5499,5499.0
ORD-20260829-0019,2026-08-29,2026-08-29 03:45:00,SKU-1004,Office Chair,Furniture,East,5499,1,0.0,5499,5499.0
ORD-20260829-0020,2026-08-29,2026-08-29 23:53:00,SKU-1007,Water Bottle,Fitness,East,349,2,0.0,698,698.0
ORD-20260829-0021,2026-08-29,2026-08-29 11:43:00,SKU-1009,Phone Case,Accessories,Unknown,299,1,0.0,299,299.0
ORD-20260829-0022,2026-08-29,2026-08-29 22:03:00,SKU-1004,Office Chair,Furniture,Unknown,5499,1,0.0,5499,5499.0
ORD-20260829-0023,2026-08-29,2026-08-29 14:13:00,SKU-1009,Phone Case,Accessories,North,299,1,5.0,299,284.05
ORD-20260829-0024,2026-08-29,2026-08-29 05:07:00,SKU-1007,Water Bottle,Fitness,East,349,2,5.0,698,663.1
ORD-20260829-0025,2026-08-29,2026-08-29 19:19:00,SKU-1010,USB-C Cable,Electronics,West,199,2,0.0,398,398.0
ORD-20260829-0026,2026-08-29,2026-08-29 13:10:00,SKU-1002,Bluetooth Speaker,Electronics,West,1999,1,15.0,1999,1699.15
ORD-20260829-0027,2026-08-29,2026-08-29 15:34:00,SKU-1005,LED Desk Lamp,Furniture,East,899,1,15.0,899,764.15
ORD-20260829-0028,2026-08-29,2026-08-29 16:00:00,SKU-1005,LED Desk Lamp,Furniture,North,899,1,0.0,899,899.0
ORD-20260829-0029,2026-08-29,2026-08-29 11:56:00,SKU-1003,Notebook Set,Stationery,West,249,1,5.0,249,236.55
ORD-20260829-0030,2026-08-29,2026-08-29 20:51:00,SKU-1009,Phone Case,Accessories,South,299,2,15.0,598,508.3
ORD-20260829-0031,2026-08-29,2026-08-29 22:31:00,SKU-1001,Wireless Mouse,Electronics,East,799,2,0.0,1598,1598.0
ORD-20260829-0032,2026-08-29,2026-08-29 00:18:00,SKU-1005,LED Desk Lamp,Furniture,North,899,1,0.0,899,899.0
ORD-20260829-0033,2026-08-29,2026-08-29 09:41:00,SKU-1005,LED Desk Lamp,Furniture,South,899,1,0.0,899,899.0
ORD-20260829-0034,2026-08-29,2026-08-29 08:51:00,SKU-1008,Backpack,Accessories,Central,1499,2,0.0,2998,2998.0
ORD-20260829-0035,2026-08-29,2026-08-29 18:45:00,SKU-1003,Notebook Set,Stationery,South,249,1,0.0,249,249.0
ORD-20260829-0036,2026-08-29,2026-08-29 00:54:00,SKU-1009,Phone Case,Accessories,West,299,1,15.0,299,254.15
ORD-20260829-0037,2026-08-29,2026-08-29 11:45:00,SKU-1006,Yoga Mat,Fitness,East,599,1,10.0,599,539.1
ORD-20260829-0038,2026-08-29,2026-08-29 22:47:00,SKU-1001,Wireless Mouse,Electronics,East,799,1,15.0,799,679.15
ORD-20260829-0039,2026-08-29,2026-08-29 22:20:00,SKU-1001,Wireless Mouse,Electronics,South,799,1,0.0,799,799.0
ORD-20260829-0040,2026-08-29,2026-08-29 18:28:00,SKU-1008,Backpack,Accessories,South,1499,1,0.0,1499,1499.0
ORD-20260829-0041,2026-08-29,2026-08-29 22:32:00,SKU-1001,Wireless Mouse,Electronics,North,799,1,15.0,799,679.15
ORD-20260829-0042,2026-08-29,2026-08-29 01:07:00,SKU-1008,Backpack,Accessories,Central,1499,1,0.0,1499,1499.0
ORD-20260829-0043,2026-08-29,2026-08-29 08:51:00,SKU-1002,Bluetooth Speaker,Electronics,Unknown,1999,1,15.0,1999,1699.15
ORD-20260829-0044,2026-08-29,2026-08-29 19:57:00,SKU-1010,USB-C Cable,Electronics,West,199,1,0.0,199,199.0
ORD-20260829-0045,2026-08-29,2026-08-29 20:27:00,SKU-1005,LED Desk Lamp,Furniture,Central,899,2,0.0,1798,1798.0
ORD-20260829-0046,2026-08-29,2026-08-29 15:19:00,SKU-1003,Notebook Set,Stationery,North,249,2,15.0,498,423.3
ORD-20260829-0047,2026-08-29,2026-08-29 07:12:00,SKU-1005,LED Desk Lamp,Furniture,South,899,2,0.0,1798,1798.0
ORD-20260829-0048,2026-08-29,2026-08-29 09:22:00,SKU-1008,Backpack,Accessories,Central,1499,1,0.0,1499,1499.0
ORD-20260829-0049,2026-08-29,2026-08-29 23:34:00,SKU-1008,Backpack,Accessories,North,1499,1,15.0,1499,1274.15
ORD-20260829-0050,2026-08-29,2026-08-29 04:02:00,SKU-1008,Backpack,Accessories,North,1499,4,10.0,5996,5396.4
ORD-20260829-0051,2026-08-29,2026-08-29 16:57:00,SKU-1010,USB-C Cable,Electronics,Central,199,1,10.0,199,179.1
ORD-20260829-0052,2026-08-29,2026-08-29 17:37:00,SKU-1010,USB-C Cable,Electronics,West,199,1,0.0,199,199.0
ORD-20260829-0053,2026-08-29,2026-08-29 21:20:00,SKU-1006,Yoga Mat,Fitness,South,599,1,0.0,599,599.0
ORD-20260829-0054,2026-08-29,2026-08-29 02:17:00,SKU-1004,Office Chair,Furniture,Central,5499,2,10.0,10998,9898.2
ORD-20260829-0055,2026-08-29,2026-08-29 05:16:00,SKU-1001,Wireless Mouse,Electronics,Unknown,799,4,10.0,3196,2876.4
ORD-20260829-0056,2026-08-29,2026-08-29 11:22:00,SKU-1006,Yoga Mat,Fitness,North,599,1,0.0,599,599.0
ORD-20260829-0057,2026-08-29,2026-08-29 05:12:00,SKU-1003,Notebook Set,Stationery,Central,249,2,0.0,498,498.0
ORD-20260829-0058,2026-08-29,2026-08-29 03:35:00,SKU-1006,Yoga Mat,Fitness,East,599,1,0.0,599,599.0
ORD-20260829-0059,2026-08-29,2026-08-29 19:22:00,SKU-1006,Yoga Mat,Fitness,Unknown,599,1,5.0,599,569.05
ORD-20260829-0060,2026-08-29,2026-08-29 09:42:00,SKU-1008,Backpack,Accessories,North,1499,1,0.0,1499,1499.0
ORD-20260829-0061,2026-08-29,2026-08-29 07:44:00,SKU-1009,Phone Case,Accessories,East,299,1,0.0,299,299.0
ORD-20260829-0062,2026-08-29,2026-08-29 03:08:00,SKU-1008,Backpack,Accessories,South,1499,2,0.0,2998,2998.0
ORD-20260829-0063,2026-08-29,2026-08-29 06:39:00,SKU-1008,Backpack,Accessories,East,1499,1,0.0,1499,1499.0
ORD-20260829-0064,2026-08-29,2026-08-29 21:25:00,SKU-1006,Yoga Mat,Fitness,North,599,1,0.0,599,599.0
ORD-20260829-0065,2026-08-29,2026-08-29 05:27:00,SKU-1006,Yoga Mat,Fitness,South,599,2,5.0,1198,1138.1
ORD-20260829-0066,2026-08-29,2026-08-29 18:43:00,SKU-1005,LED Desk Lamp,Furniture,Unknown,899,2,0.0,1798,1798.0
ORD-20260829-0067,2026-08-29,2026-08-29 02:44:00,SKU-1008,Backpack,Accessories,Unknown,1499,1,0.0,1499,1499.0
ORD-20260829-0068,2026-08-29,2026-08-29 12:57:00,SKU-1003,Notebook Set,Stationery,West,249,1,0.0,249,249.0
ORD-20260829-0069,2026-08-29,2026-08-29 23:00:00,SKU-1005,LED Desk Lamp,Furniture,East,899,1,0.0,899,899.0
ORD-20260829-0070,2026-08-29,2026-08-29 01:15:00,SKU-1003,Notebook Set,Stationery,Unknown,249,1,0.0,249,249.0
ORD-20260829-0071,2026-08-29,2026-08-29 03:38:00,SKU-1009,Phone Case,Accessories,West,299,1,0.0,299,299.0
ORD-20260829-0072,2026-08-29,2026-08-29 12:09:00,SKU-1003,Notebook Set,Stationery,Central,249,2,15.0,498,423.3
ORD-20260829-0073,2026-08-29,2026-08-29 06:37:00,SKU-1002,Bluetooth Speaker,Electronics,East,1999,1,5.0,1999,1899.05
ORD-20260829-0074,2026-08-29,2026-08-29 07:44:00,SKU-1001,Wireless Mouse,Electronics,Unknown,799,1,0.0,799,799.0
ORD-20260829-0075,2026-08-29,2026-08-29 21:55:00,SKU-1007,Water Bottle,Fitness,South,349,1,10.0,349,314.1
ORD-20260829-0076,2026-08-29,2026-08-29 11:32:00,SKU-1005,LED Desk Lamp,Furniture,Unknown,899,1,0.0,899,899.0
ORD-20260829-0077,2026-08-29,2026-08-29 16:19:00,SKU-1004,Office Chair,Furniture,South,5499,3,5.0,16497,15672.15
ORD-20260829-0078,2026-08-29,2026-08-29 19:15:00,SKU-1004,Office Chair,Furniture,South,5499,2,0.0,10998,10998.0
ORD-20260829-0079,2026-08-29,2026-08-29 04:51:00,SKU-1009,Phone Case,Accessories,East,299,1,0.0,299,299.0
ORD-20260829-0080,2026-08-29,2026-08-29 21:33:00,SKU-1009,Phone Case,Accessories,East,299,1,15.0,299,254.15
ORD-20260829-0081,2026-08-29,2026-08-29 03:29:00,SKU-1001,Wireless Mouse,Electronics,North,799,1,0.0,799,799.0
ORD-20260829-0082,2026-08-29,2026-08-29 06:29:00,SKU-1008,Backpack,Accessories,Central,1499,4,0.0,5996,5996.0
ORD-20260829-0083,2026-08-29,2026-08-29 11:22:00,SKU-1008,Backpack,Accessories,East,1499,2,0.0,2998,2998.0
ORD-20260829-0084,2026-08-29,2026-08-29 00:51:00,SKU-1010,USB-C Cable,Electronics,Central,199,1,0.0,199,199.0
ORD-20260829-0085,2026-08-29,2026-08-29 01:34:00,SKU-1005,LED Desk Lamp,Furniture,West,899,2,0.0,1798,1798.0
ORD-20260829-0086,2026-08-29,2026-08-29 23:53:00,SKU-1006,Yoga Mat,Fitness,South,599,1,0.0,599,599.0
ORD-20260829-0087,2026-08-29,2026-08-29 10:56:00,SKU-1010,USB-C Cable,Electronics,Central,199,1,0.0,199,199.0
ORD-20260829-0088,2026-08-29,2026-08-29 05:29:00,SKU-1006,Yoga Mat,Fitness,Central,599,1,10.0,599,539.1
ORD-20260829-0089,2026-08-29,2026-08-29 03:19:00,SKU-1001,Wireless Mouse,Electronics,West,799,2,5.0,1598,1518.1
ORD-20260829-0090,2026-08-29,2026-08-29 21:31:00,SKU-1006,Yoga Mat,Fitness,Unknown,599,1,0.0,599,599.0
ORD-20260829-0091,2026-08-29,2026-08-29 06:02:00,SKU-1003,Notebook Set,Stationery,Central,249,2,15.0,498,423.3
ORD-20260829-0092,2026-08-29,2026-08-29 15:27:00,SKU-1007,Water Bottle,Fitness,North,349,1,15.0,349,296.65
ORD-20260829-0093,2026-08-29,2026-08-29 04:28:00,SKU-1009,Phone Case,Accessories,West,299,1,0.0,299,299.0
ORD-20260829-0094,2026-08-29,2026-08-29 16:21:00,SKU-1002,Bluetooth Speaker,Electronics,East,1999,1,15.0,1999,1699.15
ORD-20260829-0095,2026-08-29,2026-08-29 00:54:00,SKU-1001,Wireless Mouse,Electronics,Unknown,799,2,0.0,1598,1598.0
ORD-20260829-0096,2026-08-29,2026-08-29 22:13:00,SKU-1003,Notebook Set,Stationery,Unknown,249,1,15.0,249,211.65
ORD-20260829-0097,2026-08-29,2026-08-29 15:25:00,SKU-1009,Phone Case,Accessories,North,299,1,10.0,299,269.1
ORD-20260829-0098,2026-08-29,2026-08-29 09:18:00,SKU-1008,Backpack,Accessories,South,1499,1,5.0,1499,1424.05
ORD-20260829-0099,2026-08-29,2026-08-29 16:58:00,SKU-1001,Wireless Mouse,Electronics,East,799,1,0.0,799,799.0
ORD-20260829-0100,2026-08-29,2026-08-29 23:16:00,SKU-1010,USB-C Cable,Electronics,East,199,1,0.0,199,199.0
ORD-20260829-0101,2026-08-29,2026-08-29 12:05:00,SKU-1003,Notebook Set,Stationery,Unknown,249,1,0.0,249,249.0
ORD-20260829-0102,2026-08-29,2026-08-29 01:08:00,SKU-1001,Wireless Mouse,Electronics,Unknown,799,1,10.0,799,719.1
ORD-20260829-0103,2026-08-29,2026-08-29 08:03:00,SKU-1010,USB-C Cable,Electronics,North,199,2,15.0,398,338.3
ORD-20260829-0104,2026-08-29,2026-08-29 17:36:00,SKU-1004,Office Chair,Furniture,West,5499,2,0.0,10998,10998.0
ORD-20260829-0105,2026-08-29,2026-08-29 16:56:00,SKU-1001,Wireless Mouse,Electronics,East,799,2,0.0,1598,1598.0
ORD-20260829-0106,2026-08-29,2026-08-29 04:53:00,SKU-1007,Water Bottle,Fitness,Unknown,349,3,0.0,1047,1047.0
ORD-20260829-0107,2026-08-29,2026-08-29 14:02:00,SKU-1005,LED Desk Lamp,Furniture,Central,899,4,5.0,3596,3416.2
ORD-20260829-0108,2026-08-29,2026-08-29 05:59:00,SKU-1005,LED Desk Lamp,Furniture,East,899,2,15.0,1798,1528.3
ORD-20260829-0109,2026-08-29,2026-08-29 23:02:00,SKU-1005,LED Desk Lamp,Furniture,North,899,3,5.0,2697,2562.15
ORD-20260829-0110,2026-08-29,2026-08-29 09:04:00,SKU-1009,Phone Case,Accessories,East,299,2,0.0,598,598.0
ORD-20260829-0111,2026-08-29,2026-08-29 06:28:00,SKU-1002,Bluetooth Speaker,Electronics,North,1999,1,0.0,1999,1999.0
ORD-20260829-0112,2026-08-29,2026-08-29 21:44:00,SKU-1010,USB-C Cable,Electronics,East,199,1,10.0,199,179.1
ORD-20260829-0113,2026-08-29,2026-08-29 16:41:00,SKU-1003,Notebook Set,Stationery,North,249,2,0.0,498,498.0
ORD-20260829-0114,2026-08-29,2026-08-29 13:52:00,SKU-1001,Wireless Mouse,Electronics,Unknown,799,1,0.0,799,799.0
ORD-20260829-0115,2026-08-29,2026-08-29 02:20:00,SKU-1007,Water Bottle,Fitness,Unknown,349,1,5.0,349,331.55
ORD-20260830-0000,2026-08-30,2026-08-30 10:07:00,SKU-1004,Office Chair,Furniture,South,5499,1,0.0,5499,5499.0
ORD-20260830-0001,2026-08-30,2026-08-30 02:05:00,SKU-1007,Water Bottle,Fitness,North,349,3,0.0,1047,1047.0
ORD-20260830-0002,2026-08-30,2026-08-30 09:45:00,SKU-1003,Notebook Set,Stationery,Central,249,4,0.0,996,996.0
ORD-20260830-0003,2026-08-30,2026-08-30 07:00:00,SKU-1010,USB-C Cable,Electronics,Unknown,199,1,15.0,199,169.15
ORD-20260830-0004,2026-08-30,2026-08-30 10:07:00,SKU-1010,USB-C Cable,Electronics,East,199,1,0.0,199,199.0
ORD-20260830-0005,2026-08-30,2026-08-30 02:34:00,SKU-1003,Notebook Set,Stationery,Central,249,1,0.0,249,249.0
ORD-20260830-0006,2026-08-30,2026-08-30 06:57:00,SKU-1007,Water Bottle,Fitness,West,349,4,0.0,1396,1396.0
ORD-20260830-0007,2026-08-30,2026-08-30 10:26:00,SKU-1004,Office Chair,Furniture,Central,5499,1,5.0,5499,5224.05
ORD-20260830-0008,2026-08-30,2026-08-30 00:44:00,SKU-1001,Wireless Mouse,Electronics,North,799,3,0.0,2397,2397.0
ORD-20260830-0009,2026-08-30,2026-08-30 04:15:00,SKU-1010,USB-C Cable,Electronics,West,199,1,0.0,199,199.0
ORD-20260830-0010,2026-08-30,2026-08-30 21:07:00,SKU-1005,LED Desk Lamp,Furniture,North,899,1,15.0,899,764.15
ORD-20260830-0011,2026-08-30,2026-08-30 18:39:00,SKU-1001,Wireless Mouse,Electronics,Central,799,1,0.0,799,799.0
ORD-20260830-0012,2026-08-30,2026-08-30 19:16:00,SKU-1006,Yoga Mat,Fitness,East,599,2,0.0,1198,1198.0
ORD-20260830-0013,2026-08-30,2026-08-30 11:34:00,SKU-1010,USB-C Cable,Electronics,West,199,1,0.0,199,199.0
ORD-20260830-0014,2026-08-30,2026-08-30 09:25:00,SKU-1006,Yoga Mat,Fitness,East,599,1,5.0,599,569.05
ORD-20260830-0015,2026-08-30,2026-08-30 08:51:00,SKU-1004,Office Chair,Furniture,Central,5499,2,0.0,10998,10998.0
ORD-20260830-0016,2026-08-30,2026-08-30 09:03:00,SKU-1008,Backpack,Accessories,East,1499,2,5.0,2998,2848.1
ORD-20260830-0017,2026-08-30,2026-08-30 14:48:00,SKU-1008,Backpack,Accessories,South,1499,1,0.0,1499,1499.0
ORD-20260830-0018,2026-08-30,2026-08-30 14:46:00,SKU-1006,Yoga Mat,Fitness,West,599,2,0.0,1198,1198.0
ORD-20260830-0019,2026-08-30,2026-08-30 04:28:00,SKU-1006,Yoga Mat,Fitness,Central,599,2,15.0,1198,1018.3
ORD-20260830-0020,2026-08-30,2026-08-30 16:57:00,SKU-1008,Backpack,Accessories,West,1499,1,10.0,1499,1349.1
ORD-20260830-0021,2026-08-30,2026-08-30 14:21:00,SKU-1002,Bluetooth Speaker,Electronics,West,1999,1,0.0,1999,1999.0
ORD-20260830-0022,2026-08-30,2026-08-30 06:36:00,SKU-1006,Yoga Mat,Fitness,Unknown,599,1,0.0,599,599.0
ORD-20260830-0023,2026-08-30,2026-08-30 14:27:00,SKU-1008,Backpack,Accessories,Unknown,1499,3,0.0,4497,4497.0
ORD-20260830-0024,2026-08-30,2026-08-30 21:06:00,SKU-1003,Notebook Set,Stationery,South,249,1,0.0,249,249.0
ORD-20260830-0025,2026-08-30,2026-08-30 17:17:00,SKU-1009,Phone Case,Accessories,Central,299,1,0.0,299,299.0
ORD-20260830-0026,2026-08-30,2026-08-30 15:56:00,SKU-1010,USB-C Cable,Electronics,North,199,1,0.0,199,199.0
ORD-20260830-0027,2026-08-30,2026-08-30 02:08:00,SKU-1007,Water Bottle,Fitness,West,349,1,15.0,349,296.65
ORD-20260830-0028,2026-08-30,2026-08-30 19:37:00,SKU-1007,Water Bottle,Fitness,South,349,1,5.0,349,331.55
ORD-20260830-0029,2026-08-30,2026-08-30 04:32:00,SKU-1005,LED Desk Lamp,Furniture,Central,899,2,15.0,1798,1528.3
ORD-20260830-0030,2026-08-30,2026-08-30 00:38:00,SKU-1003,Notebook Set,Stationery,Central,249,1,0.0,249,249.0
ORD-20260830-0031,2026-08-30,2026-08-30 07:21:00,SKU-1007,Water Bottle,Fitness,West,349,2,15.0,698,593.3
ORD-20260830-0032,2026-08-30,2026-08-30 19:26:00,SKU-1004,Office Chair,Furniture,West,5499,1,15.0,5499,4674.15
ORD-20260830-0033,2026-08-30,2026-08-30 13:35:00,SKU-1006,Yoga Mat,Fitness,Central,599,2,0.0,1198,1198.0
ORD-20260830-0034,2026-08-30,2026-08-30 20:26:00,SKU-1005,LED Desk Lamp,Furniture,Unknown,899,1,0.0,899,899.0
ORD-20260830-0035,2026-08-30,2026-08-30 21:28:00,SKU-1006,Yoga Mat,Fitness,East,599,1,5.0,599,569.05
ORD-20260830-0036,2026-08-30,2026-08-30 02:10:00,SKU-1001,Wireless Mouse,Electronics,Central,799,1,0.0,799,799.0
ORD-20260830-0037,2026-08-30,2026-08-30 05:03:00,SKU-1003,Notebook Set,Stationery,Central,249,3,0.0,747,747.0
ORD-20260830-0038,2026-08-30,2026-08-30 19:04:00,SKU-1006,Yoga Mat,Fitness,North,599,3,15.0,1797,1527.45
ORD-20260830-0039,2026-08-30,2026-08-30 17:17:00,SKU-1010,USB-C Cable,Electronics,South,199,1,10.0,199,179.1
ORD-20260830-0040,2026-08-30,2026-08-30 11:22:00,SKU-1008,Backpack,Accessories,East,1499,1,0.0,1499,1499.0
ORD-20260830-0041,2026-08-30,2026-08-30 17:20:00,SKU-1006,Yoga Mat,Fitness,Unknown,599,1,0.0,599,599.0
ORD-20260830-0042,2026-08-30,2026-08-30 07:15:00,SKU-1007,Water Bottle,Fitness,North,349,2,5.0,698,663.1
ORD-20260830-0043,2026-08-30,2026-08-30 03:34:00,SKU-1006,Yoga Mat,Fitness,North,599,1,15.0,599,509.15
ORD-20260830-0044,2026-08-30,2026-08-30 21:56:00,SKU-1008,Backpack,Accessories,Central,1499,3,15.0,4497,3822.45
ORD-20260830-0045,2026-08-30,2026-08-30 13:12:00,SKU-1005,LED Desk Lamp,Furniture,West,899,1,15.0,899,764.15
ORD-20260830-0046,2026-08-30,2026-08-30 18:15:00,SKU-1007,Water Bottle,Fitness,Central,349,2,0.0,698,698.0
ORD-20260830-0047,2026-08-30,2026-08-30 00:40:00,SKU-1006,Yoga Mat,Fitness,East,599,1,0.0,599,599.0
ORD-20260830-0048,2026-08-30,2026-08-30 03:37:00,SKU-1003,Notebook Set,Stationery,North,249,1,0.0,249,249.0
ORD-20260830-0049,2026-08-30,2026-08-30 20:51:00,SKU-1009,Phone Case,Accessories,Central,299,1,0.0,299,299.0
ORD-20260830-0050,2026-08-30,2026-08-30 01:33:00,SKU-1007,Water Bottle,Fitness,Unknown,349,2,10.0,698,628.2
ORD-20260830-0051,2026-08-30,2026-08-30 21:33:00,SKU-1010,USB-C Cable,Electronics,South,199,2,0.0,398,398.0
ORD-20260830-0052,2026-08-30,2026-08-30 08:48:00,SKU-1002,Bluetooth Speaker,Electronics,Unknown,1999,2,0.0,3998,3998.0
ORD-20260830-0053,2026-08-30,2026-08-30 22:47:00,SKU-1007,Water Bottle,Fitness,West,349,1,0.0,349,349.0
ORD-20260830-0054,2026-08-30,2026-08-30 05:16:00,SKU-1006,Yoga Mat,Fitness,West,599,1,0.0,599,599.0
ORD-20260830-0055,2026-08-30,2026-08-30 01:37:00,SKU-1005,LED Desk Lamp,Furniture,North,899,1,15.0,899,764.15
ORD-20260830-0056,2026-08-30,2026-08-30 00:05:00,SKU-1008,Backpack,Accessories,Unknown,1499,1,5.0,1499,1424.05
ORD-20260830-0057,2026-08-30,2026-08-30 03:03:00,SKU-1004,Office Chair,Furniture,South,5499,1,0.0,5499,5499.0
ORD-20260830-0058,2026-08-30,2026-08-30 19:45:00,SKU-1001,Wireless Mouse,Electronics,West,799,2,0.0,1598,1598.0
ORD-20260830-0059,2026-08-30,2026-08-30 16:56:00,SKU-1006,Yoga Mat,Fitness,Unknown,599,1,0.0,599,599.0
ORD-20260830-0060,2026-08-30,2026-08-30 05:40:00,SKU-1002,Bluetooth Speaker,Electronics,West,1999,1,0.0,1999,1999.0
ORD-20260830-0061,2026-08-30,2026-08-30 17:21:00,SKU-1006,Yoga Mat,Fitness,West,599,2,5.0,1198,1138.1
ORD-20260830-0062,2026-08-30,2026-08-30 09:14:00,SKU-1004,Office Chair,Furniture,South,5499,1,0.0,5499,5499.0
ORD-20260830-0063,2026-08-30,2026-08-30 19:30:00,SKU-1003,Notebook Set,Stationery,South,249,1,0.0,249,249.0
ORD-20260830-0064,2026-08-30,2026-08-30 03:23:00,SKU-1006,Yoga Mat,Fitness,Central,599,1,0.0,599,599.0
ORD-20260830-0065,2026-08-30,2026-08-30 05:34:00,SKU-1002,Bluetooth Speaker,Electronics,Unknown,1999,1,0.0,1999,1999.0
ORD-20260830-0066,2026-08-30,2026-08-30 21:38:00,SKU-1009,Phone Case,Accessories,Central,299,3,5.0,897,852.15
ORD-20260830-0067,2026-08-30,2026-08-30 20:00:00,SKU-1010,USB-C Cable,Electronics,East,199,2,10.0,398,358.2
ORD-20260830-0068,2026-08-30,2026-08-30 16:48:00,SKU-1007,Water Bottle,Fitness,South,349,4,10.0,1396,1256.4
ORD-20260830-0069,2026-08-30,2026-08-30 18:12:00,SKU-1002,Bluetooth Speaker,Electronics,Unknown,1999,1,15.0,1999,1699.15
ORD-20260830-0070,2026-08-30,2026-08-30 22:04:00,SKU-1005,LED Desk Lamp,Furniture,Central,899,2,0.0,1798,1798.0
ORD-20260830-0071,2026-08-30,2026-08-30 16:39:00,SKU-1008,Backpack,Accessories,South,1499,1,0.0,1499,1499.0
ORD-20260830-0072,2026-08-30,2026-08-30 17:06:00,SKU-1006,Yoga Mat,Fitness,East,599,1,0.0,599,599.0
ORD-20260830-0073,2026-08-30,2026-08-30 13:34:00,SKU-1007,Water Bottle,Fitness,South,349,2,0.0,698,698.0
ORD-20260830-0074,2026-08-30,2026-08-30 03:21:00,SKU-1007,Water Bottle,Fitness,West,349,2,0.0,698,698.0
ORD-20260831-0000,2026-08-31,2026-08-31 12:19:00,SKU-1005,LED Desk Lamp,Furniture,North,899,1,0.0,899,899.0
ORD-20260831-0001,2026-08-31,2026-08-31 06:17:00,SKU-1002,Bluetooth Speaker,Electronics,West,1999,1,15.0,1999,1699.15
ORD-20260831-0002,2026-08-31,2026-08-31 02:59:00,SKU-1004,Office Chair,Furniture,East,5499,1,0.0,5499,5499.0
ORD-20260831-0003,2026-08-31,2026-08-31 08:38:00,SKU-1003,Notebook Set,Stationery,South,249,1,15.0,249,211.65
ORD-20260831-0004,2026-08-31,2026-08-31 14:49:00,SKU-1006,Yoga Mat,Fitness,North,599,1,5.0,599,569.05
ORD-20260831-0005,2026-08-31,2026-08-31 09:30:00,SKU-1003,Notebook Set,Stationery,West,249,2,15.0,498,423.3
ORD-20260831-0006,2026-08-31,2026-08-31 20:09:00,SKU-1001,Wireless Mouse,Electronics,West,799,3,5.0,2397,2277.15
ORD-20260831-0007,2026-08-31,2026-08-31 11:14:00,SKU-1005,LED Desk Lamp,Furniture,North,899,1,5.0,899,854.05
ORD-20260831-0008,2026-08-31,2026-08-31 09:06:00,SKU-1004,Office Chair,Furniture,South,5499,1,10.0,5499,4949.1
ORD-20260831-0009,2026-08-31,2026-08-31 01:31:00,SKU-1003,Notebook Set,Stationery,Central,249,2,15.0,498,423.3
ORD-20260831-0010,2026-08-31,2026-08-31 04:21:00,SKU-1008,Backpack,Accessories,South,1499,1,15.0,1499,1274.15
ORD-20260831-0011,2026-08-31,2026-08-31 02:45:00,SKU-1002,Bluetooth Speaker,Electronics,Central,1999,1,5.0,1999,1899.05
ORD-20260831-0012,2026-08-31,2026-08-31 12:58:00,SKU-1002,Bluetooth Speaker,Electronics,North,1999,1,0.0,1999,1999.0
ORD-20260831-0013,2026-08-31,2026-08-31 18:42:00,SKU-1002,Bluetooth Speaker,Electronics,West,1999,2,0.0,3998,3998.0
ORD-20260831-0014,2026-08-31,2026-08-31 08:42:00,SKU-1001,Wireless Mouse,Electronics,Central,799,1,5.0,799,759.05
ORD-20260831-0015,2026-08-31,2026-08-31 03:27:00,SKU-1007,Water Bottle,Fitness,Unknown,349,1,0.0,349,349.0
ORD-20260831-0016,2026-08-31,2026-08-31 15:50:00,SKU-1010,USB-C Cable,Electronics,North,199,1,10.0,199,179.1
ORD-20260831-0017,2026-08-31,2026-08-31 03:43:00,SKU-1005,LED Desk Lamp,Furniture,West,899,1,0.0,899,899.0
ORD-20260831-0018,2026-08-31,2026-08-31 21:56:00,SKU-1006,Yoga Mat,Fitness,East,599,1,0.0,599,599.0
ORD-20260831-0019,2026-08-31,2026-08-31 09:43:00,SKU-1001,Wireless Mouse,Electronics,West,799,2,15.0,1598,1358.3
ORD-20260831-0020,2026-08-31,2026-08-31 13:29:00,SKU-1007,Water Bottle,Fitness,Central,349,1,5.0,349,331.55
ORD-20260831-0021,2026-08-31,2026-08-31 14:11:00,SKU-1001,Wireless Mouse,Electronics,West,799,1,5.0,799,759.05
ORD-20260831-0022,2026-08-31,2026-08-31 21:33:00,SKU-1004,Office Chair,Furniture,West,5499,1,0.0,5499,5499.0
ORD-20260831-0023,2026-08-31,2026-08-31 00:07:00,SKU-1004,Office Chair,Furniture,East,5499,2,5.0,10998,10448.1
ORD-20260831-0024,2026-08-31,2026-08-31 22:19:00,SKU-1006,Yoga Mat,Fitness,South,599,1,0.0,599,599.0
ORD-20260831-0025,2026-08-31,2026-08-31 13:51:00,SKU-1008,Backpack,Accessories,Unknown,1499,1,5.0,1499,1424.05
ORD-20260831-0026,2026-08-31,2026-08-31 20:21:00,SKU-1007,Water Bottle,Fitness,North,349,1,5.0,349,331.55
ORD-20260831-0027,2026-08-31,2026-08-31 08:46:00,SKU-1002,Bluetooth Speaker,Electronics,Unknown,1999,1,0.0,1999,1999.0
ORD-20260831-0028,2026-08-31,2026-08-31 12:01:00,SKU-1006,Yoga Mat,Fitness,North,599,1,0.0,599,599.0
ORD-20260831-0029,2026-08-31,2026-08-31 17:09:00,SKU-1004,Office Chair,Furniture,West,5499,2,0.0,10998,10998.0
ORD-20260831-0030,2026-08-31,2026-08-31 00:20:00,SKU-1002,Bluetooth Speaker,Electronics,West,1999,2,0.0,3998,3998.0
ORD-20260831-0031,2026-08-31,2026-08-31 01:12:00,SKU-1010,USB-C Cable,Electronics,Central,199,4,0.0,796,796.0
ORD-20260831-0032,2026-08-31,2026-08-31 22:51:00,SKU-1009,Phone Case,Accessories,West,299,1,0.0,299,299.0
ORD-20260831-0033,2026-08-31,2026-08-31 06:04:00,SKU-1007,Water Bottle,Fitness,West,349,2,10.0,698,628.2
ORD-20260831-0034,2026-08-31,2026-08-31 02:15:00,SKU-1005,LED Desk Lamp,Furniture,East,899,2,15.0,1798,1528.3
ORD-20260831-0035,2026-08-31,2026-08-31 23:46:00,SKU-1006,Yoga Mat,Fitness,Central,599,1,0.0,599,599.0
ORD-20260831-0036,2026-08-31,2026-08-31 00:06:00,SKU-1005,LED Desk Lamp,Furniture,North,899,3,10.0,2697,2427.3
ORD-20260831-0037,2026-08-31,2026-08-31 15:34:00,SKU-1008,Backpack,Accessories,Central,1499,3,15.0,4497,3822.45
ORD-20260831-0038,2026-08-31,2026-08-31 07:48:00,SKU-1008,Backpack,Accessories,South,1499,1,0.0,1499,1499.0
ORD-20260831-0039,2026-08-31,2026-08-31 06:55:00,SKU-1009,Phone Case,Accessories,Unknown,299,1,10.0,299,269.1
ORD-20260831-0040,2026-08-31,2026-08-31 22:34:00,SKU-1006,Yoga Mat,Fitness,Central,599,4,15.0,2396,2036.6
ORD-20260831-0041,2026-08-31,2026-08-31 18:52:00,SKU-1002,Bluetooth Speaker,Electronics,Unknown,1999,1,10.0,1999,1799.1
ORD-20260831-0042,2026-08-31,2026-08-31 08:38:00,SKU-1009,Phone Case,Accessories,South,299,1,10.0,299,269.1
ORD-20260831-0043,2026-08-31,2026-08-31 01:06:00,SKU-1008,Backpack,Accessories,North,1499,1,0.0,1499,1499.0
ORD-20260831-0044,2026-08-31,2026-08-31 07:21:00,SKU-1002,Bluetooth Speaker,Electronics,South,1999,1,0.0,1999,1999.0
ORD-20260831-0045,2026-08-31,2026-08-31 10:06:00,SKU-1008,Backpack,Accessories,East,1499,2,0.0,2998,2998.0
ORD-20260831-0046,2026-08-31,2026-08-31 20:57:00,SKU-1001,Wireless Mouse,Electronics,Central,799,1,0.0,799,799.0
ORD-20260831-0047,2026-08-31,2026-08-31 07:48:00,SKU-1001,Wireless Mouse,Electronics,West,799,1,15.0,799,679.15
ORD-20260831-0048,2026-08-31,2026-08-31 21:03:00,SKU-1009,Phone Case,Accessories,Central,299,1,0.0,299,299.0
ORD-20260831-0049,2026-08-31,2026-08-31 08:43:00,SKU-1003,Notebook Set,Stationery,South,249,3,0.0,747,747.0
ORD-20260831-0050,2026-08-31,2026-08-31 14:41:00,SKU-1010,USB-C Cable,Electronics,South,199,1,0.0,199,199.0
ORD-20260831-0051,2026-08-31,2026-08-31 06:30:00,SKU-1003,Notebook Set,Stationery,Central,249,2,10.0,498,448.2
ORD-20260831-0052,2026-08-31,2026-08-31 00:26:00,SKU-1001,Wireless Mouse,Electronics,Unknown,799,1,5.0,799,759.05
ORD-20260831-0053,2026-08-31,2026-08-31 23:14:00,SKU-1005,LED Desk Lamp,Furniture,West,899,1,0.0,899,899.0
ORD-20260831-0054,2026-08-31,2026-08-31 01:14:00,SKU-1008,Backpack,Accessories,East,1499,2,15.0,2998,2548.3
ORD-20260831-0055,2026-08-31,2026-08-31 23:13:00,SKU-1010,USB-C Cable,Electronics,Central,199,1,5.0,199,189.05
ORD-20260831-0056,2026-08-31,2026-08-31 15:34:00,SKU-1003,Notebook Set,Stationery,West,249,3,5.0,747,709.65
ORD-20260831-0057,2026-08-31,2026-08-31 00:30:00,SKU-1004,Office Chair,Furniture,North,5499,4,0.0,21996,21996.0
ORD-20260831-0058,2026-08-31,2026-08-31 19:41:00,SKU-1005,LED Desk Lamp,Furniture,East,899,4,0.0,3596,3596.0
ORD-20260831-0059,2026-08-31,2026-08-31 04:11:00,SKU-1006,Yoga Mat,Fitness,East,599,1,0.0,599,599.0
ORD-20260831-0060,2026-08-31,2026-08-31 22:12:00,SKU-1006,Yoga Mat,Fitness,West,599,1,0.0,599,599.0
ORD-20260831-0061,2026-08-31,2026-08-31 03:08:00,SKU-1001,Wireless Mouse,Electronics,North,799,1,15.0,799,679.15
ORD-20260831-0062,2026-08-31,2026-08-31 05:50:00,SKU-1006,Yoga Mat,Fitness,West,599,1,15.0,599,509.15
ORD-20260831-0063,2026-08-31,2026-08-31 21:37:00,SKU-1004,Office Chair,Furniture,South,5499,1,15.0,5499,4674.15
ORD-20260831-0064,2026-08-31,2026-08-31 08:32:00,SKU-1007,Water Bottle,Fitness,East,349,1,0.0,349,349.0
ORD-20260831-0065,2026-08-31,2026-08-31 18:20:00,SKU-1008,Backpack,Accessories,West,1499,3,0.0,4497,4497.0
ORD-20260831-0066,2026-08-31,2026-08-31 19:02:00,SKU-1003,Notebook Set,Stationery,South,249,3,10.0,747,672.3
ORD-20260831-0067,2026-08-31,2026-08-31 07:41:00,SKU-1007,Water Bottle,Fitness,Unknown,349,4,0.0,1396,1396.0
ORD-20260831-0068,2026-08-31,2026-08-31 01:33:00,SKU-1001,Wireless Mouse,Electronics,Unknown,799,2,10.0,1598,1438.2
ORD-20260831-0069,2026-08-31,2026-08-31 17:04:00,SKU-1009,Phone Case,Accessories,South,299,1,5.0,299,284.05
ORD-20260831-0070,2026-08-31,2026-08-31 06:54:00,SKU-1004,Office Chair,Furniture,Unknown,5499,1,15.0,5499,4674.15
ORD-20260831-0071,2026-08-31,2026-08-31 23:59:00,SKU-1001,Wireless Mouse,Electronics,West,799,1,0.0,799,799.0
ORD-20260831-0072,2026-08-31,2026-08-31 01:56:00,SKU-1003,Notebook Set,Stationery,North,249,4,0.0,996,996.0
ORD-20260831-0073,2026-08-31,2026-08-31 02:52:00,SKU-1007,Water Bottle,Fitness,Unknown,349,1,10.0,349,314.1
ORD-20260831-0074,2026-08-31,2026-08-31 11:04:00,SKU-1008,Backpack,Accessories,Unknown,1499,1,5.0,1499,1424.05
ORD-20260831-0075,2026-08-31,2026-08-31 19:43:00,SKU-1003,Notebook Set,Stationery,South,249,1,0.0,249,249.0
ORD-20260831-0076,2026-08-31,2026-08-31 14:04:00,SKU-1002,Bluetooth Speaker,Electronics,North,1999,2,10.0,3998,3598.2
ORD-20260831-0077,2026-08-31,2026-08-31 12:38:00,SKU-1006,Yoga Mat,Fitness,East,599,1,10.0,599,539.1
ORD-20260831-0078,2026-08-31,2026-08-31 13:40:00,SKU-1005,LED Desk Lamp,Furniture,Central,899,3,0.0,2697,2697.0
ORD-20260831-0079,2026-08-31,2026-08-31 02:18:00,SKU-1004,Office Chair,Furniture,West,5499,1,0.0,5499,5499.0
ORD-20260831-0080,2026-08-31,2026-08-31 21:20:00,SKU-1009,Phone Case,Accessories,Central,299,1,0.0,299,299.0
ORD-20260831-0081,2026-08-31,2026-08-31 06:59:00,SKU-1006,Yoga Mat,Fitness,East,599,3,0.0,1797,1797.0
ORD-20260831-0082,2026-08-31,2026-08-31 14:06:00,SKU-1008,Backpack,Accessories,North,1499,2,0.0,2998,2998.0
ORD-20260831-0083,2026-08-31,2026-08-31 09:31:00,SKU-1004,Office Chair,Furniture,South,5499,2,0.0,10998,10998.0
ORD-20260831-0084,2026-08-31,2026-08-31 23:43:00,SKU-1006,Yoga Mat,Fitness,Unknown,599,1,10.0,599,539.1
ORD-20260831-0085,2026-08-31,2026-08-31 12:28:00,SKU-1003,Notebook Set,Stationery,West,249,1,15.0,249,211.65
ORD-20260831-0086,2026-08-31,2026-08-31 05:44:00,SKU-1007,Water Bottle,Fitness,West,349,2,0.0,698,698.0
ORD-20260831-0087,2026-08-31,2026-08-31 08:42:00,SKU-1001,Wireless Mouse,Electronics,West,799,1,0.0,799,799.0
ORD-20260831-0088,2026-08-31,2026-08-31 10:42:00,SKU-1006,Yoga Mat,Fitness,North,599,1,15.0,599,509.15
ORD-20260831-0089,2026-08-31,2026-08-31 10:25:00,SKU-1008,Backpack,Accessories,Unknown,1499,2,5.0,2998,2848.1
ORD-20260831-0090,2026-08-31,2026-08-31 23:02:00,SKU-1008,Backpack,Accessories,West,1499,3,0.0,4497,4497.0
ORD-20260831-0091,2026-08-31,2026-08-31 09:07:00,SKU-1010,USB-C Cable,Electronics,South,199,1,15.0,199,169.15
ORD-20260831-0092,2026-08-31,2026-08-31 03:05:00,SKU-1006,Yoga Mat,Fitness,East,599,3,10.0,1797,1617.3
ORD-20260831-0093,2026-08-31,2026-08-31 08:54:00,SKU-1008,Backpack,Accessories,West,1499,1,0.0,1499,1499.0
ORD-20260831-0094,2026-08-31,2026-08-31 16:07:00,SKU-1003,Notebook Set,Stationery,North,249,1,0.0,249,249.0
ORD-20260831-0095,2026-08-31,2026-08-31 09:20:00,SKU-1006,Yoga Mat,Fitness,North,599,1,10.0,599,539.1
ORD-20260831-0096,2026-08-31,2026-08-31 10:44:00,SKU-1007,Water Bottle,Fitness,East,349,1,5.0,349,331.55
ORD-20260831-0097,2026-08-31,2026-08-31 21:53:00,SKU-1001,Wireless Mouse,Electronics,Unknown,799,1,0.0,799,799.0
ORD-20260831-0098,2026-08-31,2026-08-31 06:36:00,SKU-1007,Water Bottle,Fitness,Unknown,349,2,0.0,698,698.0
ORD-20260831-0099,2026-08-31,2026-08-31 06:55:00,SKU-1007,Water Bottle,Fitness,East,349,1,10.0,349,314.1
ORD-20260831-0100,2026-08-31,2026-08-31 18:55:00,SKU-1005,LED Desk Lamp,Furniture,Unknown,899,2,0.0,1798,1798.0
ORD-20260831-0101,2026-08-31,2026-08-31 03:02:00,SKU-1010,USB-C Cable,Electronics,North,199,1,5.0,199,189.05
ORD-20260831-0102,2026-08-31,2026-08-31 07:10:00,SKU-1008,Backpack,Accessories,North,1499,1,0.0,1499,1499.0
ORD-20260901-0000,2026-09-01,2026-09-01 14:25:00,SKU-1007,Water Bottle,Fitness,Unknown,349,1,0.0,349,349.0
ORD-20260901-0001,2026-09-01,2026-09-01 22:46:00,SKU-1006,Yoga Mat,Fitness,Unknown,599,1,0.0,599,599.0
ORD-20260901-0002,2026-09-01,2026-09-01 08:19:00,SKU-1003,Notebook Set,Stationery,North,249,3,0.0,747,747.0
ORD-20260901-0003,2026-09-01,2026-09-01 04:46:00,SKU-1003,Notebook Set,Stationery,South,249,1,5.0,249,236.55
ORD-20260901-0004,2026-09-01,2026-09-01 23:57:00,SKU-1007,Water Bottle,Fitness,South,349,2,0.0,698,698.0
ORD-20260901-0005,2026-09-01,2026-09-01 15:06:00,SKU-1009,Phone Case,Accessories,Central,299,1,0.0,299,299.0
ORD-20260901-0006,2026-09-01,2026-09-01 09:48:00,SKU-1001,Wireless Mouse,Electronics,Unknown,799,2,0.0,1598,1598.0
ORD-20260901-0007,2026-09-01,2026-09-01 23:30:00,SKU-1003,Notebook Set,Stationery,North,249,1,15.0,249,211.65
ORD-20260901-0008,2026-09-01,2026-09-01 01:23:00,SKU-1006,Yoga Mat,Fitness,South,599,4,5.0,2396,2276.2
ORD-20260901-0009,2026-09-01,2026-09-01 17:29:00,SKU-1009,Phone Case,Accessories,North,299,1,15.0,299,254.15
ORD-20260901-0010,2026-09-01,2026-09-01 10:33:00,SKU-1004,Office Chair,Furniture,East,5499,2,0.0,10998,10998.0
ORD-20260901-0011,2026-09-01,2026-09-01 00:29:00,SKU-1005,LED Desk Lamp,Furniture,West,899,1,0.0,899,899.0
ORD-20260901-0012,2026-09-01,2026-09-01 06:59:00,SKU-1004,Office Chair,Furniture,Unknown,5499,1,15.0,5499,4674.15
ORD-20260901-0013,2026-09-01,2026-09-01 12:30:00,SKU-1006,Yoga Mat,Fitness,East,599,2,0.0,1198,1198.0
ORD-20260901-0014,2026-09-01,2026-09-01 23:47:00,SKU-1008,Backpack,Accessories,Unknown,1499,1,0.0,1499,1499.0
ORD-20260901-0015,2026-09-01,2026-09-01 10:46:00,SKU-1001,Wireless Mouse,Electronics,Central,799,1,0.0,799,799.0
ORD-20260901-0016,2026-09-01,2026-09-01 20:35:00,SKU-1005,LED Desk Lamp,Furniture,South,899,1,0.0,899,899.0
ORD-20260901-0017,2026-09-01,2026-09-01 01:29:00,SKU-1006,Yoga Mat,Fitness,Unknown,599,1,10.0,599,539.1
ORD-20260901-0018,2026-09-01,2026-09-01 04:05:00,SKU-1004,Office Chair,Furniture,West,5499,2,0.0,10998,10998.0
ORD-20260901-0019,2026-09-01,2026-09-01 18:46:00,SKU-1009,Phone Case,Accessories,South,299,1,0.0,299,299.0
ORD-20260901-0020,2026-09-01,2026-09-01 13:27:00,SKU-1001,Wireless Mouse,Electronics,North,799,1,0.0,799,799.0
ORD-20260901-0021,2026-09-01,2026-09-01 00:19:00,SKU-1008,Backpack,Accessories,Unknown,1499,2,0.0,2998,2998.0
ORD-20260901-0022,2026-09-01,2026-09-01 03:24:00,SKU-1003,Notebook Set,Stationery,Unknown,249,1,0.0,249,249.0
ORD-20260901-0023,2026-09-01,2026-09-01 23:38:00,SKU-1005,LED Desk Lamp,Furniture,North,899,3,0.0,2697,2697.0
ORD-20260901-0024,2026-09-01,2026-09-01 23:54:00,SKU-1005,LED Desk Lamp,Furniture,South,899,1,0.0,899,899.0
ORD-20260901-0025,2026-09-01,2026-09-01 11:01:00,SKU-1001,Wireless Mouse,Electronics,Unknown,799,1,0.0,799,799.0
ORD-20260901-0026,2026-09-01,2026-09-01 13:52:00,SKU-1008,Backpack,Accessories,South,1499,2,15.0,2998,2548.3
ORD-20260901-0027,2026-09-01,2026-09-01 16:23:00,SKU-1008,Backpack,Accessories,Central,1499,1,0.0,1499,1499.0
ORD-20260901-0028,2026-09-01,2026-09-01 05:56:00,SKU-1005,LED Desk Lamp,Furniture,North,899,1,5.0,899,854.05
ORD-20260901-0029,2026-09-01,2026-09-01 02:48:00,SKU-1007,Water Bottle,Fitness,South,349,2,0.0,698,698.0
ORD-20260901-0030,2026-09-01,2026-09-01 08:47:00,SKU-1005,LED Desk Lamp,Furniture,Central,899,1,15.0,899,764.15
ORD-20260901-0031,2026-09-01,2026-09-01 20:36:00,SKU-1009,Phone Case,Accessories,North,299,1,5.0,299,284.05
ORD-20260901-0032,2026-09-01,2026-09-01 11:07:00,SKU-1006,Yoga Mat,Fitness,West,599,1,10.0,599,539.1
ORD-20260901-0033,2026-09-01,2026-09-01 16:53:00,SKU-1003,Notebook Set,Stationery,South,249,1,0.0,249,249.0
ORD-20260901-0034,2026-09-01,2026-09-01 10:12:00,SKU-1008,Backpack,Accessories,South,1499,1,5.0,1499,1424.05
ORD-20260901-0035,2026-09-01,2026-09-01 19:03:00,SKU-1009,Phone Case,Accessories,Unknown,299,1,15.0,299,254.15
ORD-20260901-0036,2026-09-01,2026-09-01 02:39:00,SKU-1007,Water Bottle,Fitness,North,349,3,0.0,1047,1047.0
ORD-20260901-0037,2026-09-01,2026-09-01 23:27:00,SKU-1002,Bluetooth Speaker,Electronics,North,1999,2,15.0,3998,3398.3
ORD-20260901-0038,2026-09-01,2026-09-01 04:42:00,SKU-1008,Backpack,Accessories,Unknown,1499,4,15.0,5996,5096.6
ORD-20260901-0039,2026-09-01,2026-09-01 07:39:00,SKU-1006,Yoga Mat,Fitness,West,599,2,5.0,1198,1138.1
ORD-20260901-0040,2026-09-01,2026-09-01 07:36:00,SKU-1007,Water Bottle,Fitness,South,349,2,0.0,698,698.0
ORD-20260901-0041,2026-09-01,2026-09-01 14:58:00,SKU-1004,Office Chair,Furniture,East,5499,1,10.0,5499,4949.1
ORD-20260901-0042,2026-09-01,2026-09-01 18:16:00,SKU-1009,Phone Case,Accessories,East,299,1,15.0,299,254.15
ORD-20260901-0043,2026-09-01,2026-09-01 01:56:00,SKU-1007,Water Bottle,Fitness,Central,349,4,0.0,1396,1396.0
ORD-20260901-0044,2026-09-01,2026-09-01 12:13:00,SKU-1010,USB-C Cable,Electronics,North,199,3,0.0,597,597.0
ORD-20260901-0045,2026-09-01,2026-09-01 10:48:00,SKU-1003,Notebook Set,Stationery,South,249,1,5.0,249,236.55
ORD-20260901-0046,2026-09-01,2026-09-01 04:29:00,SKU-1003,Notebook Set,Stationery,North,249,1,0.0,249,249.0
ORD-20260901-0047,2026-09-01,2026-09-01 18:19:00,SKU-1006,Yoga Mat,Fitness,Central,599,4,0.0,2396,2396.0
ORD-20260901-0048,2026-09-01,2026-09-01 13:59:00,SKU-1001,Wireless Mouse,Electronics,North,799,1,5.0,799,759.05
ORD-20260901-0049,2026-09-01,2026-09-01 09:43:00,SKU-1001,Wireless Mouse,Electronics,North,799,2,0.0,1598,1598.0
ORD-20260901-0050,2026-09-01,2026-09-01 20:55:00,SKU-1006,Yoga Mat,Fitness,East,599,2,5.0,1198,1138.1
ORD-20260901-0051,2026-09-01,2026-09-01 06:24:00,SKU-1007,Water Bottle,Fitness,South,349,1,0.0,349,349.0
ORD-20260901-0052,2026-09-01,2026-09-01 10:57:00,SKU-1001,Wireless Mouse,Electronics,Unknown,799,1,5.0,799,759.05
ORD-20260901-0053,2026-09-01,2026-09-01 01:26:00,SKU-1008,Backpack,Accessories,North,1499,1,10.0,1499,1349.1
ORD-20260901-0054,2026-09-01,2026-09-01 21:14:00,SKU-1009,Phone Case,Accessories,South,299,2,5.0,598,568.1
ORD-20260901-0055,2026-09-01,2026-09-01 07:24:00,SKU-1004,Office Chair,Furniture,South,5499,2,0.0,10998,10998.0
ORD-20260901-0056,2026-09-01,2026-09-01 04:45:00,SKU-1003,Notebook Set,Stationery,Central,249,4,10.0,996,896.4
ORD-20260901-0057,2026-09-01,2026-09-01 00:31:00,SKU-1008,Backpack,Accessories,East,1499,1,0.0,1499,1499.0
ORD-20260901-0058,2026-09-01,2026-09-01 07:03:00,SKU-1007,Water Bottle,Fitness,North,349,1,5.0,349,331.55
ORD-20260901-0059,2026-09-01,2026-09-01 23:46:00,SKU-1007,Water Bottle,Fitness,North,349,1,0.0,349,349.0
ORD-20260901-0060,2026-09-01,2026-09-01 09:48:00,SKU-1009,Phone Case,Accessories,Central,299,1,5.0,299,284.05
ORD-20260901-0061,2026-09-01,2026-09-01 07:07:00,SKU-1002,Bluetooth Speaker,Electronics,East,1999,1,10.0,1999,1799.1
ORD-20260901-0062,2026-09-01,2026-09-01 08:03:00,SKU-1002,Bluetooth Speaker,Electronics,Central,1999,2,5.0,3998,3798.1
ORD-20260901-0063,2026-09-01,2026-09-01 09:55:00,SKU-1009,Phone Case,Accessories,North,299,1,0.0,299,299.0
ORD-20260901-0064,2026-09-01,2026-09-01 11:53:00,SKU-1009,Phone Case,Accessories,Central,299,1,0.0,299,299.0
ORD-20260901-0065,2026-09-01,2026-09-01 02:35:00,SKU-1005,LED Desk Lamp,Furniture,South,899,1,0.0,899,899.0
ORD-20260901-0066,2026-09-01,2026-09-01 21:03:00,SKU-1009,Phone Case,Accessories,North,299,2,15.0,598,508.3
ORD-20260901-0067,2026-09-01,2026-09-01 11:07:00,SKU-1006,Yoga Mat,Fitness,Unknown,599,2,0.0,1198,1198.0
ORD-20260901-0068,2026-09-01,2026-09-01 12:29:00,SKU-1002,Bluetooth Speaker,Electronics,South,1999,3,10.0,5997,5397.3
ORD-20260901-0069,2026-09-01,2026-09-01 09:19:00,SKU-1002,Bluetooth Speaker,Electronics,North,1999,2,0.0,3998,3998.0
ORD-20260901-0070,2026-09-01,2026-09-01 00:17:00,SKU-1002,Bluetooth Speaker,Electronics,South,1999,1,0.0,1999,1999.0
ORD-20260901-0071,2026-09-01,2026-09-01 17:55:00,SKU-1001,Wireless Mouse,Electronics,Unknown,799,1,15.0,799,679.15
ORD-20260901-0072,2026-09-01,2026-09-01 09:50:00,SKU-1005,LED Desk Lamp,Furniture,Central,899,1,10.0,899,809.1
ORD-20260901-0073,2026-09-01,2026-09-01 02:01:00,SKU-1005,LED Desk Lamp,Furniture,Central,899,2,10.0,1798,1618.2
ORD-20260901-0074,2026-09-01,2026-09-01 07:03:00,SKU-1004,Office Chair,Furniture,Unknown,5499,1,5.0,5499,5224.05
ORD-20260901-0075,2026-09-01,2026-09-01 12:58:00,SKU-1010,USB-C Cable,Electronics,Unknown,199,4,10.0,796,716.4
ORD-20260901-0076,2026-09-01,2026-09-01 23:22:00,SKU-1003,Notebook Set,Stationery,East,249,2,5.0,498,473.1
ORD-20260901-0077,2026-09-01,2026-09-01 13:46:00,SKU-1008,Backpack,Accessories,South,1499,2,0.0,2998,2998.0
ORD-20260901-0078,2026-09-01,2026-09-01 11:38:00,SKU-1010,USB-C Cable,Electronics,Central,199,1,0.0,199,199.0
ORD-20260901-0079,2026-09-01,2026-09-01 14:55:00,SKU-1010,USB-C Cable,Electronics,Unknown,199,1,0.0,199,199.0
ORD-20260901-0080,2026-09-01,2026-09-01 05:17:00,SKU-1007,Water Bottle,Fitness,West,349,1,0.0,349,349.0
ORD-20260901-0081,2026-09-01,2026-09-01 13:54:00,SKU-1004,Office Chair,Furniture,South,5499,1,0.0,5499,5499.0
ORD-20260901-0082,2026-09-01,2026-09-01 17:44:00,SKU-1008,Backpack,Accessories,East,1499,1,10.0,1499,1349.1
ORD-20260901-0083,2026-09-01,2026-09-01 11:38:00,SKU-1006,Yoga Mat,Fitness,West,599,3,0.0,1797,1797.0
ORD-20260901-0084,2026-09-01,2026-09-01 17:34:00,SKU-1003,Notebook Set,Stationery,South,249,1,5.0,249,236.55
ORD-20260901-0085,2026-09-01,2026-09-01 05:32:00,SKU-1009,Phone Case,Accessories,West,299,1,0.0,299,299.0
ORD-20260901-0086,2026-09-01,2026-09-01 04:46:00,SKU-1010,USB-C Cable,Electronics,South,199,1,10.0,199,179.1
ORD-20260901-0087,2026-09-01,2026-09-01 06:25:00,SKU-1009,Phone Case,Accessories,South,299,1,0.0,299,299.0
ORD-20260901-0088,2026-09-01,2026-09-01 00:49:00,SKU-1003,Notebook Set,Stationery,North,249,1,0.0,249,249.0
ORD-20260901-0089,2026-09-01,2026-09-01 08:44:00,SKU-1001,Wireless Mouse,Electronics,North,799,1,5.0,799,759.05
ORD-20260901-0090,2026-09-01,2026-09-01 14:23:00,SKU-1002,Bluetooth Speaker,Electronics,South,1999,2,15.0,3998,3398.3
ORD-20260901-0091,2026-09-01,2026-09-01 19:32:00,SKU-1008,Backpack,Accessories,Unknown,1499,2,0.0,2998,2998.0
ORD-20260901-0092,2026-09-01,2026-09-01 09:02:00,SKU-1004,Office Chair,Furniture,Unknown,5499,1,15.0,5499,4674.15
ORD-20260901-0093,2026-09-01,2026-09-01 04:21:00,SKU-1007,Water Bottle,Fitness,Central,349,1,0.0,349,349.0
ORD-20260901-0094,2026-09-01,2026-09-01 20:33:00,SKU-1008,Backpack,Accessories,Central,1499,2,5.0,2998,2848.1
ORD-20260901-0095,2026-09-01,2026-09-01 19:46:00,SKU-1001,Wireless Mouse,Electronics,East,799,2,10.0,1598,1438.2
ORD-20260901-0096,2026-09-01,2026-09-01 18:41:00,SKU-1001,Wireless Mouse,Electronics,East,799,1,15.0,799,679.15
ORD-20260901-0097,2026-09-01,2026-09-01 08:07:00,SKU-1007,Water Bottle,Fitness,Central,349,3,0.0,1047,1047.0
ORD-20260901-0098,2026-09-01,2026-09-01 08:25:00,SKU-1006,Yoga Mat,Fitness,East,599,2,0.0,1198,1198.0
ORD-20260901-0099,2026-09-01,2026-09-01 11:26:00,SKU-1004,Office Chair,Furniture,East,5499,1,5.0,5499,5224.05
ORD-20260901-0100,2026-09-01,2026-09-01 08:06:00,SKU-1001,Wireless Mouse,Electronics,West,799,1,0.0,799,799.0
ORD-20260901-0101,2026-09-01,2026-09-01 00:42:00,SKU-1010,USB-C Cable,Electronics,South,199,3,5.0,597,567.15
ORD-20260901-0102,2026-09-01,2026-09-01 18:45:00,SKU-1008,Backpack,Accessories,North,1499,1,0.0,1499,1499.0
ORD-20260902-0000,2026-09-02,2026-09-02 15:24:00,SKU-1005,LED Desk Lamp,Furniture,East,899,1,0.0,899,899.0
ORD-20260902-0001,2026-09-02,2026-09-02 06:02:00,SKU-1004,Office Chair,Furniture,West,5499,1,0.0,5499,5499.0
ORD-20260902-0002,2026-09-02,2026-09-02 07:56:00,SKU-1009,Phone Case,Accessories,East,299,3,15.0,897,762.45
ORD-20260902-0003,2026-09-02,2026-09-02 06:19:00,SKU-1004,Office Chair,Furniture,Unknown,5499,1,0.0,5499,5499.0
ORD-20260902-0004,2026-09-02,2026-09-02 16:59:00,SKU-1002,Bluetooth Speaker,Electronics,Unknown,1999,2,5.0,3998,3798.1
ORD-20260902-0005,2026-09-02,2026-09-02 09:13:00,SKU-1002,Bluetooth Speaker,Electronics,South,1999,1,0.0,1999,1999.0
ORD-20260902-0006,2026-09-02,2026-09-02 13:08:00,SKU-1010,USB-C Cable,Electronics,Central,199,1,15.0,199,169.15
ORD-20260902-0007,2026-09-02,2026-09-02 08:39:00,SKU-1001,Wireless Mouse,Electronics,West,799,1,0.0,799,799.0
ORD-20260902-0008,2026-09-02,2026-09-02 04:25:00,SKU-1005,LED Desk Lamp,Furniture,South,899,2,0.0,1798,1798.0
ORD-20260902-0009,2026-09-02,2026-09-02 11:36:00,SKU-1008,Backpack,Accessories,West,1499,1,0.0,1499,1499.0
ORD-20260902-0010,2026-09-02,2026-09-02 10:43:00,SKU-1003,Notebook Set,Stationery,West,249,1,0.0,249,249.0
ORD-20260902-0011,2026-09-02,2026-09-02 10:38:00,SKU-1008,Backpack,Accessories,Unknown,1499,4,10.0,5996,5396.4
ORD-20260902-0012,2026-09-02,2026-09-02 08:32:00,SKU-1007,Water Bottle,Fitness,East,349,1,5.0,349,331.55
ORD-20260902-0013,2026-09-02,2026-09-02 20:22:00,SKU-1006,Yoga Mat,Fitness,East,599,3,0.0,1797,1797.0
ORD-20260902-0014,2026-09-02,2026-09-02 13:32:00,SKU-1007,Water Bottle,Fitness,South,349,1,15.0,349,296.65
ORD-20260902-0015,2026-09-02,2026-09-02 06:59:00,SKU-1003,Notebook Set,Stationery,South,249,4,0.0,996,996.0
ORD-20260902-0016,2026-09-02,2026-09-02 14:28:00,SKU-1008,Backpack,Accessories,West,1499,1,5.0,1499,1424.05
ORD-20260902-0017,2026-09-02,2026-09-02 14:22:00,SKU-1002,Bluetooth Speaker,Electronics,North,1999,2,10.0,3998,3598.2
ORD-20260902-0018,2026-09-02,2026-09-02 12:21:00,SKU-1009,Phone Case,Accessories,South,299,2,0.0,598,598.0
ORD-20260902-0019,2026-09-02,2026-09-02 19:32:00,SKU-1001,Wireless Mouse,Electronics,North,799,2,5.0,1598,1518.1
ORD-20260902-0020,2026-09-02,2026-09-02 08:27:00,SKU-1009,Phone Case,Accessories,West,299,1,0.0,299,299.0
ORD-20260902-0021,2026-09-02,2026-09-02 03:46:00,SKU-1005,LED Desk Lamp,Furniture,Unknown,899,2,0.0,1798,1798.0
ORD-20260902-0022,2026-09-02,2026-09-02 13:57:00,SKU-1001,Wireless Mouse,Electronics,South,799,2,0.0,1598,1598.0
ORD-20260902-0023,2026-09-02,2026-09-02 03:31:00,SKU-1004,Office Chair,Furniture,Unknown,5499,3,5.0,16497,15672.15
ORD-20260902-0024,2026-09-02,2026-09-02 19:10:00,SKU-1002,Bluetooth Speaker,Electronics,Unknown,1999,1,15.0,1999,1699.15
ORD-20260902-0025,2026-09-02,2026-09-02 23:27:00,SKU-1009,Phone Case,Accessories,Unknown,299,2,5.0,598,568.1
ORD-20260902-0026,2026-09-02,2026-09-02 10:24:00,SKU-1001,Wireless Mouse,Electronics,Central,799,1,15.0,799,679.15
ORD-20260902-0027,2026-09-02,2026-09-02 10:07:00,SKU-1006,Yoga Mat,Fitness,Central,599,2,0.0,1198,1198.0
ORD-20260902-0028,2026-09-02,2026-09-02 22:34:00,SKU-1010,USB-C Cable,Electronics,Unknown,199,2,0.0,398,398.0
ORD-20260902-0029,2026-09-02,2026-09-02 13:10:00,SKU-1005,LED Desk Lamp,Furniture,North,899,2,10.0,1798,1618.2
ORD-20260902-0030,2026-09-02,2026-09-02 02:54:00,SKU-1009,Phone Case,Accessories,South,299,2,0.0,598,598.0
ORD-20260902-0031,2026-09-02,2026-09-02 05:08:00,SKU-1010,USB-C Cable,Electronics,Unknown,199,1,0.0,199,199.0
ORD-20260902-0032,2026-09-02,2026-09-02 06:56:00,SKU-1009,Phone Case,Accessories,East,299,1,0.0,299,299.0
ORD-20260902-0033,2026-09-02,2026-09-02 09:55:00,SKU-1005,LED Desk Lamp,Furniture,North,899,1,15.0,899,764.15
ORD-20260902-0034,2026-09-02,2026-09-02 07:56:00,SKU-1009,Phone Case,Accessories,Unknown,299,4,0.0,1196,1196.0
ORD-20260902-0035,2026-09-02,2026-09-02 10:38:00,SKU-1003,Notebook Set,Stationery,South,249,1,0.0,249,249.0
ORD-20260902-0036,2026-09-02,2026-09-02 08:44:00,SKU-1004,Office Chair,Furniture,South,5499,1,0.0,5499,5499.0
ORD-20260902-0037,2026-09-02,2026-09-02 09:47:00,SKU-1008,Backpack,Accessories,North,1499,1,0.0,1499,1499.0
ORD-20260902-0038,2026-09-02,2026-09-02 09:26:00,SKU-1010,USB-C Cable,Electronics,South,199,1,0.0,199,199.0
ORD-20260902-0039,2026-09-02,2026-09-02 15:20:00,SKU-1010,USB-C Cable,Electronics,Unknown,199,2,15.0,398,338.3
ORD-20260902-0040,2026-09-02,2026-09-02 16:00:00,SKU-1001,Wireless Mouse,Electronics,South,799,1,10.0,799,719.1
ORD-20260902-0041,2026-09-02,2026-09-02 21:23:00,SKU-1002,Bluetooth Speaker,Electronics,South,1999,1,10.0,1999,1799.1
ORD-20260902-0042,2026-09-02,2026-09-02 06:19:00,SKU-1002,Bluetooth Speaker,Electronics,Unknown,1999,1,15.0,1999,1699.15
ORD-20260902-0043,2026-09-02,2026-09-02 17:28:00,SKU-1003,Notebook Set,Stationery,South,249,1,10.0,249,224.1
ORD-20260902-0044,2026-09-02,2026-09-02 06:09:00,SKU-1009,Phone Case,Accessories,East,299,2,0.0,598,598.0
ORD-20260902-0045,2026-09-02,2026-09-02 11:11:00,SKU-1006,Yoga Mat,Fitness,South,599,3,15.0,1797,1527.45
ORD-20260902-0046,2026-09-02,2026-09-02 05:31:00,SKU-1008,Backpack,Accessories,South,1499,1,0.0,1499,1499.0
